(2, 2, 4, 3)
(3, 3, 4, 3)
(2, 2, 5, 15)
(3, 3, 5, 10)
(4, 4, 5, 12)
(2, 2, 6, 90)
(3, 3, 6, 90)
(4, 4, 6, 60)
(5, 5, 6, 60)
(2, 2, 7, 630)
(3, 3, 7, 630)
(4, 4, 7, 210)
(5, 5, 7, 210)
(6, 6, 7, 360)
(2, 2, 8, 5040)
(3, 3, 8, 5040)
(4, 4, 8, 5040)
(5, 5, 8, 3360)
(6, 6, 8, 2520)
(7, 7, 8, 2520)
(2, 2, 9, 45360)
(3, 3, 9, 45360)
(4, 4, 9, 45360)
(5, 5, 9, 15120)
(6, 6, 9, 30240)
(7, 7, 9, 9072)
(8, 8, 9, 20160)
(2, 2, 10, 453600)
(3, 3, 10, 453600)
(4, 4, 10, 453600)
(5, 5, 10, 453600)
(6, 6, 10, 151200)
(7, 7, 10, 151200)
(8, 8, 10, 181440)
(9, 9, 10, 181440)
(2, 2, 11, 4989600)
(3, 3, 11, 4989600)
(4, 4, 11, 4989600)
(5, 5, 11, 4989600)
(6, 6, 11, 1663200)
(7, 7, 11, 3326400)
(8, 8, 11, 831600)
(9, 9, 11, 665280)
(10, 10, 11, 1814400)
(2, 2, 12, 59875200)
(3, 3, 12, 59875200)
(4, 4, 12, 59875200)
(5, 5, 12, 59875200)
(6, 6, 12, 59875200)
(7, 7, 12, 19958400)
(8, 8, 12, 39916800)
(9, 9, 12, 29937600)
(10, 10, 12, 19958400)
(11, 11, 12, 19958400)
(2, 2, 13, 778377600)
(3, 3, 13, 778377600)
(4, 4, 13, 778377600)
(5, 5, 13, 778377600)
(6, 6, 13, 778377600)
(7, 7, 13, 259459200)
(8, 8, 13, 259459200)
(9, 9, 13, 259459200)
(10, 10, 13, 77837760)
(11, 11, 13, 74131200)
(12, 12, 13, 239500800)
(2, 2, 14, 10897286400)
(3, 3, 14, 10897286400)
(4, 4, 14, 10897286400)
(5, 5, 14, 10897286400)
(6, 6, 14, 10897286400)
(7, 7, 14, 10897286400)
(8, 8, 14, 3632428800)
(9, 9, 14, 7264857600)
(10, 10, 14, 1816214400)
(11, 11, 14, 2179457280)
(12, 12, 14, 3113510400)
(13, 13, 14, 3113510400)
(2, 2, 15, 163459296000)
(3, 3, 15, 163459296000)
(4, 4, 15, 163459296000)
(5, 5, 15, 163459296000)
(6, 6, 15, 163459296000)
(7, 7, 15, 163459296000)
(8, 8, 15, 54486432000)
(9, 9, 15, 54486432000)
(10, 10, 15, 108972864000)
(11, 11, 15, 27243216000)
(12, 12, 15, 65383718400)
(13, 13, 15, 11675664000)
(14, 14, 15, 43589145600)
(2, 2, 16, 2615348736000)
(3, 3, 16, 2615348736000)
(4, 4, 16, 2615348736000)
(5, 5, 16, 2615348736000)
(6, 6, 16, 2615348736000)
(7, 7, 16, 2615348736000)
(8, 8, 16, 2615348736000)
(9, 9, 16, 871782912000)
(10, 10, 16, 871782912000)
(11, 11, 16, 871782912000)
(12, 12, 16, 1307674368000)
(13, 13, 16, 348713164800)
(14, 14, 16, 653837184000)
(15, 15, 16, 653837184000)
(2, 2, 17, 44460928512000)
(3, 3, 17, 44460928512000)
(4, 4, 17, 44460928512000)
(5, 5, 17, 44460928512000)
(6, 6, 17, 44460928512000)
(7, 7, 17, 44460928512000)
(8, 8, 17, 44460928512000)
(9, 9, 17, 14820309504000)
(10, 10, 17, 14820309504000)
(11, 11, 17, 29640619008000)
(12, 12, 17, 7410154752000)
(13, 13, 17, 4446092851200)
(14, 14, 17, 2964061900800)
(15, 15, 17, 2470051584000)
(16, 16, 17, 10461394944000)
(2, 2, 18, 800296713216000)
(3, 3, 18, 800296713216000)
(4, 4, 18, 800296713216000)
(5, 5, 18, 800296713216000)
(6, 6, 18, 800296713216000)
(7, 7, 18, 800296713216000)
(8, 8, 18, 800296713216000)
(9, 9, 18, 800296713216000)
(10, 10, 18, 266765571072000)
(11, 11, 18, 266765571072000)
(12, 12, 18, 533531142144000)
(13, 13, 18, 133382785536000)
(14, 14, 18, 80029671321600)
(15, 15, 18, 266765571072000)
(16, 16, 18, 177843714048000)
(17, 17, 18, 177843714048000)
(2, 2, 19, 15205637551104000)
(3, 3, 19, 15205637551104000)
(4, 4, 19, 15205637551104000)
(5, 5, 19, 15205637551104000)
(6, 6, 19, 15205637551104000)
(7, 7, 19, 15205637551104000)
(8, 8, 19, 15205637551104000)
(9, 9, 19, 15205637551104000)
(10, 10, 19, 5068545850368000)
(11, 11, 19, 5068545850368000)
(12, 12, 19, 5068545850368000)
(13, 13, 19, 5068545850368000)
(14, 14, 19, 2534272925184000)
(15, 15, 19, 3041127510220800)
(16, 16, 19, 724077978624000)
(17, 17, 19, 675806113382400)
(18, 18, 19, 3201186852864000)
(2, 2, 20, 304112751022080000)
(3, 3, 20, 304112751022080000)
(4, 4, 20, 304112751022080000)
(5, 5, 20, 304112751022080000)
(6, 6, 20, 304112751022080000)
(7, 7, 20, 304112751022080000)
(8, 8, 20, 304112751022080000)
(9, 9, 20, 304112751022080000)
(10, 10, 20, 304112751022080000)
(11, 11, 20, 101370917007360000)
(12, 12, 20, 101370917007360000)
(13, 13, 20, 202741834014720000)
(14, 14, 20, 50685458503680000)
(15, 15, 20, 152056375511040000)
(16, 16, 20, 121645100408832000)
(17, 17, 20, 28963119144960000)
(18, 18, 20, 60822550204416000)
(19, 19, 20, 60822550204416000)
(2, 2, 21, 6386367771463680000)
(3, 3, 21, 6386367771463680000)
(4, 4, 21, 6386367771463680000)
(5, 5, 21, 6386367771463680000)
(6, 6, 21, 6386367771463680000)
(7, 7, 21, 6386367771463680000)
(8, 8, 21, 6386367771463680000)
(9, 9, 21, 6386367771463680000)
(10, 10, 21, 6386367771463680000)
(11, 11, 21, 2128789257154560000)
(12, 12, 21, 2128789257154560000)
(13, 13, 21, 2128789257154560000)
(14, 14, 21, 4257578514309120000)
(15, 15, 21, 1064394628577280000)
(16, 16, 21, 638636777146368000)
(17, 17, 21, 851515702861824000)
(18, 18, 21, 1824676506132480000)
(19, 19, 21, 232231555325952000)
(20, 20, 21, 1216451004088320000)
(2, 2, 22, 140500090972200960000)
(3, 3, 22, 140500090972200960000)
(4, 4, 22, 140500090972200960000)
(5, 5, 22, 140500090972200960000)
(6, 6, 22, 140500090972200960000)
(7, 7, 22, 140500090972200960000)
(8, 8, 22, 140500090972200960000)
(9, 9, 22, 140500090972200960000)
(10, 10, 22, 140500090972200960000)
(11, 11, 22, 140500090972200960000)
(12, 12, 22, 46833363657400320000)
(13, 13, 22, 46833363657400320000)
(14, 14, 22, 46833363657400320000)
(15, 15, 22, 46833363657400320000)
(16, 16, 22, 23416681828700160000)
(17, 17, 22, 14050009097220096000)
(18, 18, 22, 9366672731480064000)
(19, 19, 22, 10035720783728640000)
(20, 20, 22, 25545471085854720000)
(21, 21, 22, 25545471085854720000)
(2, 2, 23, 3231502092360622080000)
(3, 3, 23, 3231502092360622080000)
(4, 4, 23, 3231502092360622080000)
(5, 5, 23, 3231502092360622080000)
(6, 6, 23, 3231502092360622080000)
(7, 7, 23, 3231502092360622080000)
(8, 8, 23, 3231502092360622080000)
(9, 9, 23, 3231502092360622080000)
(10, 10, 23, 3231502092360622080000)
(11, 11, 23, 3231502092360622080000)
(12, 12, 23, 1077167364120207360000)
(13, 13, 23, 1077167364120207360000)
(14, 14, 23, 1077167364120207360000)
(15, 15, 23, 2154334728240414720000)
(16, 16, 23, 538583682060103680000)
(17, 17, 23, 538583682060103680000)
(18, 18, 23, 323150209236062208000)
(19, 19, 23, 215433472824041472000)
(20, 20, 23, 115410789012879360000)
(21, 21, 23, 97924305829109760000)
(22, 22, 23, 562000363888803840000)
(2, 2, 24, 77556050216654929920000)
(3, 3, 24, 77556050216654929920000)
(4, 4, 24, 77556050216654929920000)
(5, 5, 24, 77556050216654929920000)
(6, 6, 24, 77556050216654929920000)
(7, 7, 24, 77556050216654929920000)
(8, 8, 24, 77556050216654929920000)
(9, 9, 24, 77556050216654929920000)
(10, 10, 24, 77556050216654929920000)
(11, 11, 24, 77556050216654929920000)
(12, 12, 24, 77556050216654929920000)
(13, 13, 24, 25852016738884976640000)
(14, 14, 24, 25852016738884976640000)
(15, 15, 24, 25852016738884976640000)
(16, 16, 24, 51704033477769953280000)
(17, 17, 24, 12926008369442488320000)
(18, 18, 24, 38778025108327464960000)
(19, 19, 24, 15511210043330985984000)
(20, 20, 24, 25852016738884976640000)
(21, 21, 24, 19389012554163732480000)
(22, 22, 24, 12926008369442488320000)
(23, 23, 24, 12926008369442488320000)
(2, 2, 25, 1938901255416373248000000)
(3, 3, 25, 1938901255416373248000000)
(4, 4, 25, 1938901255416373248000000)
(5, 5, 25, 1938901255416373248000000)
(6, 6, 25, 1938901255416373248000000)
(7, 7, 25, 1938901255416373248000000)
(8, 8, 25, 1938901255416373248000000)
(9, 9, 25, 1938901255416373248000000)
(10, 10, 25, 1938901255416373248000000)
(11, 11, 25, 1938901255416373248000000)
(12, 12, 25, 1938901255416373248000000)
(13, 13, 25, 646300418472124416000000)
(14, 14, 25, 646300418472124416000000)
(15, 15, 25, 646300418472124416000000)
(16, 16, 25, 646300418472124416000000)
(17, 17, 25, 646300418472124416000000)
(18, 18, 25, 323150209236062208000000)
(19, 19, 25, 193890125541637324800000)
(20, 20, 25, 775560502166549299200000)
(21, 21, 25, 92328631210303488000000)
(22, 22, 25, 53858368206010368000000)
(23, 23, 25, 49715416805548032000000)
(24, 24, 25, 310224200866619719680000)
(2, 2, 26, 50411432640825704448000000)
(3, 3, 26, 50411432640825704448000000)
(4, 4, 26, 50411432640825704448000000)
(5, 5, 26, 50411432640825704448000000)
(6, 6, 26, 50411432640825704448000000)
(7, 7, 26, 50411432640825704448000000)
(8, 8, 26, 50411432640825704448000000)
(9, 9, 26, 50411432640825704448000000)
(10, 10, 26, 50411432640825704448000000)
(11, 11, 26, 50411432640825704448000000)
(12, 12, 26, 50411432640825704448000000)
(13, 13, 26, 50411432640825704448000000)
(14, 14, 26, 16803810880275234816000000)
(15, 15, 26, 16803810880275234816000000)
(16, 16, 26, 16803810880275234816000000)
(17, 17, 26, 33607621760550469632000000)
(18, 18, 26, 8401905440137617408000000)
(19, 19, 26, 8401905440137617408000000)
(20, 20, 26, 5041143264082570444800000)
(21, 21, 26, 6721524352110093926400000)
(22, 22, 26, 2400544411467890688000000)
(23, 23, 26, 2800635146712539136000000)
(24, 24, 26, 7755605021665492992000000)
(25, 25, 26, 7755605021665492992000000)
(2, 2, 27, 1361108681302294020096000000)
(3, 3, 27, 1361108681302294020096000000)
(4, 4, 27, 1361108681302294020096000000)
(5, 5, 27, 1361108681302294020096000000)
(6, 6, 27, 1361108681302294020096000000)
(7, 7, 27, 1361108681302294020096000000)
(8, 8, 27, 1361108681302294020096000000)
(9, 9, 27, 1361108681302294020096000000)
(10, 10, 27, 1361108681302294020096000000)
(11, 11, 27, 1361108681302294020096000000)
(12, 12, 27, 1361108681302294020096000000)
(13, 13, 27, 1361108681302294020096000000)
(14, 14, 27, 453702893767431340032000000)
(15, 15, 27, 453702893767431340032000000)
(16, 16, 27, 453702893767431340032000000)
(17, 17, 27, 453702893767431340032000000)
(18, 18, 27, 907405787534862680064000000)
(19, 19, 27, 226851446883715670016000000)
(20, 20, 27, 226851446883715670016000000)
(21, 21, 27, 136110868130229402009600000)
(22, 22, 27, 90740578753486268006400000)
(23, 23, 27, 129629398219266097152000000)
(24, 24, 27, 302468595844954226688000000)
(25, 25, 27, 29914476512138330112000000)
(26, 26, 27, 201645730563302817792000000)
(2, 2, 28, 38111043076464232562688000000)
(3, 3, 28, 38111043076464232562688000000)
(4, 4, 28, 38111043076464232562688000000)
(5, 5, 28, 38111043076464232562688000000)
(6, 6, 28, 38111043076464232562688000000)
(7, 7, 28, 38111043076464232562688000000)
(8, 8, 28, 38111043076464232562688000000)
(9, 9, 28, 38111043076464232562688000000)
(10, 10, 28, 38111043076464232562688000000)
(11, 11, 28, 38111043076464232562688000000)
(12, 12, 28, 38111043076464232562688000000)
(13, 13, 28, 38111043076464232562688000000)
(14, 14, 28, 38111043076464232562688000000)
(15, 15, 28, 12703681025488077520896000000)
(16, 16, 28, 12703681025488077520896000000)
(17, 17, 28, 12703681025488077520896000000)
(18, 18, 28, 12703681025488077520896000000)
(19, 19, 28, 12703681025488077520896000000)
(20, 20, 28, 6351840512744038760448000000)
(21, 21, 28, 19055521538232116281344000000)
(22, 22, 28, 3811104307646423256268800000)
(23, 23, 28, 2540736205097615504179200000)
(24, 24, 28, 10888869450418352160768000000)
(25, 25, 28, 1693824136731743669452800000)
(26, 26, 28, 5444434725209176080384000000)
(27, 27, 28, 5444434725209176080384000000)
(2, 2, 29, 1105220249217462744317952000000)
(3, 3, 29, 1105220249217462744317952000000)
(4, 4, 29, 1105220249217462744317952000000)
(5, 5, 29, 1105220249217462744317952000000)
(6, 6, 29, 1105220249217462744317952000000)
(7, 7, 29, 1105220249217462744317952000000)
(8, 8, 29, 1105220249217462744317952000000)
(9, 9, 29, 1105220249217462744317952000000)
(10, 10, 29, 1105220249217462744317952000000)
(11, 11, 29, 1105220249217462744317952000000)
(12, 12, 29, 1105220249217462744317952000000)
(13, 13, 29, 1105220249217462744317952000000)
(14, 14, 29, 1105220249217462744317952000000)
(15, 15, 29, 368406749739154248105984000000)
(16, 16, 29, 368406749739154248105984000000)
(17, 17, 29, 368406749739154248105984000000)
(18, 18, 29, 368406749739154248105984000000)
(19, 19, 29, 736813499478308496211968000000)
(20, 20, 29, 184203374869577124052992000000)
(21, 21, 29, 184203374869577124052992000000)
(22, 22, 29, 110522024921746274431795200000)
(23, 23, 29, 221044049843492548863590400000)
(24, 24, 29, 73681349947830849621196800000)
(25, 25, 29, 78944303515533053165568000000)
(26, 26, 29, 24560449982610283207065600000)
(27, 27, 29, 21051814270808814177484800000)
(28, 28, 29, 152444172305856930250752000000)
(2, 2, 30, 33156607476523882329538560000000)
(3, 3, 30, 33156607476523882329538560000000)
(4, 4, 30, 33156607476523882329538560000000)
(5, 5, 30, 33156607476523882329538560000000)
(6, 6, 30, 33156607476523882329538560000000)
(7, 7, 30, 33156607476523882329538560000000)
(8, 8, 30, 33156607476523882329538560000000)
(9, 9, 30, 33156607476523882329538560000000)
(10, 10, 30, 33156607476523882329538560000000)
(11, 11, 30, 33156607476523882329538560000000)
(12, 12, 30, 33156607476523882329538560000000)
(13, 13, 30, 33156607476523882329538560000000)
(14, 14, 30, 33156607476523882329538560000000)
(15, 15, 30, 33156607476523882329538560000000)
(16, 16, 30, 11052202492174627443179520000000)
(17, 17, 30, 11052202492174627443179520000000)
(18, 18, 30, 11052202492174627443179520000000)
(19, 19, 30, 11052202492174627443179520000000)
(20, 20, 30, 22104404984349254886359040000000)
(21, 21, 30, 5526101246087313721589760000000)
(22, 22, 30, 5526101246087313721589760000000)
(23, 23, 30, 3315660747652388232953856000000)
(24, 24, 30, 13262642990609552931815424000000)
(25, 25, 30, 11052202492174627443179520000000)
(26, 26, 30, 1184164552732995797483520000000)
(27, 27, 30, 6631321495304776465907712000000)
(28, 28, 30, 4420880996869850977271808000000)
(29, 29, 30, 4420880996869850977271808000000)
(2, 2, 31, 1027854831772240352215695360000000)
(3, 3, 31, 1027854831772240352215695360000000)
(4, 4, 31, 1027854831772240352215695360000000)
(5, 5, 31, 1027854831772240352215695360000000)
(6, 6, 31, 1027854831772240352215695360000000)
(7, 7, 31, 1027854831772240352215695360000000)
(8, 8, 31, 1027854831772240352215695360000000)
(9, 9, 31, 1027854831772240352215695360000000)
(10, 10, 31, 1027854831772240352215695360000000)
(11, 11, 31, 1027854831772240352215695360000000)
(12, 12, 31, 1027854831772240352215695360000000)
(13, 13, 31, 1027854831772240352215695360000000)
(14, 14, 31, 1027854831772240352215695360000000)
(15, 15, 31, 1027854831772240352215695360000000)
(16, 16, 31, 342618277257413450738565120000000)
(17, 17, 31, 342618277257413450738565120000000)
(18, 18, 31, 342618277257413450738565120000000)
(19, 19, 31, 342618277257413450738565120000000)
(20, 20, 31, 342618277257413450738565120000000)
(21, 21, 31, 342618277257413450738565120000000)
(22, 22, 31, 171309138628706725369282560000000)
(23, 23, 31, 171309138628706725369282560000000)
(24, 24, 31, 102785483177224035221569536000000)
(25, 25, 31, 137047310902965380295426048000000)
(26, 26, 31, 48945468179630492962652160000000)
(27, 27, 31, 36709101134722869721989120000000)
(28, 28, 31, 18688269668586188222103552000000)
(29, 29, 31, 17130913862870672536928256000000)
(30, 30, 31, 132626429906095529318154240000000)
(2, 2, 32, 32891354616711691270902251520000000)
(3, 3, 32, 32891354616711691270902251520000000)
(4, 4, 32, 32891354616711691270902251520000000)
(5, 5, 32, 32891354616711691270902251520000000)
(6, 6, 32, 32891354616711691270902251520000000)
(7, 7, 32, 32891354616711691270902251520000000)
(8, 8, 32, 32891354616711691270902251520000000)
(9, 9, 32, 32891354616711691270902251520000000)
(10, 10, 32, 32891354616711691270902251520000000)
(11, 11, 32, 32891354616711691270902251520000000)
(12, 12, 32, 32891354616711691270902251520000000)
(13, 13, 32, 32891354616711691270902251520000000)
(14, 14, 32, 32891354616711691270902251520000000)
(15, 15, 32, 32891354616711691270902251520000000)
(16, 16, 32, 32891354616711691270902251520000000)
(17, 17, 32, 10963784872237230423634083840000000)
(18, 18, 32, 10963784872237230423634083840000000)
(19, 19, 32, 10963784872237230423634083840000000)
(20, 20, 32, 10963784872237230423634083840000000)
(21, 21, 32, 21927569744474460847268167680000000)
(22, 22, 32, 5481892436118615211817041920000000)
(23, 23, 32, 5481892436118615211817041920000000)
(24, 24, 32, 16445677308355845635451125760000000)
(25, 25, 32, 3289135461671169127090225152000000)
(26, 26, 32, 2192756974447446084726816768000000)
(27, 27, 32, 1566254981748175774804869120000000)
(28, 28, 32, 8222838654177922817725562880000000)
(29, 29, 32, 1196049258789516046214627328000000)
(30, 30, 32, 4111419327088961408862781440000000)
(31, 31, 32, 4111419327088961408862781440000000)
(2, 2, 33, 1085414702351485811939774300160000000)
(3, 3, 33, 1085414702351485811939774300160000000)
(4, 4, 33, 1085414702351485811939774300160000000)
(5, 5, 33, 1085414702351485811939774300160000000)
(6, 6, 33, 1085414702351485811939774300160000000)
(7, 7, 33, 1085414702351485811939774300160000000)
(8, 8, 33, 1085414702351485811939774300160000000)
(9, 9, 33, 1085414702351485811939774300160000000)
(10, 10, 33, 1085414702351485811939774300160000000)
(11, 11, 33, 1085414702351485811939774300160000000)
(12, 12, 33, 1085414702351485811939774300160000000)
(13, 13, 33, 1085414702351485811939774300160000000)
(14, 14, 33, 1085414702351485811939774300160000000)
(15, 15, 33, 1085414702351485811939774300160000000)
(16, 16, 33, 1085414702351485811939774300160000000)
(17, 17, 33, 361804900783828603979924766720000000)
(18, 18, 33, 361804900783828603979924766720000000)
(19, 19, 33, 361804900783828603979924766720000000)
(20, 20, 33, 361804900783828603979924766720000000)
(21, 21, 33, 361804900783828603979924766720000000)
(22, 22, 33, 723609801567657207959849533440000000)
(23, 23, 33, 180902450391914301989962383360000000)
(24, 24, 33, 180902450391914301989962383360000000)
(25, 25, 33, 108541470235148581193977430016000000)
(26, 26, 33, 108541470235148581193977430016000000)
(27, 27, 33, 72360980156765720795984953344000000)
(28, 28, 33, 51686414397689800568560680960000000)
(29, 29, 33, 30150408398652383664993730560000000)
(30, 30, 33, 197348127700270147625413509120000000)
(31, 31, 33, 15961980916933614881467269120000000)
(32, 32, 33, 131565418466846765083609006080000000)
(2, 2, 34, 36904099879950517605952326205440000000)
(3, 3, 34, 36904099879950517605952326205440000000)
(4, 4, 34, 36904099879950517605952326205440000000)
(5, 5, 34, 36904099879950517605952326205440000000)
(6, 6, 34, 36904099879950517605952326205440000000)
(7, 7, 34, 36904099879950517605952326205440000000)
(8, 8, 34, 36904099879950517605952326205440000000)
(9, 9, 34, 36904099879950517605952326205440000000)
(10, 10, 34, 36904099879950517605952326205440000000)
(11, 11, 34, 36904099879950517605952326205440000000)
(12, 12, 34, 36904099879950517605952326205440000000)
(13, 13, 34, 36904099879950517605952326205440000000)
(14, 14, 34, 36904099879950517605952326205440000000)
(15, 15, 34, 36904099879950517605952326205440000000)
(16, 16, 34, 36904099879950517605952326205440000000)
(17, 17, 34, 36904099879950517605952326205440000000)
(18, 18, 34, 12301366626650172535317442068480000000)
(19, 19, 34, 12301366626650172535317442068480000000)
(20, 20, 34, 12301366626650172535317442068480000000)
(21, 21, 34, 12301366626650172535317442068480000000)
(22, 22, 34, 12301366626650172535317442068480000000)
(23, 23, 34, 12301366626650172535317442068480000000)
(24, 24, 34, 6150683313325086267658721034240000000)
(25, 25, 34, 6150683313325086267658721034240000000)
(26, 26, 34, 3690409987995051760595232620544000000)
(27, 27, 34, 7380819975990103521190465241088000000)
(28, 28, 34, 2460273325330034507063488413696000000)
(29, 29, 34, 3514676179042906438662126305280000000)
(30, 30, 34, 1025113885554181044609786839040000000)
(31, 31, 34, 1118306056968197503210676551680000000)
(32, 32, 34, 4341658809405943247759097200640000000)
(33, 33, 34, 4341658809405943247759097200640000000)
(2, 2, 35, 1291643495798268116208331417190400000000)
(3, 3, 35, 1291643495798268116208331417190400000000)
(4, 4, 35, 1291643495798268116208331417190400000000)
(5, 5, 35, 1291643495798268116208331417190400000000)
(6, 6, 35, 1291643495798268116208331417190400000000)
(7, 7, 35, 1291643495798268116208331417190400000000)
(8, 8, 35, 1291643495798268116208331417190400000000)
(9, 9, 35, 1291643495798268116208331417190400000000)
(10, 10, 35, 1291643495798268116208331417190400000000)
(11, 11, 35, 1291643495798268116208331417190400000000)
(12, 12, 35, 1291643495798268116208331417190400000000)
(13, 13, 35, 1291643495798268116208331417190400000000)
(14, 14, 35, 1291643495798268116208331417190400000000)
(15, 15, 35, 1291643495798268116208331417190400000000)
(16, 16, 35, 1291643495798268116208331417190400000000)
(17, 17, 35, 1291643495798268116208331417190400000000)
(18, 18, 35, 430547831932756038736110472396800000000)
(19, 19, 35, 430547831932756038736110472396800000000)
(20, 20, 35, 430547831932756038736110472396800000000)
(21, 21, 35, 430547831932756038736110472396800000000)
(22, 22, 35, 430547831932756038736110472396800000000)
(23, 23, 35, 861095663865512077472220944793600000000)
(24, 24, 35, 215273915966378019368055236198400000000)
(25, 25, 35, 215273915966378019368055236198400000000)
(26, 26, 35, 215273915966378019368055236198400000000)
(27, 27, 35, 129164349579826811620833141719040000000)
(28, 28, 35, 516657398319307246483332566876160000000)
(29, 29, 35, 86109566386551207747222094479360000000)
(30, 30, 35, 369040998799505176059523262054400000000)
(31, 31, 35, 71757971988792673122685078732800000000)
(32, 32, 35, 19570355996943456306186839654400000000)
(33, 33, 35, 16884228703245334852396489113600000000)
(34, 34, 35, 147616399519802070423809304821760000000)
(2, 2, 36, 46499165848737652183499931018854400000000)
(3, 3, 36, 46499165848737652183499931018854400000000)
(4, 4, 36, 46499165848737652183499931018854400000000)
(5, 5, 36, 46499165848737652183499931018854400000000)
(6, 6, 36, 46499165848737652183499931018854400000000)
(7, 7, 36, 46499165848737652183499931018854400000000)
(8, 8, 36, 46499165848737652183499931018854400000000)
(9, 9, 36, 46499165848737652183499931018854400000000)
(10, 10, 36, 46499165848737652183499931018854400000000)
(11, 11, 36, 46499165848737652183499931018854400000000)
(12, 12, 36, 46499165848737652183499931018854400000000)
(13, 13, 36, 46499165848737652183499931018854400000000)
(14, 14, 36, 46499165848737652183499931018854400000000)
(15, 15, 36, 46499165848737652183499931018854400000000)
(16, 16, 36, 46499165848737652183499931018854400000000)
(17, 17, 36, 46499165848737652183499931018854400000000)
(18, 18, 36, 46499165848737652183499931018854400000000)
(19, 19, 36, 15499721949579217394499977006284800000000)
(20, 20, 36, 15499721949579217394499977006284800000000)
(21, 21, 36, 15499721949579217394499977006284800000000)
(22, 22, 36, 15499721949579217394499977006284800000000)
(23, 23, 36, 15499721949579217394499977006284800000000)
(24, 24, 36, 30999443899158434788999954012569600000000)
(25, 25, 36, 7749860974789608697249988503142400000000)
(26, 26, 36, 7749860974789608697249988503142400000000)
(27, 27, 36, 23249582924368826091749965509427200000000)
(28, 28, 36, 4649916584873765218349993101885440000000)
(29, 29, 36, 6199888779831686957799990802513920000000)
(30, 30, 36, 15499721949579217394499977006284800000000)
(31, 31, 36, 3321368989195546584535709358489600000000)
(32, 32, 36, 10333147966386144929666651337523200000000)
(33, 33, 36, 7749860974789608697249988503142400000000)
(34, 34, 36, 5166573983193072464833325668761600000000)
(35, 35, 36, 5166573983193072464833325668761600000000)
(2, 2, 37, 1720469136403293130789497447697612800000000)
(3, 3, 37, 1720469136403293130789497447697612800000000)
(4, 4, 37, 1720469136403293130789497447697612800000000)
(5, 5, 37, 1720469136403293130789497447697612800000000)
(6, 6, 37, 1720469136403293130789497447697612800000000)
(7, 7, 37, 1720469136403293130789497447697612800000000)
(8, 8, 37, 1720469136403293130789497447697612800000000)
(9, 9, 37, 1720469136403293130789497447697612800000000)
(10, 10, 37, 1720469136403293130789497447697612800000000)
(11, 11, 37, 1720469136403293130789497447697612800000000)
(12, 12, 37, 1720469136403293130789497447697612800000000)
(13, 13, 37, 1720469136403293130789497447697612800000000)
(14, 14, 37, 1720469136403293130789497447697612800000000)
(15, 15, 37, 1720469136403293130789497447697612800000000)
(16, 16, 37, 1720469136403293130789497447697612800000000)
(17, 17, 37, 1720469136403293130789497447697612800000000)
(18, 18, 37, 1720469136403293130789497447697612800000000)
(19, 19, 37, 573489712134431043596499149232537600000000)
(20, 20, 37, 573489712134431043596499149232537600000000)
(21, 21, 37, 573489712134431043596499149232537600000000)
(22, 22, 37, 573489712134431043596499149232537600000000)
(23, 23, 37, 573489712134431043596499149232537600000000)
(24, 24, 37, 573489712134431043596499149232537600000000)
(25, 25, 37, 573489712134431043596499149232537600000000)
(26, 26, 37, 286744856067215521798249574616268800000000)
(27, 27, 37, 286744856067215521798249574616268800000000)
(28, 28, 37, 172046913640329313078949744769761280000000)
(29, 29, 37, 172046913640329313078949744769761280000000)
(30, 30, 37, 114697942426886208719299829846507520000000)
(31, 31, 37, 81927101733490149085214164176076800000000)
(32, 32, 37, 61445326300117611813910623132057600000000)
(33, 33, 37, 76465294951257472479533219897671680000000)
(34, 34, 37, 22057296620555040138326890355097600000000)
(35, 35, 37, 20122446039804598020929794709913600000000)
(36, 36, 37, 185996663394950608733999724075417600000000)
(2, 2, 38, 65377827183325138970000903012509286400000000)
(3, 3, 38, 65377827183325138970000903012509286400000000)
(4, 4, 38, 65377827183325138970000903012509286400000000)
(5, 5, 38, 65377827183325138970000903012509286400000000)
(6, 6, 38, 65377827183325138970000903012509286400000000)
(7, 7, 38, 65377827183325138970000903012509286400000000)
(8, 8, 38, 65377827183325138970000903012509286400000000)
(9, 9, 38, 65377827183325138970000903012509286400000000)
(10, 10, 38, 65377827183325138970000903012509286400000000)
(11, 11, 38, 65377827183325138970000903012509286400000000)
(12, 12, 38, 65377827183325138970000903012509286400000000)
(13, 13, 38, 65377827183325138970000903012509286400000000)
(14, 14, 38, 65377827183325138970000903012509286400000000)
(15, 15, 38, 65377827183325138970000903012509286400000000)
(16, 16, 38, 65377827183325138970000903012509286400000000)
(17, 17, 38, 65377827183325138970000903012509286400000000)
(18, 18, 38, 65377827183325138970000903012509286400000000)
(19, 19, 38, 65377827183325138970000903012509286400000000)
(20, 20, 38, 21792609061108379656666967670836428800000000)
(21, 21, 38, 21792609061108379656666967670836428800000000)
(22, 22, 38, 21792609061108379656666967670836428800000000)
(23, 23, 38, 21792609061108379656666967670836428800000000)
(24, 24, 38, 21792609061108379656666967670836428800000000)
(25, 25, 38, 43585218122216759313333935341672857600000000)
(26, 26, 38, 10896304530554189828333483835418214400000000)
(27, 27, 38, 10896304530554189828333483835418214400000000)
(28, 28, 38, 10896304530554189828333483835418214400000000)
(29, 29, 38, 6537782718332513897000090301250928640000000)
(30, 30, 38, 6537782718332513897000090301250928640000000)
(31, 31, 38, 4358521812221675931333393534167285760000000)
(32, 32, 38, 3113229865872625665238138238690918400000000)
(33, 33, 38, 2334922399404469248928603679018188800000000)
(34, 34, 38, 1452840604073891977111131178055761920000000)
(35, 35, 38, 1676354543162183050512843666987417600000000)
(36, 36, 38, 6881876545613172523157989790790451200000000)
(37, 37, 38, 6881876545613172523157989790790451200000000)
(2, 2, 39, 2549735260149680419830035217487862169600000000)
(3, 3, 39, 2549735260149680419830035217487862169600000000)
(4, 4, 39, 2549735260149680419830035217487862169600000000)
(5, 5, 39, 2549735260149680419830035217487862169600000000)
(6, 6, 39, 2549735260149680419830035217487862169600000000)
(7, 7, 39, 2549735260149680419830035217487862169600000000)
(8, 8, 39, 2549735260149680419830035217487862169600000000)
(9, 9, 39, 2549735260149680419830035217487862169600000000)
(10, 10, 39, 2549735260149680419830035217487862169600000000)
(11, 11, 39, 2549735260149680419830035217487862169600000000)
(12, 12, 39, 2549735260149680419830035217487862169600000000)
(13, 13, 39, 2549735260149680419830035217487862169600000000)
(14, 14, 39, 2549735260149680419830035217487862169600000000)
(15, 15, 39, 2549735260149680419830035217487862169600000000)
(16, 16, 39, 2549735260149680419830035217487862169600000000)
(17, 17, 39, 2549735260149680419830035217487862169600000000)
(18, 18, 39, 2549735260149680419830035217487862169600000000)
(19, 19, 39, 2549735260149680419830035217487862169600000000)
(20, 20, 39, 849911753383226806610011739162620723200000000)
(21, 21, 39, 849911753383226806610011739162620723200000000)
(22, 22, 39, 849911753383226806610011739162620723200000000)
(23, 23, 39, 849911753383226806610011739162620723200000000)
(24, 24, 39, 849911753383226806610011739162620723200000000)
(25, 25, 39, 849911753383226806610011739162620723200000000)
(26, 26, 39, 1699823506766453613220023478325241446400000000)
(27, 27, 39, 424955876691613403305005869581310361600000000)
(28, 28, 39, 424955876691613403305005869581310361600000000)
(29, 29, 39, 424955876691613403305005869581310361600000000)
(30, 30, 39, 254973526014968041983003521748786216960000000)
(31, 31, 39, 509947052029936083966007043497572433920000000)
(32, 32, 39, 169982350676645361322002347832524144640000000)
(33, 33, 39, 121415964769032400944287391308945817600000000)
(34, 34, 39, 91061973576774300708215543481709363200000000)
(35, 35, 39, 56660783558881787107334115944174714880000000)
(36, 36, 39, 392266963099950833820005418075055718400000000)
(37, 37, 39, 26839318527891372840316160184082759680000000)
(38, 38, 39, 261511308733300555880003612050037145600000000)
(2, 2, 40, 101989410405987216793201408699514486784000000000)
(3, 3, 40, 101989410405987216793201408699514486784000000000)
(4, 4, 40, 101989410405987216793201408699514486784000000000)
(5, 5, 40, 101989410405987216793201408699514486784000000000)
(6, 6, 40, 101989410405987216793201408699514486784000000000)
(7, 7, 40, 101989410405987216793201408699514486784000000000)
(8, 8, 40, 101989410405987216793201408699514486784000000000)
(9, 9, 40, 101989410405987216793201408699514486784000000000)
(10, 10, 40, 101989410405987216793201408699514486784000000000)
(11, 11, 40, 101989410405987216793201408699514486784000000000)
(12, 12, 40, 101989410405987216793201408699514486784000000000)
(13, 13, 40, 101989410405987216793201408699514486784000000000)
(14, 14, 40, 101989410405987216793201408699514486784000000000)
(15, 15, 40, 101989410405987216793201408699514486784000000000)
(16, 16, 40, 101989410405987216793201408699514486784000000000)
(17, 17, 40, 101989410405987216793201408699514486784000000000)
(18, 18, 40, 101989410405987216793201408699514486784000000000)
(19, 19, 40, 101989410405987216793201408699514486784000000000)
(20, 20, 40, 101989410405987216793201408699514486784000000000)
(21, 21, 40, 33996470135329072264400469566504828928000000000)
(22, 22, 40, 33996470135329072264400469566504828928000000000)
(23, 23, 40, 33996470135329072264400469566504828928000000000)
(24, 24, 40, 33996470135329072264400469566504828928000000000)
(25, 25, 40, 33996470135329072264400469566504828928000000000)
(26, 26, 40, 33996470135329072264400469566504828928000000000)
(27, 27, 40, 33996470135329072264400469566504828928000000000)
(28, 28, 40, 16998235067664536132200234783252414464000000000)
(29, 29, 40, 16998235067664536132200234783252414464000000000)
(30, 30, 40, 50994705202993608396600704349757243392000000000)
(31, 31, 40, 10198941040598721679320140869951448678400000000)
(32, 32, 40, 40795764162394886717280563479805794713600000000)
(33, 33, 40, 6799294027065814452880093913300965785600000000)
(34, 34, 40, 4856638590761296037771495652357832704000000000)
(35, 35, 40, 25497352601496804198300352174878621696000000000)
(36, 36, 40, 20397882081197443358640281739902897356800000000)
(37, 37, 40, 2241525503428290478971459531857461248000000000)
(38, 38, 40, 10198941040598721679320140869951448678400000000)
(39, 39, 40, 10198941040598721679320140869951448678400000000)
(2, 2, 41, 4181565826645475888521257756680093958144000000000)
(3, 3, 41, 4181565826645475888521257756680093958144000000000)
(4, 4, 41, 4181565826645475888521257756680093958144000000000)
(5, 5, 41, 4181565826645475888521257756680093958144000000000)
(6, 6, 41, 4181565826645475888521257756680093958144000000000)
(7, 7, 41, 4181565826645475888521257756680093958144000000000)
(8, 8, 41, 4181565826645475888521257756680093958144000000000)
(9, 9, 41, 4181565826645475888521257756680093958144000000000)
(10, 10, 41, 4181565826645475888521257756680093958144000000000)
(11, 11, 41, 4181565826645475888521257756680093958144000000000)
(12, 12, 41, 4181565826645475888521257756680093958144000000000)
(13, 13, 41, 4181565826645475888521257756680093958144000000000)
(14, 14, 41, 4181565826645475888521257756680093958144000000000)
(15, 15, 41, 4181565826645475888521257756680093958144000000000)
(16, 16, 41, 4181565826645475888521257756680093958144000000000)
(17, 17, 41, 4181565826645475888521257756680093958144000000000)
(18, 18, 41, 4181565826645475888521257756680093958144000000000)
(19, 19, 41, 4181565826645475888521257756680093958144000000000)
(20, 20, 41, 4181565826645475888521257756680093958144000000000)
(21, 21, 41, 1393855275548491962840419252226697986048000000000)
(22, 22, 41, 1393855275548491962840419252226697986048000000000)
(23, 23, 41, 1393855275548491962840419252226697986048000000000)
(24, 24, 41, 1393855275548491962840419252226697986048000000000)
(25, 25, 41, 1393855275548491962840419252226697986048000000000)
(26, 26, 41, 1393855275548491962840419252226697986048000000000)
(27, 27, 41, 2787710551096983925680838504453395972096000000000)
(28, 28, 41, 696927637774245981420209626113348993024000000000)
(29, 29, 41, 696927637774245981420209626113348993024000000000)
(30, 30, 41, 696927637774245981420209626113348993024000000000)
(31, 31, 41, 418156582664547588852125775668009395814400000000)
(32, 32, 41, 418156582664547588852125775668009395814400000000)
(33, 33, 41, 557542110219396785136167700890679194419200000000)
(34, 34, 41, 278771055109698392568083850445339597209600000000)
(35, 35, 41, 398244364442426275097262643493342281728000000000)
(36, 36, 41, 116154606295707663570034937685558165504000000000)
(37, 37, 41, 76028469575372288882204686485092617420800000000)
(38, 38, 41, 45951272820279954818914920403077955584000000000)
(39, 39, 41, 39824436444242627509726264349334228172800000000)
(40, 40, 41, 407957641623948867172805634798057947136000000000)
(2, 2, 42, 175625764719109987317892825780563946242048000000000)
(3, 3, 42, 175625764719109987317892825780563946242048000000000)
(4, 4, 42, 175625764719109987317892825780563946242048000000000)
(5, 5, 42, 175625764719109987317892825780563946242048000000000)
(6, 6, 42, 175625764719109987317892825780563946242048000000000)
(7, 7, 42, 175625764719109987317892825780563946242048000000000)
(8, 8, 42, 175625764719109987317892825780563946242048000000000)
(9, 9, 42, 175625764719109987317892825780563946242048000000000)
(10, 10, 42, 175625764719109987317892825780563946242048000000000)
(11, 11, 42, 175625764719109987317892825780563946242048000000000)
(12, 12, 42, 175625764719109987317892825780563946242048000000000)
(13, 13, 42, 175625764719109987317892825780563946242048000000000)
(14, 14, 42, 175625764719109987317892825780563946242048000000000)
(15, 15, 42, 175625764719109987317892825780563946242048000000000)
(16, 16, 42, 175625764719109987317892825780563946242048000000000)
(17, 17, 42, 175625764719109987317892825780563946242048000000000)
(18, 18, 42, 175625764719109987317892825780563946242048000000000)
(19, 19, 42, 175625764719109987317892825780563946242048000000000)
(20, 20, 42, 175625764719109987317892825780563946242048000000000)
(21, 21, 42, 175625764719109987317892825780563946242048000000000)
(22, 22, 42, 58541921573036662439297608593521315414016000000000)
(23, 23, 42, 58541921573036662439297608593521315414016000000000)
(24, 24, 42, 58541921573036662439297608593521315414016000000000)
(25, 25, 42, 58541921573036662439297608593521315414016000000000)
(26, 26, 42, 58541921573036662439297608593521315414016000000000)
(27, 27, 42, 58541921573036662439297608593521315414016000000000)
(28, 28, 42, 117083843146073324878595217187042630828032000000000)
(29, 29, 42, 29270960786518331219648804296760657707008000000000)
(30, 30, 42, 29270960786518331219648804296760657707008000000000)
(31, 31, 42, 29270960786518331219648804296760657707008000000000)
(32, 32, 42, 17562576471910998731789282578056394624204800000000)
(33, 33, 42, 17562576471910998731789282578056394624204800000000)
(34, 34, 42, 11708384314607332487859521718704263082803200000000)
(35, 35, 42, 58541921573036662439297608593521315414016000000000)
(36, 36, 42, 50178789919745710662255093080161127497728000000000)
(37, 37, 42, 4878493464419721869941467382793442951168000000000)
(38, 38, 42, 3193195722165636133052596832373889931673600000000)
(39, 39, 42, 25089394959872855331127546540080563748864000000000)
(40, 40, 42, 16726263306581903554085031026720375832576000000000)
(41, 41, 42, 16726263306581903554085031026720375832576000000000)
(2, 2, 43, 7551907882921729454669391508564249688408064000000000)
(3, 3, 43, 7551907882921729454669391508564249688408064000000000)
(4, 4, 43, 7551907882921729454669391508564249688408064000000000)
(5, 5, 43, 7551907882921729454669391508564249688408064000000000)
(6, 6, 43, 7551907882921729454669391508564249688408064000000000)
(7, 7, 43, 7551907882921729454669391508564249688408064000000000)
(8, 8, 43, 7551907882921729454669391508564249688408064000000000)
(9, 9, 43, 7551907882921729454669391508564249688408064000000000)
(10, 10, 43, 7551907882921729454669391508564249688408064000000000)
(11, 11, 43, 7551907882921729454669391508564249688408064000000000)
(12, 12, 43, 7551907882921729454669391508564249688408064000000000)
(13, 13, 43, 7551907882921729454669391508564249688408064000000000)
(14, 14, 43, 7551907882921729454669391508564249688408064000000000)
(15, 15, 43, 7551907882921729454669391508564249688408064000000000)
(16, 16, 43, 7551907882921729454669391508564249688408064000000000)
(17, 17, 43, 7551907882921729454669391508564249688408064000000000)
(18, 18, 43, 7551907882921729454669391508564249688408064000000000)
(19, 19, 43, 7551907882921729454669391508564249688408064000000000)
(20, 20, 43, 7551907882921729454669391508564249688408064000000000)
(21, 21, 43, 7551907882921729454669391508564249688408064000000000)
(22, 22, 43, 2517302627640576484889797169521416562802688000000000)
(23, 23, 43, 2517302627640576484889797169521416562802688000000000)
(24, 24, 43, 2517302627640576484889797169521416562802688000000000)
(25, 25, 43, 2517302627640576484889797169521416562802688000000000)
(26, 26, 43, 2517302627640576484889797169521416562802688000000000)
(27, 27, 43, 2517302627640576484889797169521416562802688000000000)
(28, 28, 43, 2517302627640576484889797169521416562802688000000000)
(29, 29, 43, 2517302627640576484889797169521416562802688000000000)
(30, 30, 43, 1258651313820288242444898584760708281401344000000000)
(31, 31, 43, 1258651313820288242444898584760708281401344000000000)
(32, 32, 43, 1258651313820288242444898584760708281401344000000000)
(33, 33, 43, 755190788292172945466939150856424968840806400000000)
(34, 34, 43, 755190788292172945466939150856424968840806400000000)
(35, 35, 43, 503460525528115296977959433904283312560537600000000)
(36, 36, 43, 359614661091510926412828167074488080400384000000000)
(37, 37, 43, 539421991637266389619242250611732120600576000000000)
(38, 38, 43, 209775218970048040407483097460118046900224000000000)
(39, 39, 43, 274614832106244707442523327584154534123929600000000)
(40, 40, 43, 71922932218302185282565633414897616080076800000000)
(41, 41, 43, 65384483834820168438696030377179650981888000000000)
(42, 42, 43, 702503058876439949271571303122255784968192000000000)
(2, 2, 44, 332283946848556096005453226376826986289954816000000000)
(3, 3, 44, 332283946848556096005453226376826986289954816000000000)
(4, 4, 44, 332283946848556096005453226376826986289954816000000000)
(5, 5, 44, 332283946848556096005453226376826986289954816000000000)
(6, 6, 44, 332283946848556096005453226376826986289954816000000000)
(7, 7, 44, 332283946848556096005453226376826986289954816000000000)
(8, 8, 44, 332283946848556096005453226376826986289954816000000000)
(9, 9, 44, 332283946848556096005453226376826986289954816000000000)
(10, 10, 44, 332283946848556096005453226376826986289954816000000000)
(11, 11, 44, 332283946848556096005453226376826986289954816000000000)
(12, 12, 44, 332283946848556096005453226376826986289954816000000000)
(13, 13, 44, 332283946848556096005453226376826986289954816000000000)
(14, 14, 44, 332283946848556096005453226376826986289954816000000000)
(15, 15, 44, 332283946848556096005453226376826986289954816000000000)
(16, 16, 44, 332283946848556096005453226376826986289954816000000000)
(17, 17, 44, 332283946848556096005453226376826986289954816000000000)
(18, 18, 44, 332283946848556096005453226376826986289954816000000000)
(19, 19, 44, 332283946848556096005453226376826986289954816000000000)
(20, 20, 44, 332283946848556096005453226376826986289954816000000000)
(21, 21, 44, 332283946848556096005453226376826986289954816000000000)
(22, 22, 44, 332283946848556096005453226376826986289954816000000000)
(23, 23, 44, 110761315616185365335151075458942328763318272000000000)
(24, 24, 44, 110761315616185365335151075458942328763318272000000000)
(25, 25, 44, 110761315616185365335151075458942328763318272000000000)
(26, 26, 44, 110761315616185365335151075458942328763318272000000000)
(27, 27, 44, 110761315616185365335151075458942328763318272000000000)
(28, 28, 44, 110761315616185365335151075458942328763318272000000000)
(29, 29, 44, 221522631232370730670302150917884657526636544000000000)
(30, 30, 44, 55380657808092682667575537729471164381659136000000000)
(31, 31, 44, 55380657808092682667575537729471164381659136000000000)
(32, 32, 44, 55380657808092682667575537729471164381659136000000000)
(33, 33, 44, 166141973424278048002726613188413493144977408000000000)
(34, 34, 44, 33228394684855609600545322637682698628995481600000000)
(35, 35, 44, 66456789369711219201090645275365397257990963200000000)
(36, 36, 44, 22152263123237073067030215091788465752663654400000000)
(37, 37, 44, 15823045088026480762164439351277475537616896000000000)
(38, 38, 44, 11867283816019860571623329513458106653212672000000000)
(39, 39, 44, 18460219269364227555858512576490388127219712000000000)
(40, 40, 44, 60415263063373835637355132068513997507264512000000000)
(41, 41, 44, 6329218035210592304865775740510990215046758400000000)
(42, 42, 44, 30207631531686917818677566034256998753632256000000000)
(43, 43, 44, 30207631531686917818677566034256998753632256000000000)
(2, 2, 45, 14952777608185024320245395186957214383047966720000000000)
(3, 3, 45, 14952777608185024320245395186957214383047966720000000000)
(4, 4, 45, 14952777608185024320245395186957214383047966720000000000)
(5, 5, 45, 14952777608185024320245395186957214383047966720000000000)
(6, 6, 45, 14952777608185024320245395186957214383047966720000000000)
(7, 7, 45, 14952777608185024320245395186957214383047966720000000000)
(8, 8, 45, 14952777608185024320245395186957214383047966720000000000)
(9, 9, 45, 14952777608185024320245395186957214383047966720000000000)
(10, 10, 45, 14952777608185024320245395186957214383047966720000000000)
(11, 11, 45, 14952777608185024320245395186957214383047966720000000000)
(12, 12, 45, 14952777608185024320245395186957214383047966720000000000)
(13, 13, 45, 14952777608185024320245395186957214383047966720000000000)
(14, 14, 45, 14952777608185024320245395186957214383047966720000000000)
(15, 15, 45, 14952777608185024320245395186957214383047966720000000000)
(16, 16, 45, 14952777608185024320245395186957214383047966720000000000)
(17, 17, 45, 14952777608185024320245395186957214383047966720000000000)
(18, 18, 45, 14952777608185024320245395186957214383047966720000000000)
(19, 19, 45, 14952777608185024320245395186957214383047966720000000000)
(20, 20, 45, 14952777608185024320245395186957214383047966720000000000)
(21, 21, 45, 14952777608185024320245395186957214383047966720000000000)
(22, 22, 45, 14952777608185024320245395186957214383047966720000000000)
(23, 23, 45, 4984259202728341440081798395652404794349322240000000000)
(24, 24, 45, 4984259202728341440081798395652404794349322240000000000)
(25, 25, 45, 4984259202728341440081798395652404794349322240000000000)
(26, 26, 45, 4984259202728341440081798395652404794349322240000000000)
(27, 27, 45, 4984259202728341440081798395652404794349322240000000000)
(28, 28, 45, 4984259202728341440081798395652404794349322240000000000)
(29, 29, 45, 4984259202728341440081798395652404794349322240000000000)
(30, 30, 45, 9968518405456682880163596791304809588698644480000000000)
(31, 31, 45, 2492129601364170720040899197826202397174661120000000000)
(32, 32, 45, 2492129601364170720040899197826202397174661120000000000)
(33, 33, 45, 2492129601364170720040899197826202397174661120000000000)
(34, 34, 45, 1495277760818502432024539518695721438304796672000000000)
(35, 35, 45, 1495277760818502432024539518695721438304796672000000000)
(36, 36, 45, 5981111043274009728098158074782885753219186688000000000)
(37, 37, 45, 996851840545668288016359679130480958869864448000000000)
(38, 38, 45, 712037028961191634297399770807486399192760320000000000)
(39, 39, 45, 534027771720893725723049828105614799394570240000000000)
(40, 40, 45, 3322839468485560960054532263768269862899548160000000000)
(41, 41, 45, 453114472975303767280163490513854981304483840000000000)
(42, 42, 45, 1993703681091336576032719358260961917739728896000000000)
(43, 43, 45, 118203775558774895812216562742744777731604480000000000)
(44, 44, 45, 1329135787394224384021812905507307945159819264000000000)
(2, 2, 46, 687827769976511118731288178600031861620206469120000000000)
(3, 3, 46, 687827769976511118731288178600031861620206469120000000000)
(4, 4, 46, 687827769976511118731288178600031861620206469120000000000)
(5, 5, 46, 687827769976511118731288178600031861620206469120000000000)
(6, 6, 46, 687827769976511118731288178600031861620206469120000000000)
(7, 7, 46, 687827769976511118731288178600031861620206469120000000000)
(8, 8, 46, 687827769976511118731288178600031861620206469120000000000)
(9, 9, 46, 687827769976511118731288178600031861620206469120000000000)
(10, 10, 46, 687827769976511118731288178600031861620206469120000000000)
(11, 11, 46, 687827769976511118731288178600031861620206469120000000000)
(12, 12, 46, 687827769976511118731288178600031861620206469120000000000)
(13, 13, 46, 687827769976511118731288178600031861620206469120000000000)
(14, 14, 46, 687827769976511118731288178600031861620206469120000000000)
(15, 15, 46, 687827769976511118731288178600031861620206469120000000000)
(16, 16, 46, 687827769976511118731288178600031861620206469120000000000)
(17, 17, 46, 687827769976511118731288178600031861620206469120000000000)
(18, 18, 46, 687827769976511118731288178600031861620206469120000000000)
(19, 19, 46, 687827769976511118731288178600031861620206469120000000000)
(20, 20, 46, 687827769976511118731288178600031861620206469120000000000)
(21, 21, 46, 687827769976511118731288178600031861620206469120000000000)
(22, 22, 46, 687827769976511118731288178600031861620206469120000000000)
(23, 23, 46, 687827769976511118731288178600031861620206469120000000000)
(24, 24, 46, 229275923325503706243762726200010620540068823040000000000)
(25, 25, 46, 229275923325503706243762726200010620540068823040000000000)
(26, 26, 46, 229275923325503706243762726200010620540068823040000000000)
(27, 27, 46, 229275923325503706243762726200010620540068823040000000000)
(28, 28, 46, 229275923325503706243762726200010620540068823040000000000)
(29, 29, 46, 229275923325503706243762726200010620540068823040000000000)
(30, 30, 46, 229275923325503706243762726200010620540068823040000000000)
(31, 31, 46, 229275923325503706243762726200010620540068823040000000000)
(32, 32, 46, 114637961662751853121881363100005310270034411520000000000)
(33, 33, 46, 114637961662751853121881363100005310270034411520000000000)
(34, 34, 46, 114637961662751853121881363100005310270034411520000000000)
(35, 35, 46, 68782776997651111873128817860003186162020646912000000000)
(36, 36, 46, 68782776997651111873128817860003186162020646912000000000)
(37, 37, 46, 91710369330201482497505090480004248216027529216000000000)
(38, 38, 46, 45855184665100741248752545240002124108013764608000000000)
(39, 39, 46, 32753703332214815177680389457144374362866974720000000000)
(40, 40, 46, 24565277499161111383260292092858280772150231040000000000)
(41, 41, 46, 30570123110067160832501696826668082738675843072000000000)
(42, 42, 46, 10421632878431986647443760281818664570003128320000000000)
(43, 43, 46, 11463796166275185312188136310000531027003441152000000000)
(44, 44, 46, 59811110432740097280981580747828857532191866880000000000)
(45, 45, 46, 59811110432740097280981580747828857532191866880000000000)
(2, 2, 47, 32327905188896022580370544394201497496149704048640000000000)
(3, 3, 47, 32327905188896022580370544394201497496149704048640000000000)
(4, 4, 47, 32327905188896022580370544394201497496149704048640000000000)
(5, 5, 47, 32327905188896022580370544394201497496149704048640000000000)
(6, 6, 47, 32327905188896022580370544394201497496149704048640000000000)
(7, 7, 47, 32327905188896022580370544394201497496149704048640000000000)
(8, 8, 47, 32327905188896022580370544394201497496149704048640000000000)
(9, 9, 47, 32327905188896022580370544394201497496149704048640000000000)
(10, 10, 47, 32327905188896022580370544394201497496149704048640000000000)
(11, 11, 47, 32327905188896022580370544394201497496149704048640000000000)
(12, 12, 47, 32327905188896022580370544394201497496149704048640000000000)
(13, 13, 47, 32327905188896022580370544394201497496149704048640000000000)
(14, 14, 47, 32327905188896022580370544394201497496149704048640000000000)
(15, 15, 47, 32327905188896022580370544394201497496149704048640000000000)
(16, 16, 47, 32327905188896022580370544394201497496149704048640000000000)
(17, 17, 47, 32327905188896022580370544394201497496149704048640000000000)
(18, 18, 47, 32327905188896022580370544394201497496149704048640000000000)
(19, 19, 47, 32327905188896022580370544394201497496149704048640000000000)
(20, 20, 47, 32327905188896022580370544394201497496149704048640000000000)
(21, 21, 47, 32327905188896022580370544394201497496149704048640000000000)
(22, 22, 47, 32327905188896022580370544394201497496149704048640000000000)
(23, 23, 47, 32327905188896022580370544394201497496149704048640000000000)
(24, 24, 47, 10775968396298674193456848131400499165383234682880000000000)
(25, 25, 47, 10775968396298674193456848131400499165383234682880000000000)
(26, 26, 47, 10775968396298674193456848131400499165383234682880000000000)
(27, 27, 47, 10775968396298674193456848131400499165383234682880000000000)
(28, 28, 47, 10775968396298674193456848131400499165383234682880000000000)
(29, 29, 47, 10775968396298674193456848131400499165383234682880000000000)
(30, 30, 47, 10775968396298674193456848131400499165383234682880000000000)
(31, 31, 47, 21551936792597348386913696262800998330766469365760000000000)
(32, 32, 47, 5387984198149337096728424065700249582691617341440000000000)
(33, 33, 47, 5387984198149337096728424065700249582691617341440000000000)
(34, 34, 47, 5387984198149337096728424065700249582691617341440000000000)
(35, 35, 47, 5387984198149337096728424065700249582691617341440000000000)
(36, 36, 47, 3232790518889602258037054439420149749614970404864000000000)
(37, 37, 47, 3232790518889602258037054439420149749614970404864000000000)
(38, 38, 47, 2155193679259734838691369626280099833076646936576000000000)
(39, 39, 47, 2155193679259734838691369626280099833076646936576000000000)
(40, 40, 47, 1539424056614096313350978304485785595054747811840000000000)
(41, 41, 47, 1154568042460572235013233728364339196291060858880000000000)
(42, 42, 47, 718397893086578279563789875426699944358882312192000000000)
(43, 43, 47, 489816745286303372429856733245477234790147031040000000000)
(44, 44, 47, 269399209907466854836421203285012479134580867072000000000)
(45, 45, 47, 234260182528232047683844524595663025334418145280000000000)
(46, 46, 47, 2751311079906044474925152714400127446480825876480000000000)
(2, 2, 48, 1551739449067009083857786130921671879815185794334720000000000)
(3, 3, 48, 1551739449067009083857786130921671879815185794334720000000000)
(4, 4, 48, 1551739449067009083857786130921671879815185794334720000000000)
(5, 5, 48, 1551739449067009083857786130921671879815185794334720000000000)
(6, 6, 48, 1551739449067009083857786130921671879815185794334720000000000)
(7, 7, 48, 1551739449067009083857786130921671879815185794334720000000000)
(8, 8, 48, 1551739449067009083857786130921671879815185794334720000000000)
(9, 9, 48, 1551739449067009083857786130921671879815185794334720000000000)
(10, 10, 48, 1551739449067009083857786130921671879815185794334720000000000)
(11, 11, 48, 1551739449067009083857786130921671879815185794334720000000000)
(12, 12, 48, 1551739449067009083857786130921671879815185794334720000000000)
(13, 13, 48, 1551739449067009083857786130921671879815185794334720000000000)
(14, 14, 48, 1551739449067009083857786130921671879815185794334720000000000)
(15, 15, 48, 1551739449067009083857786130921671879815185794334720000000000)
(16, 16, 48, 1551739449067009083857786130921671879815185794334720000000000)
(17, 17, 48, 1551739449067009083857786130921671879815185794334720000000000)
(18, 18, 48, 1551739449067009083857786130921671879815185794334720000000000)
(19, 19, 48, 1551739449067009083857786130921671879815185794334720000000000)
(20, 20, 48, 1551739449067009083857786130921671879815185794334720000000000)
(21, 21, 48, 1551739449067009083857786130921671879815185794334720000000000)
(22, 22, 48, 1551739449067009083857786130921671879815185794334720000000000)
(23, 23, 48, 1551739449067009083857786130921671879815185794334720000000000)
(24, 24, 48, 1551739449067009083857786130921671879815185794334720000000000)
(25, 25, 48, 517246483022336361285928710307223959938395264778240000000000)
(26, 26, 48, 517246483022336361285928710307223959938395264778240000000000)
(27, 27, 48, 517246483022336361285928710307223959938395264778240000000000)
(28, 28, 48, 517246483022336361285928710307223959938395264778240000000000)
(29, 29, 48, 517246483022336361285928710307223959938395264778240000000000)
(30, 30, 48, 517246483022336361285928710307223959938395264778240000000000)
(31, 31, 48, 517246483022336361285928710307223959938395264778240000000000)
(32, 32, 48, 1034492966044672722571857420614447919876790529556480000000000)
(33, 33, 48, 258623241511168180642964355153611979969197632389120000000000)
(34, 34, 48, 258623241511168180642964355153611979969197632389120000000000)
(35, 35, 48, 258623241511168180642964355153611979969197632389120000000000)
(36, 36, 48, 775869724533504541928893065460835939907592897167360000000000)
(37, 37, 48, 155173944906700908385778613092167187981518579433472000000000)
(38, 38, 48, 155173944906700908385778613092167187981518579433472000000000)
(39, 39, 48, 103449296604467272257185742061444791987679052955648000000000)
(40, 40, 48, 517246483022336361285928710307223959938395264778240000000000)
(41, 41, 48, 147784709434953246081693917230635417125255789936640000000000)
(42, 42, 48, 387934862266752270964446532730417969953796448583680000000000)
(43, 43, 48, 34483098868155757419061914020481597329226350985216000000000)
(44, 44, 48, 258623241511168180642964355153611979969197632389120000000000)
(45, 45, 48, 193967431133376135482223266365208984976898224291840000000000)
(46, 46, 48, 129311620755584090321482177576805989984598816194560000000000)
(47, 47, 48, 129311620755584090321482177576805989984598816194560000000000)
(2, 2, 49, 76035233004283445109031520415161922110944103922401280000000000)
(3, 3, 49, 76035233004283445109031520415161922110944103922401280000000000)
(4, 4, 49, 76035233004283445109031520415161922110944103922401280000000000)
(5, 5, 49, 76035233004283445109031520415161922110944103922401280000000000)
(6, 6, 49, 76035233004283445109031520415161922110944103922401280000000000)
(7, 7, 49, 76035233004283445109031520415161922110944103922401280000000000)
(8, 8, 49, 76035233004283445109031520415161922110944103922401280000000000)
(9, 9, 49, 76035233004283445109031520415161922110944103922401280000000000)
(10, 10, 49, 76035233004283445109031520415161922110944103922401280000000000)
(11, 11, 49, 76035233004283445109031520415161922110944103922401280000000000)
(12, 12, 49, 76035233004283445109031520415161922110944103922401280000000000)
(13, 13, 49, 76035233004283445109031520415161922110944103922401280000000000)
(14, 14, 49, 76035233004283445109031520415161922110944103922401280000000000)
(15, 15, 49, 76035233004283445109031520415161922110944103922401280000000000)
(16, 16, 49, 76035233004283445109031520415161922110944103922401280000000000)
(17, 17, 49, 76035233004283445109031520415161922110944103922401280000000000)
(18, 18, 49, 76035233004283445109031520415161922110944103922401280000000000)
(19, 19, 49, 76035233004283445109031520415161922110944103922401280000000000)
(20, 20, 49, 76035233004283445109031520415161922110944103922401280000000000)
(21, 21, 49, 76035233004283445109031520415161922110944103922401280000000000)
(22, 22, 49, 76035233004283445109031520415161922110944103922401280000000000)
(23, 23, 49, 76035233004283445109031520415161922110944103922401280000000000)
(24, 24, 49, 76035233004283445109031520415161922110944103922401280000000000)
(25, 25, 49, 25345077668094481703010506805053974036981367974133760000000000)
(26, 26, 49, 25345077668094481703010506805053974036981367974133760000000000)
(27, 27, 49, 25345077668094481703010506805053974036981367974133760000000000)
(28, 28, 49, 25345077668094481703010506805053974036981367974133760000000000)
(29, 29, 49, 25345077668094481703010506805053974036981367974133760000000000)
(30, 30, 49, 25345077668094481703010506805053974036981367974133760000000000)
(31, 31, 49, 25345077668094481703010506805053974036981367974133760000000000)
(32, 32, 49, 25345077668094481703010506805053974036981367974133760000000000)
(33, 33, 49, 25345077668094481703010506805053974036981367974133760000000000)
(34, 34, 49, 12672538834047240851505253402526987018490683987066880000000000)
(35, 35, 49, 12672538834047240851505253402526987018490683987066880000000000)
(36, 36, 49, 12672538834047240851505253402526987018490683987066880000000000)
(37, 37, 49, 7603523300428344510903152041516192211094410392240128000000000)
(38, 38, 49, 7603523300428344510903152041516192211094410392240128000000000)
(39, 39, 49, 15207046600856689021806304083032384422188820784480256000000000)
(40, 40, 49, 5069015533618896340602101361010794807396273594826752000000000)
(41, 41, 49, 3620725381156354529001500972150567719568766853447680000000000)
(42, 42, 49, 21724352286938127174009005832903406317412601120686080000000000)
(43, 43, 49, 2112089805674540141917542233754497836415113997844480000000000)
(44, 44, 49, 1689671844539632113534033787003598269132091198275584000000000)
(45, 45, 49, 974810679542095450115788723271306693730052614389760000000000)
(46, 46, 49, 559082595619731214036996473640896486109883117076480000000000)
(47, 47, 49, 506901553361889634060210136101079480739627359482675200000000)
(48, 48, 49, 6206957796268036335431144523686687519260743177338880000000000)
(2, 2, 50, 3801761650214172255451576020758096105547205196120064000000000000)
(3, 3, 50, 3801761650214172255451576020758096105547205196120064000000000000)
(4, 4, 50, 3801761650214172255451576020758096105547205196120064000000000000)
(5, 5, 50, 3801761650214172255451576020758096105547205196120064000000000000)
(6, 6, 50, 3801761650214172255451576020758096105547205196120064000000000000)
(7, 7, 50, 3801761650214172255451576020758096105547205196120064000000000000)
(8, 8, 50, 3801761650214172255451576020758096105547205196120064000000000000)
(9, 9, 50, 3801761650214172255451576020758096105547205196120064000000000000)
(10, 10, 50, 3801761650214172255451576020758096105547205196120064000000000000)
(11, 11, 50, 3801761650214172255451576020758096105547205196120064000000000000)
(12, 12, 50, 3801761650214172255451576020758096105547205196120064000000000000)
(13, 13, 50, 3801761650214172255451576020758096105547205196120064000000000000)
(14, 14, 50, 3801761650214172255451576020758096105547205196120064000000000000)
(15, 15, 50, 3801761650214172255451576020758096105547205196120064000000000000)
(16, 16, 50, 3801761650214172255451576020758096105547205196120064000000000000)
(17, 17, 50, 3801761650214172255451576020758096105547205196120064000000000000)
(18, 18, 50, 3801761650214172255451576020758096105547205196120064000000000000)
(19, 19, 50, 3801761650214172255451576020758096105547205196120064000000000000)
(20, 20, 50, 3801761650214172255451576020758096105547205196120064000000000000)
(21, 21, 50, 3801761650214172255451576020758096105547205196120064000000000000)
(22, 22, 50, 3801761650214172255451576020758096105547205196120064000000000000)
(23, 23, 50, 3801761650214172255451576020758096105547205196120064000000000000)
(24, 24, 50, 3801761650214172255451576020758096105547205196120064000000000000)
(25, 25, 50, 3801761650214172255451576020758096105547205196120064000000000000)
(26, 26, 50, 1267253883404724085150525340252698701849068398706688000000000000)
(27, 27, 50, 1267253883404724085150525340252698701849068398706688000000000000)
(28, 28, 50, 1267253883404724085150525340252698701849068398706688000000000000)
(29, 29, 50, 1267253883404724085150525340252698701849068398706688000000000000)
(30, 30, 50, 1267253883404724085150525340252698701849068398706688000000000000)
(31, 31, 50, 1267253883404724085150525340252698701849068398706688000000000000)
(32, 32, 50, 1267253883404724085150525340252698701849068398706688000000000000)
(33, 33, 50, 2534507766809448170301050680505397403698136797413376000000000000)
(34, 34, 50, 633626941702362042575262670126349350924534199353344000000000000)
(35, 35, 50, 633626941702362042575262670126349350924534199353344000000000000)
(36, 36, 50, 633626941702362042575262670126349350924534199353344000000000000)
(37, 37, 50, 633626941702362042575262670126349350924534199353344000000000000)
(38, 38, 50, 380176165021417225545157602075809610554720519612006400000000000)
(39, 39, 50, 380176165021417225545157602075809610554720519612006400000000000)
(40, 40, 50, 1520704660085668902180630408303238442218882078448025600000000000)
(41, 41, 50, 253450776680944817030105068050539740369813679741337600000000000)
(42, 42, 50, 181036269057817726450075048607528385978438342672384000000000000)
(43, 43, 50, 271554403586726589675112572911292578967657514008576000000000000)
(44, 44, 50, 105604490283727007095877111687724891820755699892224000000000000)
(45, 45, 50, 760352330042834451090315204151619221109441039224012800000000000)
(46, 46, 50, 48740533977104772505789436163565334686502630719488000000000000)
(47, 47, 50, 55908259561973121403699647364089648610988311707648000000000000)
(48, 48, 50, 304140932017133780436126081660647688443776415689605120000000000)
(49, 49, 50, 304140932017133780436126081660647688443776415689605120000000000)
(2, 2, 51, 193889844160922785028030377058662901382907465002123264000000000000)
(3, 3, 51, 193889844160922785028030377058662901382907465002123264000000000000)
(4, 4, 51, 193889844160922785028030377058662901382907465002123264000000000000)
(5, 5, 51, 193889844160922785028030377058662901382907465002123264000000000000)
(6, 6, 51, 193889844160922785028030377058662901382907465002123264000000000000)
(7, 7, 51, 193889844160922785028030377058662901382907465002123264000000000000)
(8, 8, 51, 193889844160922785028030377058662901382907465002123264000000000000)
(9, 9, 51, 193889844160922785028030377058662901382907465002123264000000000000)
(10, 10, 51, 193889844160922785028030377058662901382907465002123264000000000000)
(11, 11, 51, 193889844160922785028030377058662901382907465002123264000000000000)
(12, 12, 51, 193889844160922785028030377058662901382907465002123264000000000000)
(13, 13, 51, 193889844160922785028030377058662901382907465002123264000000000000)
(14, 14, 51, 193889844160922785028030377058662901382907465002123264000000000000)
(15, 15, 51, 193889844160922785028030377058662901382907465002123264000000000000)
(16, 16, 51, 193889844160922785028030377058662901382907465002123264000000000000)
(17, 17, 51, 193889844160922785028030377058662901382907465002123264000000000000)
(18, 18, 51, 193889844160922785028030377058662901382907465002123264000000000000)
(19, 19, 51, 193889844160922785028030377058662901382907465002123264000000000000)
(20, 20, 51, 193889844160922785028030377058662901382907465002123264000000000000)
(21, 21, 51, 193889844160922785028030377058662901382907465002123264000000000000)
(22, 22, 51, 193889844160922785028030377058662901382907465002123264000000000000)
(23, 23, 51, 193889844160922785028030377058662901382907465002123264000000000000)
(24, 24, 51, 193889844160922785028030377058662901382907465002123264000000000000)
(25, 25, 51, 193889844160922785028030377058662901382907465002123264000000000000)
(26, 26, 51, 64629948053640928342676792352887633794302488334041088000000000000)
(27, 27, 51, 64629948053640928342676792352887633794302488334041088000000000000)
(28, 28, 51, 64629948053640928342676792352887633794302488334041088000000000000)
(29, 29, 51, 64629948053640928342676792352887633794302488334041088000000000000)
(30, 30, 51, 64629948053640928342676792352887633794302488334041088000000000000)
(31, 31, 51, 64629948053640928342676792352887633794302488334041088000000000000)
(32, 32, 51, 64629948053640928342676792352887633794302488334041088000000000000)
(33, 33, 51, 64629948053640928342676792352887633794302488334041088000000000000)
(34, 34, 51, 129259896107281856685353584705775267588604976668082176000000000000)
(35, 35, 51, 32314974026820464171338396176443816897151244167020544000000000000)
(36, 36, 51, 32314974026820464171338396176443816897151244167020544000000000000)
(37, 37, 51, 32314974026820464171338396176443816897151244167020544000000000000)
(38, 38, 51, 32314974026820464171338396176443816897151244167020544000000000000)
(39, 39, 51, 19388984416092278502803037705866290138290746500212326400000000000)
(40, 40, 51, 19388984416092278502803037705866290138290746500212326400000000000)
(41, 41, 51, 25851979221456371337070716941155053517720995333616435200000000000)
(42, 42, 51, 12925989610728185668535358470577526758860497666808217600000000000)
(43, 43, 51, 9232849721948704048953827478983947684900355476291584000000000000)
(44, 44, 51, 6924637291461528036715370609237960763675266607218688000000000000)
(45, 45, 51, 5385829004470077361889732696073969482858540694503424000000000000)
(46, 46, 51, 3525269893834959727782370491975689116052863000038604800000000000)
(47, 47, 51, 4971534465664686795590522488683664138023268333387776000000000000)
(48, 48, 51, 22810569901285033532709456124548576633283231176720384000000000000)
(49, 49, 51, 1193168271759524830941725397284079393125584400013066240000000000)
(50, 50, 51, 15207046600856689021806304083032384422188820784480256000000000000)
(2, 2, 52, 10082271896367984821457579607050470871911188180110409728000000000000)
(3, 3, 52, 10082271896367984821457579607050470871911188180110409728000000000000)
(4, 4, 52, 10082271896367984821457579607050470871911188180110409728000000000000)
(5, 5, 52, 10082271896367984821457579607050470871911188180110409728000000000000)
(6, 6, 52, 10082271896367984821457579607050470871911188180110409728000000000000)
(7, 7, 52, 10082271896367984821457579607050470871911188180110409728000000000000)
(8, 8, 52, 10082271896367984821457579607050470871911188180110409728000000000000)
(9, 9, 52, 10082271896367984821457579607050470871911188180110409728000000000000)
(10, 10, 52, 10082271896367984821457579607050470871911188180110409728000000000000)
(11, 11, 52, 10082271896367984821457579607050470871911188180110409728000000000000)
(12, 12, 52, 10082271896367984821457579607050470871911188180110409728000000000000)
(13, 13, 52, 10082271896367984821457579607050470871911188180110409728000000000000)
(14, 14, 52, 10082271896367984821457579607050470871911188180110409728000000000000)
(15, 15, 52, 10082271896367984821457579607050470871911188180110409728000000000000)
(16, 16, 52, 10082271896367984821457579607050470871911188180110409728000000000000)
(17, 17, 52, 10082271896367984821457579607050470871911188180110409728000000000000)
(18, 18, 52, 10082271896367984821457579607050470871911188180110409728000000000000)
(19, 19, 52, 10082271896367984821457579607050470871911188180110409728000000000000)
(20, 20, 52, 10082271896367984821457579607050470871911188180110409728000000000000)
(21, 21, 52, 10082271896367984821457579607050470871911188180110409728000000000000)
(22, 22, 52, 10082271896367984821457579607050470871911188180110409728000000000000)
(23, 23, 52, 10082271896367984821457579607050470871911188180110409728000000000000)
(24, 24, 52, 10082271896367984821457579607050470871911188180110409728000000000000)
(25, 25, 52, 10082271896367984821457579607050470871911188180110409728000000000000)
(26, 26, 52, 10082271896367984821457579607050470871911188180110409728000000000000)
(27, 27, 52, 3360757298789328273819193202350156957303729393370136576000000000000)
(28, 28, 52, 3360757298789328273819193202350156957303729393370136576000000000000)
(29, 29, 52, 3360757298789328273819193202350156957303729393370136576000000000000)
(30, 30, 52, 3360757298789328273819193202350156957303729393370136576000000000000)
(31, 31, 52, 3360757298789328273819193202350156957303729393370136576000000000000)
(32, 32, 52, 3360757298789328273819193202350156957303729393370136576000000000000)
(33, 33, 52, 3360757298789328273819193202350156957303729393370136576000000000000)
(34, 34, 52, 3360757298789328273819193202350156957303729393370136576000000000000)
(35, 35, 52, 3360757298789328273819193202350156957303729393370136576000000000000)
(36, 36, 52, 1680378649394664136909596601175078478651864696685068288000000000000)
(37, 37, 52, 1680378649394664136909596601175078478651864696685068288000000000000)
(38, 38, 52, 1680378649394664136909596601175078478651864696685068288000000000000)
(39, 39, 52, 5041135948183992410728789803525235435955594090055204864000000000000)
(40, 40, 52, 1008227189636798482145757960705047087191118818011040972800000000000)
(41, 41, 52, 1008227189636798482145757960705047087191118818011040972800000000000)
(42, 42, 52, 672151459757865654763838640470031391460745878674027315200000000000)
(43, 43, 52, 672151459757865654763838640470031391460745878674027315200000000000)
(44, 44, 52, 480108185541332610545599028907165279614818484767162368000000000000)
(45, 45, 52, 360081139155999457909199271680373959711113863575371776000000000000)
(46, 46, 52, 280063108232444022818266100195846413108644116114178048000000000000)
(47, 47, 52, 183314034479417905844683265582735834034748876002007449600000000000)
(48, 48, 52, 1551118753287382280224243016469303211063259720016986112000000000000)
(49, 49, 52, 131794403874091304855654635386280664992303113465495552000000000000)
(50, 50, 52, 775559376643691140112121508234651605531629860008493056000000000000)
(51, 51, 52, 775559376643691140112121508234651605531629860008493056000000000000)
(2, 2, 53, 534360410507503195537251719173674956211292973545851715584000000000000)
(3, 3, 53, 534360410507503195537251719173674956211292973545851715584000000000000)
(4, 4, 53, 534360410507503195537251719173674956211292973545851715584000000000000)
(5, 5, 53, 534360410507503195537251719173674956211292973545851715584000000000000)
(6, 6, 53, 534360410507503195537251719173674956211292973545851715584000000000000)
(7, 7, 53, 534360410507503195537251719173674956211292973545851715584000000000000)
(8, 8, 53, 534360410507503195537251719173674956211292973545851715584000000000000)
(9, 9, 53, 534360410507503195537251719173674956211292973545851715584000000000000)
(10, 10, 53, 534360410507503195537251719173674956211292973545851715584000000000000)
(11, 11, 53, 534360410507503195537251719173674956211292973545851715584000000000000)
(12, 12, 53, 534360410507503195537251719173674956211292973545851715584000000000000)
(13, 13, 53, 534360410507503195537251719173674956211292973545851715584000000000000)
(14, 14, 53, 534360410507503195537251719173674956211292973545851715584000000000000)
(15, 15, 53, 534360410507503195537251719173674956211292973545851715584000000000000)
(16, 16, 53, 534360410507503195537251719173674956211292973545851715584000000000000)
(17, 17, 53, 534360410507503195537251719173674956211292973545851715584000000000000)
(18, 18, 53, 534360410507503195537251719173674956211292973545851715584000000000000)
(19, 19, 53, 534360410507503195537251719173674956211292973545851715584000000000000)
(20, 20, 53, 534360410507503195537251719173674956211292973545851715584000000000000)
(21, 21, 53, 534360410507503195537251719173674956211292973545851715584000000000000)
(22, 22, 53, 534360410507503195537251719173674956211292973545851715584000000000000)
(23, 23, 53, 534360410507503195537251719173674956211292973545851715584000000000000)
(24, 24, 53, 534360410507503195537251719173674956211292973545851715584000000000000)
(25, 25, 53, 534360410507503195537251719173674956211292973545851715584000000000000)
(26, 26, 53, 534360410507503195537251719173674956211292973545851715584000000000000)
(27, 27, 53, 178120136835834398512417239724558318737097657848617238528000000000000)
(28, 28, 53, 178120136835834398512417239724558318737097657848617238528000000000000)
(29, 29, 53, 178120136835834398512417239724558318737097657848617238528000000000000)
(30, 30, 53, 178120136835834398512417239724558318737097657848617238528000000000000)
(31, 31, 53, 178120136835834398512417239724558318737097657848617238528000000000000)
(32, 32, 53, 178120136835834398512417239724558318737097657848617238528000000000000)
(33, 33, 53, 178120136835834398512417239724558318737097657848617238528000000000000)
(34, 34, 53, 178120136835834398512417239724558318737097657848617238528000000000000)
(35, 35, 53, 356240273671668797024834479449116637474195315697234477056000000000000)
(36, 36, 53, 89060068417917199256208619862279159368548828924308619264000000000000)
(37, 37, 53, 89060068417917199256208619862279159368548828924308619264000000000000)
(38, 38, 53, 89060068417917199256208619862279159368548828924308619264000000000000)
(39, 39, 53, 89060068417917199256208619862279159368548828924308619264000000000000)
(40, 40, 53, 53436041050750319553725171917367495621129297354585171558400000000000)
(41, 41, 53, 53436041050750319553725171917367495621129297354585171558400000000000)
(42, 42, 53, 53436041050750319553725171917367495621129297354585171558400000000000)
(43, 43, 53, 35624027367166879702483447944911663747419531569723447705600000000000)
(44, 44, 53, 35624027367166879702483447944911663747419531569723447705600000000000)
(45, 45, 53, 25445733833690628358916748532079759819585379692659605504000000000000)
(46, 46, 53, 19084300375267971269187561399059819864689034769494704128000000000000)
(47, 47, 53, 29686689472639066418736206620759719789516276308102873088000000000000)
(48, 48, 53, 9715643827409149009768213075884999203841690428106394828800000000000)
(49, 49, 53, 11744184846318751550269268553267581455193252165842894848000000000000)
(50, 50, 53, 3492551702663419578674847837736437622296032506835632128000000000000)
(51, 51, 53, 3044788663860417068588328884180484080976028339292602368000000000000)
(52, 52, 53, 40329087585471939285830318428201883487644752720441638912000000000000)
(2, 2, 54, 28855462167405172559011592835378447635409820571475992641536000000000000)
(3, 3, 54, 28855462167405172559011592835378447635409820571475992641536000000000000)
(4, 4, 54, 28855462167405172559011592835378447635409820571475992641536000000000000)
(5, 5, 54, 28855462167405172559011592835378447635409820571475992641536000000000000)
(6, 6, 54, 28855462167405172559011592835378447635409820571475992641536000000000000)
(7, 7, 54, 28855462167405172559011592835378447635409820571475992641536000000000000)
(8, 8, 54, 28855462167405172559011592835378447635409820571475992641536000000000000)
(9, 9, 54, 28855462167405172559011592835378447635409820571475992641536000000000000)
(10, 10, 54, 28855462167405172559011592835378447635409820571475992641536000000000000)
(11, 11, 54, 28855462167405172559011592835378447635409820571475992641536000000000000)
(12, 12, 54, 28855462167405172559011592835378447635409820571475992641536000000000000)
(13, 13, 54, 28855462167405172559011592835378447635409820571475992641536000000000000)
(14, 14, 54, 28855462167405172559011592835378447635409820571475992641536000000000000)
(15, 15, 54, 28855462167405172559011592835378447635409820571475992641536000000000000)
(16, 16, 54, 28855462167405172559011592835378447635409820571475992641536000000000000)
(17, 17, 54, 28855462167405172559011592835378447635409820571475992641536000000000000)
(18, 18, 54, 28855462167405172559011592835378447635409820571475992641536000000000000)
(19, 19, 54, 28855462167405172559011592835378447635409820571475992641536000000000000)
(20, 20, 54, 28855462167405172559011592835378447635409820571475992641536000000000000)
(21, 21, 54, 28855462167405172559011592835378447635409820571475992641536000000000000)
(22, 22, 54, 28855462167405172559011592835378447635409820571475992641536000000000000)
(23, 23, 54, 28855462167405172559011592835378447635409820571475992641536000000000000)
(24, 24, 54, 28855462167405172559011592835378447635409820571475992641536000000000000)
(25, 25, 54, 28855462167405172559011592835378447635409820571475992641536000000000000)
(26, 26, 54, 28855462167405172559011592835378447635409820571475992641536000000000000)
(27, 27, 54, 28855462167405172559011592835378447635409820571475992641536000000000000)
(28, 28, 54, 9618487389135057519670530945126149211803273523825330880512000000000000)
(29, 29, 54, 9618487389135057519670530945126149211803273523825330880512000000000000)
(30, 30, 54, 9618487389135057519670530945126149211803273523825330880512000000000000)
(31, 31, 54, 9618487389135057519670530945126149211803273523825330880512000000000000)
(32, 32, 54, 9618487389135057519670530945126149211803273523825330880512000000000000)
(33, 33, 54, 9618487389135057519670530945126149211803273523825330880512000000000000)
(34, 34, 54, 9618487389135057519670530945126149211803273523825330880512000000000000)
(35, 35, 54, 9618487389135057519670530945126149211803273523825330880512000000000000)
(36, 36, 54, 19236974778270115039341061890252298423606547047650661761024000000000000)
(37, 37, 54, 4809243694567528759835265472563074605901636761912665440256000000000000)
(38, 38, 54, 4809243694567528759835265472563074605901636761912665440256000000000000)
(39, 39, 54, 4809243694567528759835265472563074605901636761912665440256000000000000)
(40, 40, 54, 4809243694567528759835265472563074605901636761912665440256000000000000)
(41, 41, 54, 2885546216740517255901159283537844763540982057147599264153600000000000)
(42, 42, 54, 2885546216740517255901159283537844763540982057147599264153600000000000)
(43, 43, 54, 5771092433481034511802318567075689527081964114295198528307200000000000)
(44, 44, 54, 1923697477827011503934106189025229842360654704765066176102400000000000)
(45, 45, 54, 9618487389135057519670530945126149211803273523825330880512000000000000)
(46, 46, 54, 1374069627019293931381504420732307030257610503403618697216000000000000)
(47, 47, 54, 1030552220264470448536128315549230272693207877552714022912000000000000)
(48, 48, 54, 6412324926090038346447020630084099474535515682550220587008000000000000)
(49, 49, 54, 1049289533360188093054967012195579914014902566235490641510400000000000)
(50, 50, 54, 317092990850606291857270250938224699290217808477758160896000000000000)
(51, 51, 54, 3206162463045019173223510315042049737267757841275110293504000000000000)
(52, 52, 54, 2137441642030012782149006876694699824845171894183406862336000000000000)
(53, 53, 54, 2137441642030012782149006876694699824845171894183406862336000000000000)
(2, 2, 55, 1587050419207284490745637605945814619947540131431179595284480000000000000)
(3, 3, 55, 1587050419207284490745637605945814619947540131431179595284480000000000000)
(4, 4, 55, 1587050419207284490745637605945814619947540131431179595284480000000000000)
(5, 5, 55, 1587050419207284490745637605945814619947540131431179595284480000000000000)
(6, 6, 55, 1587050419207284490745637605945814619947540131431179595284480000000000000)
(7, 7, 55, 1587050419207284490745637605945814619947540131431179595284480000000000000)
(8, 8, 55, 1587050419207284490745637605945814619947540131431179595284480000000000000)
(9, 9, 55, 1587050419207284490745637605945814619947540131431179595284480000000000000)
(10, 10, 55, 1587050419207284490745637605945814619947540131431179595284480000000000000)
(11, 11, 55, 1587050419207284490745637605945814619947540131431179595284480000000000000)
(12, 12, 55, 1587050419207284490745637605945814619947540131431179595284480000000000000)
(13, 13, 55, 1587050419207284490745637605945814619947540131431179595284480000000000000)
(14, 14, 55, 1587050419207284490745637605945814619947540131431179595284480000000000000)
(15, 15, 55, 1587050419207284490745637605945814619947540131431179595284480000000000000)
(16, 16, 55, 1587050419207284490745637605945814619947540131431179595284480000000000000)
(17, 17, 55, 1587050419207284490745637605945814619947540131431179595284480000000000000)
(18, 18, 55, 1587050419207284490745637605945814619947540131431179595284480000000000000)
(19, 19, 55, 1587050419207284490745637605945814619947540131431179595284480000000000000)
(20, 20, 55, 1587050419207284490745637605945814619947540131431179595284480000000000000)
(21, 21, 55, 1587050419207284490745637605945814619947540131431179595284480000000000000)
(22, 22, 55, 1587050419207284490745637605945814619947540131431179595284480000000000000)
(23, 23, 55, 1587050419207284490745637605945814619947540131431179595284480000000000000)
(24, 24, 55, 1587050419207284490745637605945814619947540131431179595284480000000000000)
(25, 25, 55, 1587050419207284490745637605945814619947540131431179595284480000000000000)
(26, 26, 55, 1587050419207284490745637605945814619947540131431179595284480000000000000)
(27, 27, 55, 1587050419207284490745637605945814619947540131431179595284480000000000000)
(28, 28, 55, 529016806402428163581879201981938206649180043810393198428160000000000000)
(29, 29, 55, 529016806402428163581879201981938206649180043810393198428160000000000000)
(30, 30, 55, 529016806402428163581879201981938206649180043810393198428160000000000000)
(31, 31, 55, 529016806402428163581879201981938206649180043810393198428160000000000000)
(32, 32, 55, 529016806402428163581879201981938206649180043810393198428160000000000000)
(33, 33, 55, 529016806402428163581879201981938206649180043810393198428160000000000000)
(34, 34, 55, 529016806402428163581879201981938206649180043810393198428160000000000000)
(35, 35, 55, 529016806402428163581879201981938206649180043810393198428160000000000000)
(36, 36, 55, 529016806402428163581879201981938206649180043810393198428160000000000000)
(37, 37, 55, 529016806402428163581879201981938206649180043810393198428160000000000000)
(38, 38, 55, 264508403201214081790939600990969103324590021905196599214080000000000000)
(39, 39, 55, 264508403201214081790939600990969103324590021905196599214080000000000000)
(40, 40, 55, 264508403201214081790939600990969103324590021905196599214080000000000000)
(41, 41, 55, 264508403201214081790939600990969103324590021905196599214080000000000000)
(42, 42, 55, 158705041920728449074563760594581461994754013143117959528448000000000000)
(43, 43, 55, 158705041920728449074563760594581461994754013143117959528448000000000000)
(44, 44, 55, 634820167682913796298255042378325847979016052572471838113792000000000000)
(45, 45, 55, 105803361280485632716375840396387641329836008762078639685632000000000000)
(46, 46, 55, 75573829486061166225982743140276886664168577687199028346880000000000000)
(47, 47, 55, 151147658972122332451965486280553773328337155374398056693760000000000000)
(48, 48, 55, 56680372114545874669487057355207664998126433265399271260160000000000000)
(49, 49, 55, 70535574186990421810917226930925094219890672508052426457088000000000000)
(50, 50, 55, 288554621674051725590115928353784476354098205714759926415360000000000000)
(51, 51, 55, 17440114496783346052149863801602358460961979466276698849280000000000000)
(52, 52, 55, 9280996603551371290910161438279617660511930593164792954880000000000000)
(53, 53, 55, 8397092165117907358442527015586320740463175298577669816320000000000000)
(54, 54, 55, 115421848669620690236046371341513790541639282285903970566144000000000000)
(2, 2, 56, 88874823475607931481755705932965618717062247360146057335930880000000000000)
(3, 3, 56, 88874823475607931481755705932965618717062247360146057335930880000000000000)
(4, 4, 56, 88874823475607931481755705932965618717062247360146057335930880000000000000)
(5, 5, 56, 88874823475607931481755705932965618717062247360146057335930880000000000000)
(6, 6, 56, 88874823475607931481755705932965618717062247360146057335930880000000000000)
(7, 7, 56, 88874823475607931481755705932965618717062247360146057335930880000000000000)
(8, 8, 56, 88874823475607931481755705932965618717062247360146057335930880000000000000)
(9, 9, 56, 88874823475607931481755705932965618717062247360146057335930880000000000000)
(10, 10, 56, 88874823475607931481755705932965618717062247360146057335930880000000000000)
(11, 11, 56, 88874823475607931481755705932965618717062247360146057335930880000000000000)
(12, 12, 56, 88874823475607931481755705932965618717062247360146057335930880000000000000)
(13, 13, 56, 88874823475607931481755705932965618717062247360146057335930880000000000000)
(14, 14, 56, 88874823475607931481755705932965618717062247360146057335930880000000000000)
(15, 15, 56, 88874823475607931481755705932965618717062247360146057335930880000000000000)
(16, 16, 56, 88874823475607931481755705932965618717062247360146057335930880000000000000)
(17, 17, 56, 88874823475607931481755705932965618717062247360146057335930880000000000000)
(18, 18, 56, 88874823475607931481755705932965618717062247360146057335930880000000000000)
(19, 19, 56, 88874823475607931481755705932965618717062247360146057335930880000000000000)
(20, 20, 56, 88874823475607931481755705932965618717062247360146057335930880000000000000)
(21, 21, 56, 88874823475607931481755705932965618717062247360146057335930880000000000000)
(22, 22, 56, 88874823475607931481755705932965618717062247360146057335930880000000000000)
(23, 23, 56, 88874823475607931481755705932965618717062247360146057335930880000000000000)
(24, 24, 56, 88874823475607931481755705932965618717062247360146057335930880000000000000)
(25, 25, 56, 88874823475607931481755705932965618717062247360146057335930880000000000000)
(26, 26, 56, 88874823475607931481755705932965618717062247360146057335930880000000000000)
(27, 27, 56, 88874823475607931481755705932965618717062247360146057335930880000000000000)
(28, 28, 56, 88874823475607931481755705932965618717062247360146057335930880000000000000)
(29, 29, 56, 29624941158535977160585235310988539572354082453382019111976960000000000000)
(30, 30, 56, 29624941158535977160585235310988539572354082453382019111976960000000000000)
(31, 31, 56, 29624941158535977160585235310988539572354082453382019111976960000000000000)
(32, 32, 56, 29624941158535977160585235310988539572354082453382019111976960000000000000)
(33, 33, 56, 29624941158535977160585235310988539572354082453382019111976960000000000000)
(34, 34, 56, 29624941158535977160585235310988539572354082453382019111976960000000000000)
(35, 35, 56, 29624941158535977160585235310988539572354082453382019111976960000000000000)
(36, 36, 56, 29624941158535977160585235310988539572354082453382019111976960000000000000)
(37, 37, 56, 59249882317071954321170470621977079144708164906764038223953920000000000000)
(38, 38, 56, 14812470579267988580292617655494269786177041226691009555988480000000000000)
(39, 39, 56, 14812470579267988580292617655494269786177041226691009555988480000000000000)
(40, 40, 56, 14812470579267988580292617655494269786177041226691009555988480000000000000)
(41, 41, 56, 14812470579267988580292617655494269786177041226691009555988480000000000000)
(42, 42, 56, 44437411737803965740877852966482809358531123680073028667965440000000000000)
(43, 43, 56, 8887482347560793148175570593296561871706224736014605733593088000000000000)
(44, 44, 56, 8887482347560793148175570593296561871706224736014605733593088000000000000)
(45, 45, 56, 11849976463414390864234094124395415828941632981352807644790784000000000000)
(46, 46, 56, 5924988231707195432117047062197707914470816490676403822395392000000000000)
(47, 47, 56, 4232134451219425308655033615855505653193440350483145587425280000000000000)
(48, 48, 56, 25392806707316551851930201695133033919160642102898873524551680000000000000)
(49, 49, 56, 22218705868901982870438926483241404679265561840036514333982720000000000000)
(50, 50, 56, 1974996077235731810705682354065902638156938830225467940798464000000000000)
(51, 51, 56, 2693176468957816105507748664635321779304916586671092646543360000000000000)
(52, 52, 56, 12696403353658275925965100847566516959580321051449436762275840000000000000)
(53, 53, 56, 1039471619597753584581938081087317177977336226434456810946560000000000000)
(54, 54, 56, 6348201676829137962982550423783258479790160525724718381137920000000000000)
(55, 55, 56, 6348201676829137962982550423783258479790160525724718381137920000000000000)
(2, 2, 57, 5065864938109652094460075238179040266872548099528325268148060160000000000000)
(3, 3, 57, 5065864938109652094460075238179040266872548099528325268148060160000000000000)
(4, 4, 57, 5065864938109652094460075238179040266872548099528325268148060160000000000000)
(5, 5, 57, 5065864938109652094460075238179040266872548099528325268148060160000000000000)
(6, 6, 57, 5065864938109652094460075238179040266872548099528325268148060160000000000000)
(7, 7, 57, 5065864938109652094460075238179040266872548099528325268148060160000000000000)
(8, 8, 57, 5065864938109652094460075238179040266872548099528325268148060160000000000000)
(9, 9, 57, 5065864938109652094460075238179040266872548099528325268148060160000000000000)
(10, 10, 57, 5065864938109652094460075238179040266872548099528325268148060160000000000000)
(11, 11, 57, 5065864938109652094460075238179040266872548099528325268148060160000000000000)
(12, 12, 57, 5065864938109652094460075238179040266872548099528325268148060160000000000000)
(13, 13, 57, 5065864938109652094460075238179040266872548099528325268148060160000000000000)
(14, 14, 57, 5065864938109652094460075238179040266872548099528325268148060160000000000000)
(15, 15, 57, 5065864938109652094460075238179040266872548099528325268148060160000000000000)
(16, 16, 57, 5065864938109652094460075238179040266872548099528325268148060160000000000000)
(17, 17, 57, 5065864938109652094460075238179040266872548099528325268148060160000000000000)
(18, 18, 57, 5065864938109652094460075238179040266872548099528325268148060160000000000000)
(19, 19, 57, 5065864938109652094460075238179040266872548099528325268148060160000000000000)
(20, 20, 57, 5065864938109652094460075238179040266872548099528325268148060160000000000000)
(21, 21, 57, 5065864938109652094460075238179040266872548099528325268148060160000000000000)
(22, 22, 57, 5065864938109652094460075238179040266872548099528325268148060160000000000000)
(23, 23, 57, 5065864938109652094460075238179040266872548099528325268148060160000000000000)
(24, 24, 57, 5065864938109652094460075238179040266872548099528325268148060160000000000000)
(25, 25, 57, 5065864938109652094460075238179040266872548099528325268148060160000000000000)
(26, 26, 57, 5065864938109652094460075238179040266872548099528325268148060160000000000000)
(27, 27, 57, 5065864938109652094460075238179040266872548099528325268148060160000000000000)
(28, 28, 57, 5065864938109652094460075238179040266872548099528325268148060160000000000000)
(29, 29, 57, 1688621646036550698153358412726346755624182699842775089382686720000000000000)
(30, 30, 57, 1688621646036550698153358412726346755624182699842775089382686720000000000000)
(31, 31, 57, 1688621646036550698153358412726346755624182699842775089382686720000000000000)
(32, 32, 57, 1688621646036550698153358412726346755624182699842775089382686720000000000000)
(33, 33, 57, 1688621646036550698153358412726346755624182699842775089382686720000000000000)
(34, 34, 57, 1688621646036550698153358412726346755624182699842775089382686720000000000000)
(35, 35, 57, 1688621646036550698153358412726346755624182699842775089382686720000000000000)
(36, 36, 57, 1688621646036550698153358412726346755624182699842775089382686720000000000000)
(37, 37, 57, 1688621646036550698153358412726346755624182699842775089382686720000000000000)
(38, 38, 57, 3377243292073101396306716825452693511248365399685550178765373440000000000000)
(39, 39, 57, 844310823018275349076679206363173377812091349921387544691343360000000000000)
(40, 40, 57, 844310823018275349076679206363173377812091349921387544691343360000000000000)
(41, 41, 57, 844310823018275349076679206363173377812091349921387544691343360000000000000)
(42, 42, 57, 844310823018275349076679206363173377812091349921387544691343360000000000000)
(43, 43, 57, 506586493810965209446007523817904026687254809952832526814806016000000000000)
(44, 44, 57, 506586493810965209446007523817904026687254809952832526814806016000000000000)
(45, 45, 57, 506586493810965209446007523817904026687254809952832526814806016000000000000)
(46, 46, 57, 337724329207310139630671682545269351124836539968555017876537344000000000000)
(47, 47, 57, 337724329207310139630671682545269351124836539968555017876537344000000000000)
(48, 48, 57, 241231663719507242593336916103763822232026099977539298483240960000000000000)
(49, 49, 57, 361847495579260863890005374155645733348039149966308947724861440000000000000)
(50, 50, 57, 140718470503045891512779867727195562968681891653564590781890560000000000000)
(51, 51, 57, 112574776402436713210223894181756450374945513322851672625512448000000000000)
(52, 52, 57, 76755529365297759006970836942106670710190122720126140426485760000000000000)
(53, 53, 57, 48246332743901448518667383220752764446405219995507859696648192000000000000)
(54, 54, 57, 533248940853647588890534235597793712302373484160876344015585280000000000000)
(55, 55, 57, 24954999695121438888965887872803154024002699997676479153438720000000000000)
(56, 56, 57, 355499293902431725927022823731862474868248989440584229343723520000000000000)
(2, 2, 58, 293820166410359821478684363814384335478607789772642865552587489280000000000000)
(3, 3, 58, 293820166410359821478684363814384335478607789772642865552587489280000000000000)
(4, 4, 58, 293820166410359821478684363814384335478607789772642865552587489280000000000000)
(5, 5, 58, 293820166410359821478684363814384335478607789772642865552587489280000000000000)
(6, 6, 58, 293820166410359821478684363814384335478607789772642865552587489280000000000000)
(7, 7, 58, 293820166410359821478684363814384335478607789772642865552587489280000000000000)
(8, 8, 58, 293820166410359821478684363814384335478607789772642865552587489280000000000000)
(9, 9, 58, 293820166410359821478684363814384335478607789772642865552587489280000000000000)
(10, 10, 58, 293820166410359821478684363814384335478607789772642865552587489280000000000000)
(11, 11, 58, 293820166410359821478684363814384335478607789772642865552587489280000000000000)
(12, 12, 58, 293820166410359821478684363814384335478607789772642865552587489280000000000000)
(13, 13, 58, 293820166410359821478684363814384335478607789772642865552587489280000000000000)
(14, 14, 58, 293820166410359821478684363814384335478607789772642865552587489280000000000000)
(15, 15, 58, 293820166410359821478684363814384335478607789772642865552587489280000000000000)
(16, 16, 58, 293820166410359821478684363814384335478607789772642865552587489280000000000000)
(17, 17, 58, 293820166410359821478684363814384335478607789772642865552587489280000000000000)
(18, 18, 58, 293820166410359821478684363814384335478607789772642865552587489280000000000000)
(19, 19, 58, 293820166410359821478684363814384335478607789772642865552587489280000000000000)
(20, 20, 58, 293820166410359821478684363814384335478607789772642865552587489280000000000000)
(21, 21, 58, 293820166410359821478684363814384335478607789772642865552587489280000000000000)
(22, 22, 58, 293820166410359821478684363814384335478607789772642865552587489280000000000000)
(23, 23, 58, 293820166410359821478684363814384335478607789772642865552587489280000000000000)
(24, 24, 58, 293820166410359821478684363814384335478607789772642865552587489280000000000000)
(25, 25, 58, 293820166410359821478684363814384335478607789772642865552587489280000000000000)
(26, 26, 58, 293820166410359821478684363814384335478607789772642865552587489280000000000000)
(27, 27, 58, 293820166410359821478684363814384335478607789772642865552587489280000000000000)
(28, 28, 58, 293820166410359821478684363814384335478607789772642865552587489280000000000000)
(29, 29, 58, 293820166410359821478684363814384335478607789772642865552587489280000000000000)
(30, 30, 58, 97940055470119940492894787938128111826202596590880955184195829760000000000000)
(31, 31, 58, 97940055470119940492894787938128111826202596590880955184195829760000000000000)
(32, 32, 58, 97940055470119940492894787938128111826202596590880955184195829760000000000000)
(33, 33, 58, 97940055470119940492894787938128111826202596590880955184195829760000000000000)
(34, 34, 58, 97940055470119940492894787938128111826202596590880955184195829760000000000000)
(35, 35, 58, 97940055470119940492894787938128111826202596590880955184195829760000000000000)
(36, 36, 58, 97940055470119940492894787938128111826202596590880955184195829760000000000000)
(37, 37, 58, 97940055470119940492894787938128111826202596590880955184195829760000000000000)
(38, 38, 58, 97940055470119940492894787938128111826202596590880955184195829760000000000000)
(39, 39, 58, 97940055470119940492894787938128111826202596590880955184195829760000000000000)
(40, 40, 58, 48970027735059970246447393969064055913101298295440477592097914880000000000000)
(41, 41, 58, 48970027735059970246447393969064055913101298295440477592097914880000000000000)
(42, 42, 58, 48970027735059970246447393969064055913101298295440477592097914880000000000000)
(43, 43, 58, 48970027735059970246447393969064055913101298295440477592097914880000000000000)
(44, 44, 58, 29382016641035982147868436381438433547860778977264286555258748928000000000000)
(45, 45, 58, 29382016641035982147868436381438433547860778977264286555258748928000000000000)
(46, 46, 58, 29382016641035982147868436381438433547860778977264286555258748928000000000000)
(47, 47, 58, 19588011094023988098578957587625622365240519318176191036839165952000000000000)
(48, 48, 58, 19588011094023988098578957587625622365240519318176191036839165952000000000000)
(49, 49, 58, 13991436495731420070413541134018301689457513798697279312027975680000000000000)
(50, 50, 58, 10493577371798565052810155850513726267093135349022959484020981760000000000000)
(51, 51, 58, 8161671289176661707741232328177342652183549715906746265349652480000000000000)
(52, 52, 58, 6529337031341329366192985862541874121746839772725397012279721984000000000000)
(53, 53, 58, 4451820703187270022404308542642186901191027117767316144736174080000000000000)
(54, 54, 58, 2798287299146284014082708226803660337891502759739455862405595136000000000000)
(55, 55, 58, 3092843856951156015565098566467203531353766208133082795290394624000000000000)
(56, 56, 58, 20263459752438608377840300952716161067490192398113301072592240640000000000000)
(57, 57, 58, 20263459752438608377840300952716161067490192398113301072592240640000000000000)
(2, 2, 59, 17335389818211229467242377465048675793237859596585929067602661867520000000000000)
(3, 3, 59, 17335389818211229467242377465048675793237859596585929067602661867520000000000000)
(4, 4, 59, 17335389818211229467242377465048675793237859596585929067602661867520000000000000)
(5, 5, 59, 17335389818211229467242377465048675793237859596585929067602661867520000000000000)
(6, 6, 59, 17335389818211229467242377465048675793237859596585929067602661867520000000000000)
(7, 7, 59, 17335389818211229467242377465048675793237859596585929067602661867520000000000000)
(8, 8, 59, 17335389818211229467242377465048675793237859596585929067602661867520000000000000)
(9, 9, 59, 17335389818211229467242377465048675793237859596585929067602661867520000000000000)
(10, 10, 59, 17335389818211229467242377465048675793237859596585929067602661867520000000000000)
(11, 11, 59, 17335389818211229467242377465048675793237859596585929067602661867520000000000000)
(12, 12, 59, 17335389818211229467242377465048675793237859596585929067602661867520000000000000)
(13, 13, 59, 17335389818211229467242377465048675793237859596585929067602661867520000000000000)
(14, 14, 59, 17335389818211229467242377465048675793237859596585929067602661867520000000000000)
(15, 15, 59, 17335389818211229467242377465048675793237859596585929067602661867520000000000000)
(16, 16, 59, 17335389818211229467242377465048675793237859596585929067602661867520000000000000)
(17, 17, 59, 17335389818211229467242377465048675793237859596585929067602661867520000000000000)
(18, 18, 59, 17335389818211229467242377465048675793237859596585929067602661867520000000000000)
(19, 19, 59, 17335389818211229467242377465048675793237859596585929067602661867520000000000000)
(20, 20, 59, 17335389818211229467242377465048675793237859596585929067602661867520000000000000)
(21, 21, 59, 17335389818211229467242377465048675793237859596585929067602661867520000000000000)
(22, 22, 59, 17335389818211229467242377465048675793237859596585929067602661867520000000000000)
(23, 23, 59, 17335389818211229467242377465048675793237859596585929067602661867520000000000000)
(24, 24, 59, 17335389818211229467242377465048675793237859596585929067602661867520000000000000)
(25, 25, 59, 17335389818211229467242377465048675793237859596585929067602661867520000000000000)
(26, 26, 59, 17335389818211229467242377465048675793237859596585929067602661867520000000000000)
(27, 27, 59, 17335389818211229467242377465048675793237859596585929067602661867520000000000000)
(28, 28, 59, 17335389818211229467242377465048675793237859596585929067602661867520000000000000)
(29, 29, 59, 17335389818211229467242377465048675793237859596585929067602661867520000000000000)
(30, 30, 59, 5778463272737076489080792488349558597745953198861976355867553955840000000000000)
(31, 31, 59, 5778463272737076489080792488349558597745953198861976355867553955840000000000000)
(32, 32, 59, 5778463272737076489080792488349558597745953198861976355867553955840000000000000)
(33, 33, 59, 5778463272737076489080792488349558597745953198861976355867553955840000000000000)
(34, 34, 59, 5778463272737076489080792488349558597745953198861976355867553955840000000000000)
(35, 35, 59, 5778463272737076489080792488349558597745953198861976355867553955840000000000000)
(36, 36, 59, 5778463272737076489080792488349558597745953198861976355867553955840000000000000)
(37, 37, 59, 5778463272737076489080792488349558597745953198861976355867553955840000000000000)
(38, 38, 59, 5778463272737076489080792488349558597745953198861976355867553955840000000000000)
(39, 39, 59, 11556926545474152978161584976699117195491906397723952711735107911680000000000000)
(40, 40, 59, 2889231636368538244540396244174779298872976599430988177933776977920000000000000)
(41, 41, 59, 2889231636368538244540396244174779298872976599430988177933776977920000000000000)
(42, 42, 59, 2889231636368538244540396244174779298872976599430988177933776977920000000000000)
(43, 43, 59, 2889231636368538244540396244174779298872976599430988177933776977920000000000000)
(44, 44, 59, 2889231636368538244540396244174779298872976599430988177933776977920000000000000)
(45, 45, 59, 1733538981821122946724237746504867579323785959658592906760266186752000000000000)
(46, 46, 59, 1733538981821122946724237746504867579323785959658592906760266186752000000000000)
(47, 47, 59, 3467077963642245893448475493009735158647571919317185813520532373504000000000000)
(48, 48, 59, 1155692654547415297816158497669911719549190639772395271173510791168000000000000)
(49, 49, 59, 1155692654547415297816158497669911719549190639772395271173510791168000000000000)
(50, 50, 59, 825494753248153784154398926907079799677993314123139479409650565120000000000000)
(51, 51, 59, 619121064936115338115799195180309849758494985592354609557237923840000000000000)
(52, 52, 59, 481538606061423040756732707362463216478829433238498029655629496320000000000000)
(53, 53, 59, 385230884849138432605386165889970573183063546590798423724503597056000000000000)
(54, 54, 59, 262657421488048931321854204015889027170270599948271652539434270720000000000000)
(55, 55, 59, 330197901299261513661759570762831919871197325649255791763860226048000000000000)
(56, 56, 59, 91238893780059102459170407710782504174936103139925942461066641408000000000000)
(57, 57, 59, 79702941692925192952838517080683566865461423432578984218862813184000000000000)
(58, 58, 59, 1175280665641439285914737455257537341914431159090571462210349957120000000000000)
(2, 2, 60, 1040123389092673768034542647902920547594271575795155744056159712051200000000000000)
(3, 3, 60, 1040123389092673768034542647902920547594271575795155744056159712051200000000000000)
(4, 4, 60, 1040123389092673768034542647902920547594271575795155744056159712051200000000000000)
(5, 5, 60, 1040123389092673768034542647902920547594271575795155744056159712051200000000000000)
(6, 6, 60, 1040123389092673768034542647902920547594271575795155744056159712051200000000000000)
(7, 7, 60, 1040123389092673768034542647902920547594271575795155744056159712051200000000000000)
(8, 8, 60, 1040123389092673768034542647902920547594271575795155744056159712051200000000000000)
(9, 9, 60, 1040123389092673768034542647902920547594271575795155744056159712051200000000000000)
(10, 10, 60, 1040123389092673768034542647902920547594271575795155744056159712051200000000000000)
(11, 11, 60, 1040123389092673768034542647902920547594271575795155744056159712051200000000000000)
(12, 12, 60, 1040123389092673768034542647902920547594271575795155744056159712051200000000000000)
(13, 13, 60, 1040123389092673768034542647902920547594271575795155744056159712051200000000000000)
(14, 14, 60, 1040123389092673768034542647902920547594271575795155744056159712051200000000000000)
(15, 15, 60, 1040123389092673768034542647902920547594271575795155744056159712051200000000000000)
(16, 16, 60, 1040123389092673768034542647902920547594271575795155744056159712051200000000000000)
(17, 17, 60, 1040123389092673768034542647902920547594271575795155744056159712051200000000000000)
(18, 18, 60, 1040123389092673768034542647902920547594271575795155744056159712051200000000000000)
(19, 19, 60, 1040123389092673768034542647902920547594271575795155744056159712051200000000000000)
(20, 20, 60, 1040123389092673768034542647902920547594271575795155744056159712051200000000000000)
(21, 21, 60, 1040123389092673768034542647902920547594271575795155744056159712051200000000000000)
(22, 22, 60, 1040123389092673768034542647902920547594271575795155744056159712051200000000000000)
(23, 23, 60, 1040123389092673768034542647902920547594271575795155744056159712051200000000000000)
(24, 24, 60, 1040123389092673768034542647902920547594271575795155744056159712051200000000000000)
(25, 25, 60, 1040123389092673768034542647902920547594271575795155744056159712051200000000000000)
(26, 26, 60, 1040123389092673768034542647902920547594271575795155744056159712051200000000000000)
(27, 27, 60, 1040123389092673768034542647902920547594271575795155744056159712051200000000000000)
(28, 28, 60, 1040123389092673768034542647902920547594271575795155744056159712051200000000000000)
(29, 29, 60, 1040123389092673768034542647902920547594271575795155744056159712051200000000000000)
(30, 30, 60, 1040123389092673768034542647902920547594271575795155744056159712051200000000000000)
(31, 31, 60, 346707796364224589344847549300973515864757191931718581352053237350400000000000000)
(32, 32, 60, 346707796364224589344847549300973515864757191931718581352053237350400000000000000)
(33, 33, 60, 346707796364224589344847549300973515864757191931718581352053237350400000000000000)
(34, 34, 60, 346707796364224589344847549300973515864757191931718581352053237350400000000000000)
(35, 35, 60, 346707796364224589344847549300973515864757191931718581352053237350400000000000000)
(36, 36, 60, 346707796364224589344847549300973515864757191931718581352053237350400000000000000)
(37, 37, 60, 346707796364224589344847549300973515864757191931718581352053237350400000000000000)
(38, 38, 60, 346707796364224589344847549300973515864757191931718581352053237350400000000000000)
(39, 39, 60, 346707796364224589344847549300973515864757191931718581352053237350400000000000000)
(40, 40, 60, 693415592728449178689695098601947031729514383863437162704106474700800000000000000)
(41, 41, 60, 173353898182112294672423774650486757932378595965859290676026618675200000000000000)
(42, 42, 60, 173353898182112294672423774650486757932378595965859290676026618675200000000000000)
(43, 43, 60, 173353898182112294672423774650486757932378595965859290676026618675200000000000000)
(44, 44, 60, 173353898182112294672423774650486757932378595965859290676026618675200000000000000)
(45, 45, 60, 520061694546336884017271323951460273797135787897577872028079856025600000000000000)
(46, 46, 60, 104012338909267376803454264790292054759427157579515574405615971205120000000000000)
(47, 47, 60, 104012338909267376803454264790292054759427157579515574405615971205120000000000000)
(48, 48, 60, 416049355637069507213817059161168219037708630318062297622463884820480000000000000)
(49, 49, 60, 69341559272844917868969509860194703172951438386343716270410647470080000000000000)
(50, 50, 60, 346707796364224589344847549300973515864757191931718581352053237350400000000000000)
(51, 51, 60, 49529685194889227049263935614424787980679598847388368764579033907200000000000000)
(52, 52, 60, 37147263896166920286947951710818590985509699135541276573434275430400000000000000)
(53, 53, 60, 28892316363685382445403962441747792988729765994309881779337769779200000000000000)
(54, 54, 60, 208024677818534753606908529580584109518854315159031148811231942410240000000000000)
(55, 55, 60, 173353898182112294672423774650486757932378595965859290676026618675200000000000000)
(56, 56, 60, 138683118545689835737939019720389406345902876772687432540821294940160000000000000)
(57, 57, 60, 104012338909267376803454264790292054759427157579515574405615971205120000000000000)
(58, 58, 60, 69341559272844917868969509860194703172951438386343716270410647470080000000000000)
(59, 59, 60, 69341559272844917868969509860194703172951438386343716270410647470080000000000000)
(2, 2, 61, 63447526734653099850107101522078153403250566123504500387425742435123200000000000000)
(3, 3, 61, 63447526734653099850107101522078153403250566123504500387425742435123200000000000000)
(4, 4, 61, 63447526734653099850107101522078153403250566123504500387425742435123200000000000000)
(5, 5, 61, 63447526734653099850107101522078153403250566123504500387425742435123200000000000000)
(6, 6, 61, 63447526734653099850107101522078153403250566123504500387425742435123200000000000000)
(7, 7, 61, 63447526734653099850107101522078153403250566123504500387425742435123200000000000000)
(8, 8, 61, 63447526734653099850107101522078153403250566123504500387425742435123200000000000000)
(9, 9, 61, 63447526734653099850107101522078153403250566123504500387425742435123200000000000000)
(10, 10, 61, 63447526734653099850107101522078153403250566123504500387425742435123200000000000000)
(11, 11, 61, 63447526734653099850107101522078153403250566123504500387425742435123200000000000000)
(12, 12, 61, 63447526734653099850107101522078153403250566123504500387425742435123200000000000000)
(13, 13, 61, 63447526734653099850107101522078153403250566123504500387425742435123200000000000000)
(14, 14, 61, 63447526734653099850107101522078153403250566123504500387425742435123200000000000000)
(15, 15, 61, 63447526734653099850107101522078153403250566123504500387425742435123200000000000000)
(16, 16, 61, 63447526734653099850107101522078153403250566123504500387425742435123200000000000000)
(17, 17, 61, 63447526734653099850107101522078153403250566123504500387425742435123200000000000000)
(18, 18, 61, 63447526734653099850107101522078153403250566123504500387425742435123200000000000000)
(19, 19, 61, 63447526734653099850107101522078153403250566123504500387425742435123200000000000000)
(20, 20, 61, 63447526734653099850107101522078153403250566123504500387425742435123200000000000000)
(21, 21, 61, 63447526734653099850107101522078153403250566123504500387425742435123200000000000000)
(22, 22, 61, 63447526734653099850107101522078153403250566123504500387425742435123200000000000000)
(23, 23, 61, 63447526734653099850107101522078153403250566123504500387425742435123200000000000000)
(24, 24, 61, 63447526734653099850107101522078153403250566123504500387425742435123200000000000000)
(25, 25, 61, 63447526734653099850107101522078153403250566123504500387425742435123200000000000000)
(26, 26, 61, 63447526734653099850107101522078153403250566123504500387425742435123200000000000000)
(27, 27, 61, 63447526734653099850107101522078153403250566123504500387425742435123200000000000000)
(28, 28, 61, 63447526734653099850107101522078153403250566123504500387425742435123200000000000000)
(29, 29, 61, 63447526734653099850107101522078153403250566123504500387425742435123200000000000000)
(30, 30, 61, 63447526734653099850107101522078153403250566123504500387425742435123200000000000000)
(31, 31, 61, 21149175578217699950035700507359384467750188707834833462475247478374400000000000000)
(32, 32, 61, 21149175578217699950035700507359384467750188707834833462475247478374400000000000000)
(33, 33, 61, 21149175578217699950035700507359384467750188707834833462475247478374400000000000000)
(34, 34, 61, 21149175578217699950035700507359384467750188707834833462475247478374400000000000000)
(35, 35, 61, 21149175578217699950035700507359384467750188707834833462475247478374400000000000000)
(36, 36, 61, 21149175578217699950035700507359384467750188707834833462475247478374400000000000000)
(37, 37, 61, 21149175578217699950035700507359384467750188707834833462475247478374400000000000000)
(38, 38, 61, 21149175578217699950035700507359384467750188707834833462475247478374400000000000000)
(39, 39, 61, 21149175578217699950035700507359384467750188707834833462475247478374400000000000000)
(40, 40, 61, 21149175578217699950035700507359384467750188707834833462475247478374400000000000000)
(41, 41, 61, 21149175578217699950035700507359384467750188707834833462475247478374400000000000000)
(42, 42, 61, 10574587789108849975017850253679692233875094353917416731237623739187200000000000000)
(43, 43, 61, 10574587789108849975017850253679692233875094353917416731237623739187200000000000000)
(44, 44, 61, 10574587789108849975017850253679692233875094353917416731237623739187200000000000000)
(45, 45, 61, 10574587789108849975017850253679692233875094353917416731237623739187200000000000000)
(46, 46, 61, 6344752673465309985010710152207815340325056612350450038742574243512320000000000000)
(47, 47, 61, 6344752673465309985010710152207815340325056612350450038742574243512320000000000000)
(48, 48, 61, 6344752673465309985010710152207815340325056612350450038742574243512320000000000000)
(49, 49, 61, 8459670231287079980014280202943753787100075483133933384990098991349760000000000000)
(50, 50, 61, 4229835115643539990007140101471876893550037741566966692495049495674880000000000000)
(51, 51, 61, 3021310796888242850005100072479912066821455529690690494639321068339200000000000000)
(52, 52, 61, 3021310796888242850005100072479912066821455529690690494639321068339200000000000000)
(53, 53, 61, 2265983097666182137503825054359934050116091647268017870979490801254400000000000000)
(54, 54, 61, 1762431298184808329169641708946615372312515725652902788539603956531200000000000000)
(55, 55, 61, 1153591395175510906365583664037784607331828474972809097953195317002240000000000000)
(56, 56, 61, 813429829931449998078296173359976325682699565685955133172124903014400000000000000)
(57, 57, 61, 1057458778910884997501785025367969223387509435391741673123762373918720000000000000)
(58, 58, 61, 302131079688824285000510007247991206682145552969069049463932106833920000000000000)
(59, 59, 61, 272892588106034838064976780740121089906454047843030109193228999720960000000000000)
(60, 60, 61, 4160493556370695072138170591611682190377086303180622976224638848204800000000000000)
(2, 2, 62, 3933746657548492190706640294368845511001535099657279024020396030977638400000000000000)
(3, 3, 62, 3933746657548492190706640294368845511001535099657279024020396030977638400000000000000)
(4, 4, 62, 3933746657548492190706640294368845511001535099657279024020396030977638400000000000000)
(5, 5, 62, 3933746657548492190706640294368845511001535099657279024020396030977638400000000000000)
(6, 6, 62, 3933746657548492190706640294368845511001535099657279024020396030977638400000000000000)
(7, 7, 62, 3933746657548492190706640294368845511001535099657279024020396030977638400000000000000)
(8, 8, 62, 3933746657548492190706640294368845511001535099657279024020396030977638400000000000000)
(9, 9, 62, 3933746657548492190706640294368845511001535099657279024020396030977638400000000000000)
(10, 10, 62, 3933746657548492190706640294368845511001535099657279024020396030977638400000000000000)
(11, 11, 62, 3933746657548492190706640294368845511001535099657279024020396030977638400000000000000)
(12, 12, 62, 3933746657548492190706640294368845511001535099657279024020396030977638400000000000000)
(13, 13, 62, 3933746657548492190706640294368845511001535099657279024020396030977638400000000000000)
(14, 14, 62, 3933746657548492190706640294368845511001535099657279024020396030977638400000000000000)
(15, 15, 62, 3933746657548492190706640294368845511001535099657279024020396030977638400000000000000)
(16, 16, 62, 3933746657548492190706640294368845511001535099657279024020396030977638400000000000000)
(17, 17, 62, 3933746657548492190706640294368845511001535099657279024020396030977638400000000000000)
(18, 18, 62, 3933746657548492190706640294368845511001535099657279024020396030977638400000000000000)
(19, 19, 62, 3933746657548492190706640294368845511001535099657279024020396030977638400000000000000)
(20, 20, 62, 3933746657548492190706640294368845511001535099657279024020396030977638400000000000000)
(21, 21, 62, 3933746657548492190706640294368845511001535099657279024020396030977638400000000000000)
(22, 22, 62, 3933746657548492190706640294368845511001535099657279024020396030977638400000000000000)
(23, 23, 62, 3933746657548492190706640294368845511001535099657279024020396030977638400000000000000)
(24, 24, 62, 3933746657548492190706640294368845511001535099657279024020396030977638400000000000000)
(25, 25, 62, 3933746657548492190706640294368845511001535099657279024020396030977638400000000000000)
(26, 26, 62, 3933746657548492190706640294368845511001535099657279024020396030977638400000000000000)
(27, 27, 62, 3933746657548492190706640294368845511001535099657279024020396030977638400000000000000)
(28, 28, 62, 3933746657548492190706640294368845511001535099657279024020396030977638400000000000000)
(29, 29, 62, 3933746657548492190706640294368845511001535099657279024020396030977638400000000000000)
(30, 30, 62, 3933746657548492190706640294368845511001535099657279024020396030977638400000000000000)
(31, 31, 62, 3933746657548492190706640294368845511001535099657279024020396030977638400000000000000)
(32, 32, 62, 1311248885849497396902213431456281837000511699885759674673465343659212800000000000000)
(33, 33, 62, 1311248885849497396902213431456281837000511699885759674673465343659212800000000000000)
(34, 34, 62, 1311248885849497396902213431456281837000511699885759674673465343659212800000000000000)
(35, 35, 62, 1311248885849497396902213431456281837000511699885759674673465343659212800000000000000)
(36, 36, 62, 1311248885849497396902213431456281837000511699885759674673465343659212800000000000000)
(37, 37, 62, 1311248885849497396902213431456281837000511699885759674673465343659212800000000000000)
(38, 38, 62, 1311248885849497396902213431456281837000511699885759674673465343659212800000000000000)
(39, 39, 62, 1311248885849497396902213431456281837000511699885759674673465343659212800000000000000)
(40, 40, 62, 1311248885849497396902213431456281837000511699885759674673465343659212800000000000000)
(41, 41, 62, 2622497771698994793804426862912563674001023399771519349346930687318425600000000000000)
(42, 42, 62, 655624442924748698451106715728140918500255849942879837336732671829606400000000000000)
(43, 43, 62, 655624442924748698451106715728140918500255849942879837336732671829606400000000000000)
(44, 44, 62, 655624442924748698451106715728140918500255849942879837336732671829606400000000000000)
(45, 45, 62, 655624442924748698451106715728140918500255849942879837336732671829606400000000000000)
(46, 46, 62, 655624442924748698451106715728140918500255849942879837336732671829606400000000000000)
(47, 47, 62, 393374665754849219070664029436884551100153509965727902402039603097763840000000000000)
(48, 48, 62, 393374665754849219070664029436884551100153509965727902402039603097763840000000000000)
(49, 49, 62, 393374665754849219070664029436884551100153509965727902402039603097763840000000000000)
(50, 50, 62, 262249777169899479380442686291256367400102339977151934934693068731842560000000000000)
(51, 51, 62, 262249777169899479380442686291256367400102339977151934934693068731842560000000000000)
(52, 52, 62, 187321269407071056700316204493754548142930242840822810667637906237030400000000000000)
(53, 53, 62, 374642538814142113400632408987509096285860485681645621335275812474060800000000000000)
(54, 54, 62, 140490952055303292525237153370315911107197682130617108000728429677772800000000000000)
(55, 55, 62, 218541480974916232817035571909380306166751949980959945778910890609868800000000000000)
(56, 56, 62, 71522666500881676194666187170342645654573365448314164073098109654138880000000000000)
(57, 57, 62, 50432649455749899880854362748318532192327373072529218256671743986892800000000000000)
(58, 58, 62, 32781222146237434922555335786407045925012792497143991866836633591480320000000000000)
(59, 59, 62, 37464253881414211340063240898750909628586048568164562133527581247406080000000000000)
(60, 60, 62, 253790106938612399400428406088312613613002264494018001549702969740492800000000000000)
(61, 61, 62, 253790106938612399400428406088312613613002264494018001549702969740492800000000000000)
(2, 2, 63, 247826039425555008014518338545237267193096711278408578513284949951591219200000000000000)
(3, 3, 63, 247826039425555008014518338545237267193096711278408578513284949951591219200000000000000)
(4, 4, 63, 247826039425555008014518338545237267193096711278408578513284949951591219200000000000000)
(5, 5, 63, 247826039425555008014518338545237267193096711278408578513284949951591219200000000000000)
(6, 6, 63, 247826039425555008014518338545237267193096711278408578513284949951591219200000000000000)
(7, 7, 63, 247826039425555008014518338545237267193096711278408578513284949951591219200000000000000)
(8, 8, 63, 247826039425555008014518338545237267193096711278408578513284949951591219200000000000000)
(9, 9, 63, 247826039425555008014518338545237267193096711278408578513284949951591219200000000000000)
(10, 10, 63, 247826039425555008014518338545237267193096711278408578513284949951591219200000000000000)
(11, 11, 63, 247826039425555008014518338545237267193096711278408578513284949951591219200000000000000)
(12, 12, 63, 247826039425555008014518338545237267193096711278408578513284949951591219200000000000000)
(13, 13, 63, 247826039425555008014518338545237267193096711278408578513284949951591219200000000000000)
(14, 14, 63, 247826039425555008014518338545237267193096711278408578513284949951591219200000000000000)
(15, 15, 63, 247826039425555008014518338545237267193096711278408578513284949951591219200000000000000)
(16, 16, 63, 247826039425555008014518338545237267193096711278408578513284949951591219200000000000000)
(17, 17, 63, 247826039425555008014518338545237267193096711278408578513284949951591219200000000000000)
(18, 18, 63, 247826039425555008014518338545237267193096711278408578513284949951591219200000000000000)
(19, 19, 63, 247826039425555008014518338545237267193096711278408578513284949951591219200000000000000)
(20, 20, 63, 247826039425555008014518338545237267193096711278408578513284949951591219200000000000000)
(21, 21, 63, 247826039425555008014518338545237267193096711278408578513284949951591219200000000000000)
(22, 22, 63, 247826039425555008014518338545237267193096711278408578513284949951591219200000000000000)
(23, 23, 63, 247826039425555008014518338545237267193096711278408578513284949951591219200000000000000)
(24, 24, 63, 247826039425555008014518338545237267193096711278408578513284949951591219200000000000000)
(25, 25, 63, 247826039425555008014518338545237267193096711278408578513284949951591219200000000000000)
(26, 26, 63, 247826039425555008014518338545237267193096711278408578513284949951591219200000000000000)
(27, 27, 63, 247826039425555008014518338545237267193096711278408578513284949951591219200000000000000)
(28, 28, 63, 247826039425555008014518338545237267193096711278408578513284949951591219200000000000000)
(29, 29, 63, 247826039425555008014518338545237267193096711278408578513284949951591219200000000000000)
(30, 30, 63, 247826039425555008014518338545237267193096711278408578513284949951591219200000000000000)
(31, 31, 63, 247826039425555008014518338545237267193096711278408578513284949951591219200000000000000)
(32, 32, 63, 82608679808518336004839446181745755731032237092802859504428316650530406400000000000000)
(33, 33, 63, 82608679808518336004839446181745755731032237092802859504428316650530406400000000000000)
(34, 34, 63, 82608679808518336004839446181745755731032237092802859504428316650530406400000000000000)
(35, 35, 63, 82608679808518336004839446181745755731032237092802859504428316650530406400000000000000)
(36, 36, 63, 82608679808518336004839446181745755731032237092802859504428316650530406400000000000000)
(37, 37, 63, 82608679808518336004839446181745755731032237092802859504428316650530406400000000000000)
(38, 38, 63, 82608679808518336004839446181745755731032237092802859504428316650530406400000000000000)
(39, 39, 63, 82608679808518336004839446181745755731032237092802859504428316650530406400000000000000)
(40, 40, 63, 82608679808518336004839446181745755731032237092802859504428316650530406400000000000000)
(41, 41, 63, 82608679808518336004839446181745755731032237092802859504428316650530406400000000000000)
(42, 42, 63, 165217359617036672009678892363491511462064474185605719008856633301060812800000000000000)
(43, 43, 63, 41304339904259168002419723090872877865516118546401429752214158325265203200000000000000)
(44, 44, 63, 41304339904259168002419723090872877865516118546401429752214158325265203200000000000000)
(45, 45, 63, 41304339904259168002419723090872877865516118546401429752214158325265203200000000000000)
(46, 46, 63, 41304339904259168002419723090872877865516118546401429752214158325265203200000000000000)
(47, 47, 63, 41304339904259168002419723090872877865516118546401429752214158325265203200000000000000)
(48, 48, 63, 24782603942555500801451833854523726719309671127840857851328494995159121920000000000000)
(49, 49, 63, 24782603942555500801451833854523726719309671127840857851328494995159121920000000000000)
(50, 50, 63, 24782603942555500801451833854523726719309671127840857851328494995159121920000000000000)
(51, 51, 63, 16521735961703667200967889236349151146206447418560571900885663330106081280000000000000)
(52, 52, 63, 16521735961703667200967889236349151146206447418560571900885663330106081280000000000000)
(53, 53, 63, 11801239972645476572119920883106536533004605298971837072061188092932915200000000000000)
(54, 54, 63, 70807439835872859432719525298639219198027631793831022432367128557597491200000000000000)
(55, 55, 63, 8850929979484107429089940662329902399753453974228877804045891069699686400000000000000)
(56, 56, 63, 55072453205678890669892964121163837154021491395201906336285544433686937600000000000000)
(57, 57, 63, 4505927989555545600263969791731586676238122023243792336605180908210749440000000000000)
(58, 58, 63, 3177256915712243692493824853144067528116624503569340750170319871174246400000000000000)
(59, 59, 63, 2065216995212958400120986154543643893275805927320071487610707916263260160000000000000)
(60, 60, 63, 23602479945290953144239841766213073066009210597943674144122376185865830400000000000000)
(61, 61, 63, 999298546070786322639186848972730916101196416445195881101955443353190400000000000000)
(62, 62, 63, 15734986630193968762826561177475382044006140398629116096081584123910553600000000000000)
(2, 2, 64, 15860866523235520512929173666895185100358189521818149024850236796901838028800000000000000)
(3, 3, 64, 15860866523235520512929173666895185100358189521818149024850236796901838028800000000000000)
(4, 4, 64, 15860866523235520512929173666895185100358189521818149024850236796901838028800000000000000)
(5, 5, 64, 15860866523235520512929173666895185100358189521818149024850236796901838028800000000000000)
(6, 6, 64, 15860866523235520512929173666895185100358189521818149024850236796901838028800000000000000)
(7, 7, 64, 15860866523235520512929173666895185100358189521818149024850236796901838028800000000000000)
(8, 8, 64, 15860866523235520512929173666895185100358189521818149024850236796901838028800000000000000)
(9, 9, 64, 15860866523235520512929173666895185100358189521818149024850236796901838028800000000000000)
(10, 10, 64, 15860866523235520512929173666895185100358189521818149024850236796901838028800000000000000)
(11, 11, 64, 15860866523235520512929173666895185100358189521818149024850236796901838028800000000000000)
(12, 12, 64, 15860866523235520512929173666895185100358189521818149024850236796901838028800000000000000)
(13, 13, 64, 15860866523235520512929173666895185100358189521818149024850236796901838028800000000000000)
(14, 14, 64, 15860866523235520512929173666895185100358189521818149024850236796901838028800000000000000)
(15, 15, 64, 15860866523235520512929173666895185100358189521818149024850236796901838028800000000000000)
(16, 16, 64, 15860866523235520512929173666895185100358189521818149024850236796901838028800000000000000)
(17, 17, 64, 15860866523235520512929173666895185100358189521818149024850236796901838028800000000000000)
(18, 18, 64, 15860866523235520512929173666895185100358189521818149024850236796901838028800000000000000)
(19, 19, 64, 15860866523235520512929173666895185100358189521818149024850236796901838028800000000000000)
(20, 20, 64, 15860866523235520512929173666895185100358189521818149024850236796901838028800000000000000)
(21, 21, 64, 15860866523235520512929173666895185100358189521818149024850236796901838028800000000000000)
(22, 22, 64, 15860866523235520512929173666895185100358189521818149024850236796901838028800000000000000)
(23, 23, 64, 15860866523235520512929173666895185100358189521818149024850236796901838028800000000000000)
(24, 24, 64, 15860866523235520512929173666895185100358189521818149024850236796901838028800000000000000)
(25, 25, 64, 15860866523235520512929173666895185100358189521818149024850236796901838028800000000000000)
(26, 26, 64, 15860866523235520512929173666895185100358189521818149024850236796901838028800000000000000)
(27, 27, 64, 15860866523235520512929173666895185100358189521818149024850236796901838028800000000000000)
(28, 28, 64, 15860866523235520512929173666895185100358189521818149024850236796901838028800000000000000)
(29, 29, 64, 15860866523235520512929173666895185100358189521818149024850236796901838028800000000000000)
(30, 30, 64, 15860866523235520512929173666895185100358189521818149024850236796901838028800000000000000)
(31, 31, 64, 15860866523235520512929173666895185100358189521818149024850236796901838028800000000000000)
(32, 32, 64, 15860866523235520512929173666895185100358189521818149024850236796901838028800000000000000)
(33, 33, 64, 5286955507745173504309724555631728366786063173939383008283412265633946009600000000000000)
(34, 34, 64, 5286955507745173504309724555631728366786063173939383008283412265633946009600000000000000)
(35, 35, 64, 5286955507745173504309724555631728366786063173939383008283412265633946009600000000000000)
(36, 36, 64, 5286955507745173504309724555631728366786063173939383008283412265633946009600000000000000)
(37, 37, 64, 5286955507745173504309724555631728366786063173939383008283412265633946009600000000000000)
(38, 38, 64, 5286955507745173504309724555631728366786063173939383008283412265633946009600000000000000)
(39, 39, 64, 5286955507745173504309724555631728366786063173939383008283412265633946009600000000000000)
(40, 40, 64, 5286955507745173504309724555631728366786063173939383008283412265633946009600000000000000)
(41, 41, 64, 5286955507745173504309724555631728366786063173939383008283412265633946009600000000000000)
(42, 42, 64, 5286955507745173504309724555631728366786063173939383008283412265633946009600000000000000)
(43, 43, 64, 5286955507745173504309724555631728366786063173939383008283412265633946009600000000000000)
(44, 44, 64, 2643477753872586752154862277815864183393031586969691504141706132816973004800000000000000)
(45, 45, 64, 2643477753872586752154862277815864183393031586969691504141706132816973004800000000000000)
(46, 46, 64, 2643477753872586752154862277815864183393031586969691504141706132816973004800000000000000)
(47, 47, 64, 2643477753872586752154862277815864183393031586969691504141706132816973004800000000000000)
(48, 48, 64, 7930433261617760256464586833447592550179094760909074512425118398450919014400000000000000)
(49, 49, 64, 1586086652323552051292917366689518510035818952181814902485023679690183802880000000000000)
(50, 50, 64, 1586086652323552051292917366689518510035818952181814902485023679690183802880000000000000)
(51, 51, 64, 3172173304647104102585834733379037020071637904363629804970047359380367605760000000000000)
(52, 52, 64, 1057391101549034700861944911126345673357212634787876601656682453126789201920000000000000)
(53, 53, 64, 1057391101549034700861944911126345673357212634787876601656682453126789201920000000000000)
(54, 54, 64, 755279358249310500615674936518818338112294739134197572611916037947706572800000000000000)
(55, 55, 64, 1132919037373965750923512404778227507168442108701296358917874056921559859200000000000000)
(56, 56, 64, 3965216630808880128232293416723796275089547380454537256212559199225459507200000000000000)
(57, 57, 64, 704927401032689800574629940750897115571475089858584401104454968751192801280000000000000)
(58, 58, 64, 288379391331554918416894066670821547279239809487602709542731578125487964160000000000000)
(59, 59, 64, 406688885211167192639209581202440643598927936456875616021800943510303539200000000000000)
(60, 60, 64, 1982608315404440064116146708361898137544773690227268628106279599612729753600000000000000)
(61, 61, 64, 137323519681692818293759079367057879656780861660763195020348370535946649600000000000000)
(62, 62, 64, 991304157702220032058073354180949068772386845113634314053139799806364876800000000000000)
(63, 63, 64, 991304157702220032058073354180949068772386845113634314053139799806364876800000000000000)
(2, 2, 65, 1030956324010308833340396288348187031523282318918179686615265391798619471872000000000000000)
(3, 3, 65, 1030956324010308833340396288348187031523282318918179686615265391798619471872000000000000000)
(4, 4, 65, 1030956324010308833340396288348187031523282318918179686615265391798619471872000000000000000)
(5, 5, 65, 1030956324010308833340396288348187031523282318918179686615265391798619471872000000000000000)
(6, 6, 65, 1030956324010308833340396288348187031523282318918179686615265391798619471872000000000000000)
(7, 7, 65, 1030956324010308833340396288348187031523282318918179686615265391798619471872000000000000000)
(8, 8, 65, 1030956324010308833340396288348187031523282318918179686615265391798619471872000000000000000)
(9, 9, 65, 1030956324010308833340396288348187031523282318918179686615265391798619471872000000000000000)
(10, 10, 65, 1030956324010308833340396288348187031523282318918179686615265391798619471872000000000000000)
(11, 11, 65, 1030956324010308833340396288348187031523282318918179686615265391798619471872000000000000000)
(12, 12, 65, 1030956324010308833340396288348187031523282318918179686615265391798619471872000000000000000)
(13, 13, 65, 1030956324010308833340396288348187031523282318918179686615265391798619471872000000000000000)
(14, 14, 65, 1030956324010308833340396288348187031523282318918179686615265391798619471872000000000000000)
(15, 15, 65, 1030956324010308833340396288348187031523282318918179686615265391798619471872000000000000000)
(16, 16, 65, 1030956324010308833340396288348187031523282318918179686615265391798619471872000000000000000)
(17, 17, 65, 1030956324010308833340396288348187031523282318918179686615265391798619471872000000000000000)
(18, 18, 65, 1030956324010308833340396288348187031523282318918179686615265391798619471872000000000000000)
(19, 19, 65, 1030956324010308833340396288348187031523282318918179686615265391798619471872000000000000000)
(20, 20, 65, 1030956324010308833340396288348187031523282318918179686615265391798619471872000000000000000)
(21, 21, 65, 1030956324010308833340396288348187031523282318918179686615265391798619471872000000000000000)
(22, 22, 65, 1030956324010308833340396288348187031523282318918179686615265391798619471872000000000000000)
(23, 23, 65, 1030956324010308833340396288348187031523282318918179686615265391798619471872000000000000000)
(24, 24, 65, 1030956324010308833340396288348187031523282318918179686615265391798619471872000000000000000)
(25, 25, 65, 1030956324010308833340396288348187031523282318918179686615265391798619471872000000000000000)
(26, 26, 65, 1030956324010308833340396288348187031523282318918179686615265391798619471872000000000000000)
(27, 27, 65, 1030956324010308833340396288348187031523282318918179686615265391798619471872000000000000000)
(28, 28, 65, 1030956324010308833340396288348187031523282318918179686615265391798619471872000000000000000)
(29, 29, 65, 1030956324010308833340396288348187031523282318918179686615265391798619471872000000000000000)
(30, 30, 65, 1030956324010308833340396288348187031523282318918179686615265391798619471872000000000000000)
(31, 31, 65, 1030956324010308833340396288348187031523282318918179686615265391798619471872000000000000000)
(32, 32, 65, 1030956324010308833340396288348187031523282318918179686615265391798619471872000000000000000)
(33, 33, 65, 343652108003436277780132096116062343841094106306059895538421797266206490624000000000000000)
(34, 34, 65, 343652108003436277780132096116062343841094106306059895538421797266206490624000000000000000)
(35, 35, 65, 343652108003436277780132096116062343841094106306059895538421797266206490624000000000000000)
(36, 36, 65, 343652108003436277780132096116062343841094106306059895538421797266206490624000000000000000)
(37, 37, 65, 343652108003436277780132096116062343841094106306059895538421797266206490624000000000000000)
(38, 38, 65, 343652108003436277780132096116062343841094106306059895538421797266206490624000000000000000)
(39, 39, 65, 343652108003436277780132096116062343841094106306059895538421797266206490624000000000000000)
(40, 40, 65, 343652108003436277780132096116062343841094106306059895538421797266206490624000000000000000)
(41, 41, 65, 343652108003436277780132096116062343841094106306059895538421797266206490624000000000000000)
(42, 42, 65, 343652108003436277780132096116062343841094106306059895538421797266206490624000000000000000)
(43, 43, 65, 687304216006872555560264192232124687682188212612119791076843594532412981248000000000000000)
(44, 44, 65, 171826054001718138890066048058031171920547053153029947769210898633103245312000000000000000)
(45, 45, 65, 171826054001718138890066048058031171920547053153029947769210898633103245312000000000000000)
(46, 46, 65, 171826054001718138890066048058031171920547053153029947769210898633103245312000000000000000)
(47, 47, 65, 171826054001718138890066048058031171920547053153029947769210898633103245312000000000000000)
(48, 48, 65, 171826054001718138890066048058031171920547053153029947769210898633103245312000000000000000)
(49, 49, 65, 103095632401030883334039628834818703152328231891817968661526539179861947187200000000000000)
(50, 50, 65, 103095632401030883334039628834818703152328231891817968661526539179861947187200000000000000)
(51, 51, 65, 103095632401030883334039628834818703152328231891817968661526539179861947187200000000000000)
(52, 52, 65, 412382529604123533336158515339274812609312927567271874646106156719447788748800000000000000)
(53, 53, 65, 68730421600687255556026419223212468768218821261211979107684359453241298124800000000000000)
(54, 54, 65, 68730421600687255556026419223212468768218821261211979107684359453241298124800000000000000)
(55, 55, 65, 49093158286205182540018870873723191977299158043722842219774542466600927232000000000000000)
(56, 56, 65, 36819868714653886905014153155292393982974368532792131664830906849950695424000000000000000)
(57, 57, 65, 28637675666953023148344341343005195320091175525504991294868483105517207552000000000000000)
(58, 58, 65, 22910140533562418518675473074404156256072940420403993035894786484413766041600000000000000)
(59, 59, 65, 37489320873102139394196228667206801146301175233388352240555105156313435340800000000000000)
(60, 60, 65, 158608665232355205129291736668951851003581895218181490248502367969018380288000000000000000)
(61, 61, 65, 7580561205958153186326443296677845820024134697927791813347539645578084352000000000000000)
(62, 62, 65, 4463014389655016594547170079429381088845378003974803838161322042418266112000000000000000)
(63, 63, 65, 3905137590948139520228773819500708452739705753477953358391156787115982848000000000000000)
(64, 64, 65, 63443466092942082051716694667580740401432758087272596099400947187607352115200000000000000)
(2, 2, 66, 68043117384680383000466155030980344080536633048599859316607515858708885143552000000000000000)
(3, 3, 66, 68043117384680383000466155030980344080536633048599859316607515858708885143552000000000000000)
(4, 4, 66, 68043117384680383000466155030980344080536633048599859316607515858708885143552000000000000000)
(5, 5, 66, 68043117384680383000466155030980344080536633048599859316607515858708885143552000000000000000)
(6, 6, 66, 68043117384680383000466155030980344080536633048599859316607515858708885143552000000000000000)
(7, 7, 66, 68043117384680383000466155030980344080536633048599859316607515858708885143552000000000000000)
(8, 8, 66, 68043117384680383000466155030980344080536633048599859316607515858708885143552000000000000000)
(9, 9, 66, 68043117384680383000466155030980344080536633048599859316607515858708885143552000000000000000)
(10, 10, 66, 68043117384680383000466155030980344080536633048599859316607515858708885143552000000000000000)
(11, 11, 66, 68043117384680383000466155030980344080536633048599859316607515858708885143552000000000000000)
(12, 12, 66, 68043117384680383000466155030980344080536633048599859316607515858708885143552000000000000000)
(13, 13, 66, 68043117384680383000466155030980344080536633048599859316607515858708885143552000000000000000)
(14, 14, 66, 68043117384680383000466155030980344080536633048599859316607515858708885143552000000000000000)
(15, 15, 66, 68043117384680383000466155030980344080536633048599859316607515858708885143552000000000000000)
(16, 16, 66, 68043117384680383000466155030980344080536633048599859316607515858708885143552000000000000000)
(17, 17, 66, 68043117384680383000466155030980344080536633048599859316607515858708885143552000000000000000)
(18, 18, 66, 68043117384680383000466155030980344080536633048599859316607515858708885143552000000000000000)
(19, 19, 66, 68043117384680383000466155030980344080536633048599859316607515858708885143552000000000000000)
(20, 20, 66, 68043117384680383000466155030980344080536633048599859316607515858708885143552000000000000000)
(21, 21, 66, 68043117384680383000466155030980344080536633048599859316607515858708885143552000000000000000)
(22, 22, 66, 68043117384680383000466155030980344080536633048599859316607515858708885143552000000000000000)
(23, 23, 66, 68043117384680383000466155030980344080536633048599859316607515858708885143552000000000000000)
(24, 24, 66, 68043117384680383000466155030980344080536633048599859316607515858708885143552000000000000000)
(25, 25, 66, 68043117384680383000466155030980344080536633048599859316607515858708885143552000000000000000)
(26, 26, 66, 68043117384680383000466155030980344080536633048599859316607515858708885143552000000000000000)
(27, 27, 66, 68043117384680383000466155030980344080536633048599859316607515858708885143552000000000000000)
(28, 28, 66, 68043117384680383000466155030980344080536633048599859316607515858708885143552000000000000000)
(29, 29, 66, 68043117384680383000466155030980344080536633048599859316607515858708885143552000000000000000)
(30, 30, 66, 68043117384680383000466155030980344080536633048599859316607515858708885143552000000000000000)
(31, 31, 66, 68043117384680383000466155030980344080536633048599859316607515858708885143552000000000000000)
(32, 32, 66, 68043117384680383000466155030980344080536633048599859316607515858708885143552000000000000000)
(33, 33, 66, 68043117384680383000466155030980344080536633048599859316607515858708885143552000000000000000)
(34, 34, 66, 22681039128226794333488718343660114693512211016199953105535838619569628381184000000000000000)
(35, 35, 66, 22681039128226794333488718343660114693512211016199953105535838619569628381184000000000000000)
(36, 36, 66, 22681039128226794333488718343660114693512211016199953105535838619569628381184000000000000000)
(37, 37, 66, 22681039128226794333488718343660114693512211016199953105535838619569628381184000000000000000)
(38, 38, 66, 22681039128226794333488718343660114693512211016199953105535838619569628381184000000000000000)
(39, 39, 66, 22681039128226794333488718343660114693512211016199953105535838619569628381184000000000000000)
(40, 40, 66, 22681039128226794333488718343660114693512211016199953105535838619569628381184000000000000000)
(41, 41, 66, 22681039128226794333488718343660114693512211016199953105535838619569628381184000000000000000)
(42, 42, 66, 22681039128226794333488718343660114693512211016199953105535838619569628381184000000000000000)
(43, 43, 66, 22681039128226794333488718343660114693512211016199953105535838619569628381184000000000000000)
(44, 44, 66, 45362078256453588666977436687320229387024422032399906211071677239139256762368000000000000000)
(45, 45, 66, 11340519564113397166744359171830057346756105508099976552767919309784814190592000000000000000)
(46, 46, 66, 11340519564113397166744359171830057346756105508099976552767919309784814190592000000000000000)
(47, 47, 66, 11340519564113397166744359171830057346756105508099976552767919309784814190592000000000000000)
(48, 48, 66, 11340519564113397166744359171830057346756105508099976552767919309784814190592000000000000000)
(49, 49, 66, 11340519564113397166744359171830057346756105508099976552767919309784814190592000000000000000)
(50, 50, 66, 6804311738468038300046615503098034408053663304859985931660751585870888514355200000000000000)
(51, 51, 66, 6804311738468038300046615503098034408053663304859985931660751585870888514355200000000000000)
(52, 52, 66, 6804311738468038300046615503098034408053663304859985931660751585870888514355200000000000000)
(53, 53, 66, 9072415651290717733395487337464045877404884406479981242214335447827851352473600000000000000)
(54, 54, 66, 4536207825645358866697743668732022938702442203239990621107167723913925676236800000000000000)
(55, 55, 66, 22681039128226794333488718343660114693512211016199953105535838619569628381184000000000000000)
(56, 56, 66, 3240148446889542047641245477665730670501744430885707586505119802795661197312000000000000000)
(57, 57, 66, 2430111335167156535730934108249298002876308323164280689878839852096745897984000000000000000)
(58, 58, 66, 1890086594018899527790726528638342891126017584683329425461319884964135698432000000000000000)
(59, 59, 66, 1512069275215119622232581222910674312900814067746663540369055907971308558745600000000000000)
(60, 60, 66, 12371475888123706000084755460178244378279387827018156239383184701583433662464000000000000000)
(61, 61, 66, 1495453129333634791219036374307260309462343583485711193771593755136459014144000000000000000)
(62, 62, 66, 500317039593238110297545257580737824121592890063234259680937616608153567232000000000000000)
(63, 63, 66, 6185737944061853000042377730089122189139693913509078119691592350791716831232000000000000000)
(64, 64, 66, 4123825296041235333361585153392748126093129275672718746461061567194477887488000000000000000)
(65, 65, 66, 4123825296041235333361585153392748126093129275672718746461061567194477887488000000000000000)
(2, 2, 67, 4558888864773585661031232387075683053395954414256190574212703562533495304617984000000000000000)
(3, 3, 67, 4558888864773585661031232387075683053395954414256190574212703562533495304617984000000000000000)
(4, 4, 67, 4558888864773585661031232387075683053395954414256190574212703562533495304617984000000000000000)
(5, 5, 67, 4558888864773585661031232387075683053395954414256190574212703562533495304617984000000000000000)
(6, 6, 67, 4558888864773585661031232387075683053395954414256190574212703562533495304617984000000000000000)
(7, 7, 67, 4558888864773585661031232387075683053395954414256190574212703562533495304617984000000000000000)
(8, 8, 67, 4558888864773585661031232387075683053395954414256190574212703562533495304617984000000000000000)
(9, 9, 67, 4558888864773585661031232387075683053395954414256190574212703562533495304617984000000000000000)
(10, 10, 67, 4558888864773585661031232387075683053395954414256190574212703562533495304617984000000000000000)
(11, 11, 67, 4558888864773585661031232387075683053395954414256190574212703562533495304617984000000000000000)
(12, 12, 67, 4558888864773585661031232387075683053395954414256190574212703562533495304617984000000000000000)
(13, 13, 67, 4558888864773585661031232387075683053395954414256190574212703562533495304617984000000000000000)
(14, 14, 67, 4558888864773585661031232387075683053395954414256190574212703562533495304617984000000000000000)
(15, 15, 67, 4558888864773585661031232387075683053395954414256190574212703562533495304617984000000000000000)
(16, 16, 67, 4558888864773585661031232387075683053395954414256190574212703562533495304617984000000000000000)
(17, 17, 67, 4558888864773585661031232387075683053395954414256190574212703562533495304617984000000000000000)
(18, 18, 67, 4558888864773585661031232387075683053395954414256190574212703562533495304617984000000000000000)
(19, 19, 67, 4558888864773585661031232387075683053395954414256190574212703562533495304617984000000000000000)
(20, 20, 67, 4558888864773585661031232387075683053395954414256190574212703562533495304617984000000000000000)
(21, 21, 67, 4558888864773585661031232387075683053395954414256190574212703562533495304617984000000000000000)
(22, 22, 67, 4558888864773585661031232387075683053395954414256190574212703562533495304617984000000000000000)
(23, 23, 67, 4558888864773585661031232387075683053395954414256190574212703562533495304617984000000000000000)
(24, 24, 67, 4558888864773585661031232387075683053395954414256190574212703562533495304617984000000000000000)
(25, 25, 67, 4558888864773585661031232387075683053395954414256190574212703562533495304617984000000000000000)
(26, 26, 67, 4558888864773585661031232387075683053395954414256190574212703562533495304617984000000000000000)
(27, 27, 67, 4558888864773585661031232387075683053395954414256190574212703562533495304617984000000000000000)
(28, 28, 67, 4558888864773585661031232387075683053395954414256190574212703562533495304617984000000000000000)
(29, 29, 67, 4558888864773585661031232387075683053395954414256190574212703562533495304617984000000000000000)
(30, 30, 67, 4558888864773585661031232387075683053395954414256190574212703562533495304617984000000000000000)
(31, 31, 67, 4558888864773585661031232387075683053395954414256190574212703562533495304617984000000000000000)
(32, 32, 67, 4558888864773585661031232387075683053395954414256190574212703562533495304617984000000000000000)
(33, 33, 67, 4558888864773585661031232387075683053395954414256190574212703562533495304617984000000000000000)
(34, 34, 67, 1519629621591195220343744129025227684465318138085396858070901187511165101539328000000000000000)
(35, 35, 67, 1519629621591195220343744129025227684465318138085396858070901187511165101539328000000000000000)
(36, 36, 67, 1519629621591195220343744129025227684465318138085396858070901187511165101539328000000000000000)
(37, 37, 67, 1519629621591195220343744129025227684465318138085396858070901187511165101539328000000000000000)
(38, 38, 67, 1519629621591195220343744129025227684465318138085396858070901187511165101539328000000000000000)
(39, 39, 67, 1519629621591195220343744129025227684465318138085396858070901187511165101539328000000000000000)
(40, 40, 67, 1519629621591195220343744129025227684465318138085396858070901187511165101539328000000000000000)
(41, 41, 67, 1519629621591195220343744129025227684465318138085396858070901187511165101539328000000000000000)
(42, 42, 67, 1519629621591195220343744129025227684465318138085396858070901187511165101539328000000000000000)
(43, 43, 67, 1519629621591195220343744129025227684465318138085396858070901187511165101539328000000000000000)
(44, 44, 67, 1519629621591195220343744129025227684465318138085396858070901187511165101539328000000000000000)
(45, 45, 67, 1519629621591195220343744129025227684465318138085396858070901187511165101539328000000000000000)
(46, 46, 67, 759814810795597610171872064512613842232659069042698429035450593755582550769664000000000000000)
(47, 47, 67, 759814810795597610171872064512613842232659069042698429035450593755582550769664000000000000000)
(48, 48, 67, 759814810795597610171872064512613842232659069042698429035450593755582550769664000000000000000)
(49, 49, 67, 759814810795597610171872064512613842232659069042698429035450593755582550769664000000000000000)
(50, 50, 67, 759814810795597610171872064512613842232659069042698429035450593755582550769664000000000000000)
(51, 51, 67, 455888886477358566103123238707568305339595441425619057421270356253349530461798400000000000000)
(52, 52, 67, 455888886477358566103123238707568305339595441425619057421270356253349530461798400000000000000)
(53, 53, 67, 455888886477358566103123238707568305339595441425619057421270356253349530461798400000000000000)
(54, 54, 67, 303925924318239044068748825805045536893063627617079371614180237502233020307865600000000000000)
(55, 55, 67, 303925924318239044068748825805045536893063627617079371614180237502233020307865600000000000000)
(56, 56, 67, 217089945941599317191963447003603954923616876869342408295843026787309300219904000000000000000)
(57, 57, 67, 217089945941599317191963447003603954923616876869342408295843026787309300219904000000000000000)
(58, 58, 67, 162817459456199487893972585252702966192712657652006806221882270090481975164928000000000000000)
(59, 59, 67, 126635801799266268361978677418768973705443178173783071505908432292597091794944000000000000000)
(60, 60, 67, 101308641439413014689582941935015178964354542539026457204726745834077673435955200000000000000)
(61, 61, 67, 138148147417381383667613102638657062224119830735036078006445562501015009230848000000000000000)
(62, 62, 67, 50097679832676765505837718539293220366988510046771324991348390797071376973824000000000000000)
(63, 63, 67, 67042483305493906779871064515818868432293447268473390797245640625492578009088000000000000000)
(64, 64, 67, 18019323576180180478384317735477008116189543139352531913884203804480218595328000000000000000)
(65, 65, 67, 16252723225574280431483894428077301438131744792357185647817125000119412850688000000000000000)
(66, 66, 67, 272172469538721532001864620123921376322146532194399437266430063434835540574208000000000000000)
(2, 2, 68, 310004442804603824950123802321146447630924900169420959046463842252277680714022912000000000000000)
(3, 3, 68, 310004442804603824950123802321146447630924900169420959046463842252277680714022912000000000000000)
(4, 4, 68, 310004442804603824950123802321146447630924900169420959046463842252277680714022912000000000000000)
(5, 5, 68, 310004442804603824950123802321146447630924900169420959046463842252277680714022912000000000000000)
(6, 6, 68, 310004442804603824950123802321146447630924900169420959046463842252277680714022912000000000000000)
(7, 7, 68, 310004442804603824950123802321146447630924900169420959046463842252277680714022912000000000000000)
(8, 8, 68, 310004442804603824950123802321146447630924900169420959046463842252277680714022912000000000000000)
(9, 9, 68, 310004442804603824950123802321146447630924900169420959046463842252277680714022912000000000000000)
(10, 10, 68, 310004442804603824950123802321146447630924900169420959046463842252277680714022912000000000000000)
(11, 11, 68, 310004442804603824950123802321146447630924900169420959046463842252277680714022912000000000000000)
(12, 12, 68, 310004442804603824950123802321146447630924900169420959046463842252277680714022912000000000000000)
(13, 13, 68, 310004442804603824950123802321146447630924900169420959046463842252277680714022912000000000000000)
(14, 14, 68, 310004442804603824950123802321146447630924900169420959046463842252277680714022912000000000000000)
(15, 15, 68, 310004442804603824950123802321146447630924900169420959046463842252277680714022912000000000000000)
(16, 16, 68, 310004442804603824950123802321146447630924900169420959046463842252277680714022912000000000000000)
(17, 17, 68, 310004442804603824950123802321146447630924900169420959046463842252277680714022912000000000000000)
(18, 18, 68, 310004442804603824950123802321146447630924900169420959046463842252277680714022912000000000000000)
(19, 19, 68, 310004442804603824950123802321146447630924900169420959046463842252277680714022912000000000000000)
(20, 20, 68, 310004442804603824950123802321146447630924900169420959046463842252277680714022912000000000000000)
(21, 21, 68, 310004442804603824950123802321146447630924900169420959046463842252277680714022912000000000000000)
(22, 22, 68, 310004442804603824950123802321146447630924900169420959046463842252277680714022912000000000000000)
(23, 23, 68, 310004442804603824950123802321146447630924900169420959046463842252277680714022912000000000000000)
(24, 24, 68, 310004442804603824950123802321146447630924900169420959046463842252277680714022912000000000000000)
(25, 25, 68, 310004442804603824950123802321146447630924900169420959046463842252277680714022912000000000000000)
(26, 26, 68, 310004442804603824950123802321146447630924900169420959046463842252277680714022912000000000000000)
(27, 27, 68, 310004442804603824950123802321146447630924900169420959046463842252277680714022912000000000000000)
(28, 28, 68, 310004442804603824950123802321146447630924900169420959046463842252277680714022912000000000000000)
(29, 29, 68, 310004442804603824950123802321146447630924900169420959046463842252277680714022912000000000000000)
(30, 30, 68, 310004442804603824950123802321146447630924900169420959046463842252277680714022912000000000000000)
(31, 31, 68, 310004442804603824950123802321146447630924900169420959046463842252277680714022912000000000000000)
(32, 32, 68, 310004442804603824950123802321146447630924900169420959046463842252277680714022912000000000000000)
(33, 33, 68, 310004442804603824950123802321146447630924900169420959046463842252277680714022912000000000000000)
(34, 34, 68, 310004442804603824950123802321146447630924900169420959046463842252277680714022912000000000000000)
(35, 35, 68, 103334814268201274983374600773715482543641633389806986348821280750759226904674304000000000000000)
(36, 36, 68, 103334814268201274983374600773715482543641633389806986348821280750759226904674304000000000000000)
(37, 37, 68, 103334814268201274983374600773715482543641633389806986348821280750759226904674304000000000000000)
(38, 38, 68, 103334814268201274983374600773715482543641633389806986348821280750759226904674304000000000000000)
(39, 39, 68, 103334814268201274983374600773715482543641633389806986348821280750759226904674304000000000000000)
(40, 40, 68, 103334814268201274983374600773715482543641633389806986348821280750759226904674304000000000000000)
(41, 41, 68, 103334814268201274983374600773715482543641633389806986348821280750759226904674304000000000000000)
(42, 42, 68, 103334814268201274983374600773715482543641633389806986348821280750759226904674304000000000000000)
(43, 43, 68, 103334814268201274983374600773715482543641633389806986348821280750759226904674304000000000000000)
(44, 44, 68, 103334814268201274983374600773715482543641633389806986348821280750759226904674304000000000000000)
(45, 45, 68, 206669628536402549966749201547430965087283266779613972697642561501518453809348608000000000000000)
(46, 46, 68, 51667407134100637491687300386857741271820816694903493174410640375379613452337152000000000000000)
(47, 47, 68, 51667407134100637491687300386857741271820816694903493174410640375379613452337152000000000000000)
(48, 48, 68, 51667407134100637491687300386857741271820816694903493174410640375379613452337152000000000000000)
(49, 49, 68, 51667407134100637491687300386857741271820816694903493174410640375379613452337152000000000000000)
(50, 50, 68, 51667407134100637491687300386857741271820816694903493174410640375379613452337152000000000000000)
(51, 51, 68, 155002221402301912475061901160573223815462450084710479523231921126138840357011456000000000000000)
(52, 52, 68, 31000444280460382495012380232114644763092490016942095904646384225227768071402291200000000000000)
(53, 53, 68, 31000444280460382495012380232114644763092490016942095904646384225227768071402291200000000000000)
(54, 54, 68, 31000444280460382495012380232114644763092490016942095904646384225227768071402291200000000000000)
(55, 55, 68, 20666962853640254996674920154743096508728326677961397269764256150151845380934860800000000000000)
(56, 56, 68, 20666962853640254996674920154743096508728326677961397269764256150151845380934860800000000000000)
(57, 57, 68, 14762116324028753569053514396245068934805947627115283764117325821537032414953472000000000000000)
(58, 58, 68, 14762116324028753569053514396245068934805947627115283764117325821537032414953472000000000000000)
(59, 59, 68, 11071587243021565176790135797183801701104460720336462823087994366152774311215104000000000000000)
(60, 60, 68, 8611234522350106248614550064476290211970136115817248862401773395896602242056192000000000000000)
(61, 61, 68, 6888987617880084998891640051581032169576108892653799089921418716717281793644953600000000000000)
(62, 62, 68, 4697037012190967044698845489714340115620074244991226652219149125034510313848832000000000000000)
(63, 63, 68, 3406642228622020054396964860671938984955218683180450099411690574200853634220032000000000000000)
(64, 64, 68, 36471110918188685288249859096605464427167635314049524593701628500267962436943872000000000000000)
(65, 65, 68, 2450628006360504545060267212024873103801777866951944340288251717409309728964608000000000000000)
(66, 66, 68, 18235555459094342644124929548302732213583817657024762296850814250133981218471936000000000000000)
(67, 67, 68, 18235555459094342644124929548302732213583817657024762296850814250133981218471936000000000000000)
(2, 2, 69, 21390306553517663921558542360159104886533818111690046174206005115407159969267580928000000000000000)
(3, 3, 69, 21390306553517663921558542360159104886533818111690046174206005115407159969267580928000000000000000)
(4, 4, 69, 21390306553517663921558542360159104886533818111690046174206005115407159969267580928000000000000000)
(5, 5, 69, 21390306553517663921558542360159104886533818111690046174206005115407159969267580928000000000000000)
(6, 6, 69, 21390306553517663921558542360159104886533818111690046174206005115407159969267580928000000000000000)
(7, 7, 69, 21390306553517663921558542360159104886533818111690046174206005115407159969267580928000000000000000)
(8, 8, 69, 21390306553517663921558542360159104886533818111690046174206005115407159969267580928000000000000000)
(9, 9, 69, 21390306553517663921558542360159104886533818111690046174206005115407159969267580928000000000000000)
(10, 10, 69, 21390306553517663921558542360159104886533818111690046174206005115407159969267580928000000000000000)
(11, 11, 69, 21390306553517663921558542360159104886533818111690046174206005115407159969267580928000000000000000)
(12, 12, 69, 21390306553517663921558542360159104886533818111690046174206005115407159969267580928000000000000000)
(13, 13, 69, 21390306553517663921558542360159104886533818111690046174206005115407159969267580928000000000000000)
(14, 14, 69, 21390306553517663921558542360159104886533818111690046174206005115407159969267580928000000000000000)
(15, 15, 69, 21390306553517663921558542360159104886533818111690046174206005115407159969267580928000000000000000)
(16, 16, 69, 21390306553517663921558542360159104886533818111690046174206005115407159969267580928000000000000000)
(17, 17, 69, 21390306553517663921558542360159104886533818111690046174206005115407159969267580928000000000000000)
(18, 18, 69, 21390306553517663921558542360159104886533818111690046174206005115407159969267580928000000000000000)
(19, 19, 69, 21390306553517663921558542360159104886533818111690046174206005115407159969267580928000000000000000)
(20, 20, 69, 21390306553517663921558542360159104886533818111690046174206005115407159969267580928000000000000000)
(21, 21, 69, 21390306553517663921558542360159104886533818111690046174206005115407159969267580928000000000000000)
(22, 22, 69, 21390306553517663921558542360159104886533818111690046174206005115407159969267580928000000000000000)
(23, 23, 69, 21390306553517663921558542360159104886533818111690046174206005115407159969267580928000000000000000)
(24, 24, 69, 21390306553517663921558542360159104886533818111690046174206005115407159969267580928000000000000000)
(25, 25, 69, 21390306553517663921558542360159104886533818111690046174206005115407159969267580928000000000000000)
(26, 26, 69, 21390306553517663921558542360159104886533818111690046174206005115407159969267580928000000000000000)
(27, 27, 69, 21390306553517663921558542360159104886533818111690046174206005115407159969267580928000000000000000)
(28, 28, 69, 21390306553517663921558542360159104886533818111690046174206005115407159969267580928000000000000000)
(29, 29, 69, 21390306553517663921558542360159104886533818111690046174206005115407159969267580928000000000000000)
(30, 30, 69, 21390306553517663921558542360159104886533818111690046174206005115407159969267580928000000000000000)
(31, 31, 69, 21390306553517663921558542360159104886533818111690046174206005115407159969267580928000000000000000)
(32, 32, 69, 21390306553517663921558542360159104886533818111690046174206005115407159969267580928000000000000000)
(33, 33, 69, 21390306553517663921558542360159104886533818111690046174206005115407159969267580928000000000000000)
(34, 34, 69, 21390306553517663921558542360159104886533818111690046174206005115407159969267580928000000000000000)
(35, 35, 69, 7130102184505887973852847453386368295511272703896682058068668371802386656422526976000000000000000)
(36, 36, 69, 7130102184505887973852847453386368295511272703896682058068668371802386656422526976000000000000000)
(37, 37, 69, 7130102184505887973852847453386368295511272703896682058068668371802386656422526976000000000000000)
(38, 38, 69, 7130102184505887973852847453386368295511272703896682058068668371802386656422526976000000000000000)
(39, 39, 69, 7130102184505887973852847453386368295511272703896682058068668371802386656422526976000000000000000)
(40, 40, 69, 7130102184505887973852847453386368295511272703896682058068668371802386656422526976000000000000000)
(41, 41, 69, 7130102184505887973852847453386368295511272703896682058068668371802386656422526976000000000000000)
(42, 42, 69, 7130102184505887973852847453386368295511272703896682058068668371802386656422526976000000000000000)
(43, 43, 69, 7130102184505887973852847453386368295511272703896682058068668371802386656422526976000000000000000)
(44, 44, 69, 7130102184505887973852847453386368295511272703896682058068668371802386656422526976000000000000000)
(45, 45, 69, 7130102184505887973852847453386368295511272703896682058068668371802386656422526976000000000000000)
(46, 46, 69, 14260204369011775947705694906772736591022545407793364116137336743604773312845053952000000000000000)
(47, 47, 69, 3565051092252943986926423726693184147755636351948341029034334185901193328211263488000000000000000)
(48, 48, 69, 3565051092252943986926423726693184147755636351948341029034334185901193328211263488000000000000000)
(49, 49, 69, 3565051092252943986926423726693184147755636351948341029034334185901193328211263488000000000000000)
(50, 50, 69, 3565051092252943986926423726693184147755636351948341029034334185901193328211263488000000000000000)
(51, 51, 69, 3565051092252943986926423726693184147755636351948341029034334185901193328211263488000000000000000)
(52, 52, 69, 2139030655351766392155854236015910488653381811169004617420600511540715996926758092800000000000000)
(53, 53, 69, 2139030655351766392155854236015910488653381811169004617420600511540715996926758092800000000000000)
(54, 54, 69, 2139030655351766392155854236015910488653381811169004617420600511540715996926758092800000000000000)
(55, 55, 69, 4278061310703532784311708472031820977306763622338009234841201023081431993853516185600000000000000)
(56, 56, 69, 1426020436901177594770569490677273659102254540779336411613733674360477331284505395200000000000000)
(57, 57, 69, 1426020436901177594770569490677273659102254540779336411613733674360477331284505395200000000000000)
(58, 58, 69, 1018586026357983996264692493340909756501610386270954579724095481686055236631789568000000000000000)
(59, 59, 69, 2037172052715967992529384986681819513003220772541909159448190963372110473263579136000000000000000)
(60, 60, 69, 763939519768487997198519370005682317376207789703215934793071611264541427473842176000000000000000)
(61, 61, 69, 594175182042157331154403954448864024625939391991390171505722364316865554701877248000000000000000)
(62, 62, 69, 475340145633725864923523163559091219700751513593112137204577891453492443761501798400000000000000)
(63, 63, 69, 324095553841176726084220338790289467977785122904394639003121289627381211655569408000000000000000)
(64, 64, 69, 235058313774919383753390575386363789961910089139451056859406649619858900761182208000000000000000)
(65, 65, 69, 279611850372779920543248919740641893941618537407713021885045818502054378683236352000000000000000)
(66, 66, 69, 1860026656827622949700742813926878685785549401016525754278783053513666084284137472000000000000000)
(67, 67, 69, 71900190095857693853978293647593629870701909619126205627583210471956840232832204800000000000000)
(68, 68, 69, 1240017771218415299800495209284585790523699600677683836185855369009110722856091648000000000000000)
(2, 2, 70, 1497321458746236474509097965211137342057367267818303232194420358078501197848730664960000000000000000)
(3, 3, 70, 1497321458746236474509097965211137342057367267818303232194420358078501197848730664960000000000000000)
(4, 4, 70, 1497321458746236474509097965211137342057367267818303232194420358078501197848730664960000000000000000)
(5, 5, 70, 1497321458746236474509097965211137342057367267818303232194420358078501197848730664960000000000000000)
(6, 6, 70, 1497321458746236474509097965211137342057367267818303232194420358078501197848730664960000000000000000)
(7, 7, 70, 1497321458746236474509097965211137342057367267818303232194420358078501197848730664960000000000000000)
(8, 8, 70, 1497321458746236474509097965211137342057367267818303232194420358078501197848730664960000000000000000)
(9, 9, 70, 1497321458746236474509097965211137342057367267818303232194420358078501197848730664960000000000000000)
(10, 10, 70, 1497321458746236474509097965211137342057367267818303232194420358078501197848730664960000000000000000)
(11, 11, 70, 1497321458746236474509097965211137342057367267818303232194420358078501197848730664960000000000000000)
(12, 12, 70, 1497321458746236474509097965211137342057367267818303232194420358078501197848730664960000000000000000)
(13, 13, 70, 1497321458746236474509097965211137342057367267818303232194420358078501197848730664960000000000000000)
(14, 14, 70, 1497321458746236474509097965211137342057367267818303232194420358078501197848730664960000000000000000)
(15, 15, 70, 1497321458746236474509097965211137342057367267818303232194420358078501197848730664960000000000000000)
(16, 16, 70, 1497321458746236474509097965211137342057367267818303232194420358078501197848730664960000000000000000)
(17, 17, 70, 1497321458746236474509097965211137342057367267818303232194420358078501197848730664960000000000000000)
(18, 18, 70, 1497321458746236474509097965211137342057367267818303232194420358078501197848730664960000000000000000)
(19, 19, 70, 1497321458746236474509097965211137342057367267818303232194420358078501197848730664960000000000000000)
(20, 20, 70, 1497321458746236474509097965211137342057367267818303232194420358078501197848730664960000000000000000)
(21, 21, 70, 1497321458746236474509097965211137342057367267818303232194420358078501197848730664960000000000000000)
(22, 22, 70, 1497321458746236474509097965211137342057367267818303232194420358078501197848730664960000000000000000)
(23, 23, 70, 1497321458746236474509097965211137342057367267818303232194420358078501197848730664960000000000000000)
(24, 24, 70, 1497321458746236474509097965211137342057367267818303232194420358078501197848730664960000000000000000)
(25, 25, 70, 1497321458746236474509097965211137342057367267818303232194420358078501197848730664960000000000000000)
(26, 26, 70, 1497321458746236474509097965211137342057367267818303232194420358078501197848730664960000000000000000)
(27, 27, 70, 1497321458746236474509097965211137342057367267818303232194420358078501197848730664960000000000000000)
(28, 28, 70, 1497321458746236474509097965211137342057367267818303232194420358078501197848730664960000000000000000)
(29, 29, 70, 1497321458746236474509097965211137342057367267818303232194420358078501197848730664960000000000000000)
(30, 30, 70, 1497321458746236474509097965211137342057367267818303232194420358078501197848730664960000000000000000)
(31, 31, 70, 1497321458746236474509097965211137342057367267818303232194420358078501197848730664960000000000000000)
(32, 32, 70, 1497321458746236474509097965211137342057367267818303232194420358078501197848730664960000000000000000)
(33, 33, 70, 1497321458746236474509097965211137342057367267818303232194420358078501197848730664960000000000000000)
(34, 34, 70, 1497321458746236474509097965211137342057367267818303232194420358078501197848730664960000000000000000)
(35, 35, 70, 1497321458746236474509097965211137342057367267818303232194420358078501197848730664960000000000000000)
(36, 36, 70, 499107152915412158169699321737045780685789089272767744064806786026167065949576888320000000000000000)
(37, 37, 70, 499107152915412158169699321737045780685789089272767744064806786026167065949576888320000000000000000)
(38, 38, 70, 499107152915412158169699321737045780685789089272767744064806786026167065949576888320000000000000000)
(39, 39, 70, 499107152915412158169699321737045780685789089272767744064806786026167065949576888320000000000000000)
(40, 40, 70, 499107152915412158169699321737045780685789089272767744064806786026167065949576888320000000000000000)
(41, 41, 70, 499107152915412158169699321737045780685789089272767744064806786026167065949576888320000000000000000)
(42, 42, 70, 499107152915412158169699321737045780685789089272767744064806786026167065949576888320000000000000000)
(43, 43, 70, 499107152915412158169699321737045780685789089272767744064806786026167065949576888320000000000000000)
(44, 44, 70, 499107152915412158169699321737045780685789089272767744064806786026167065949576888320000000000000000)
(45, 45, 70, 499107152915412158169699321737045780685789089272767744064806786026167065949576888320000000000000000)
(46, 46, 70, 499107152915412158169699321737045780685789089272767744064806786026167065949576888320000000000000000)
(47, 47, 70, 499107152915412158169699321737045780685789089272767744064806786026167065949576888320000000000000000)
(48, 48, 70, 249553576457706079084849660868522890342894544636383872032403393013083532974788444160000000000000000)
(49, 49, 70, 249553576457706079084849660868522890342894544636383872032403393013083532974788444160000000000000000)
(50, 50, 70, 249553576457706079084849660868522890342894544636383872032403393013083532974788444160000000000000000)
(51, 51, 70, 249553576457706079084849660868522890342894544636383872032403393013083532974788444160000000000000000)
(52, 52, 70, 249553576457706079084849660868522890342894544636383872032403393013083532974788444160000000000000000)
(53, 53, 70, 149732145874623647450909796521113734205736726781830323219442035807850119784873066496000000000000000)
(54, 54, 70, 149732145874623647450909796521113734205736726781830323219442035807850119784873066496000000000000000)
(55, 55, 70, 149732145874623647450909796521113734205736726781830323219442035807850119784873066496000000000000000)
(56, 56, 70, 598928583498494589803639186084454936822946907127321292877768143231400479139492265984000000000000000)
(57, 57, 70, 99821430583082431633939864347409156137157817854553548812961357205233413189915377664000000000000000)
(58, 58, 70, 99821430583082431633939864347409156137157817854553548812961357205233413189915377664000000000000000)
(59, 59, 70, 71301021845058879738528474533863682955112727038966820580686683718023866564225269760000000000000000)
(60, 60, 70, 427806131070353278431170847203182097730676362233800923484120102308143199385351618560000000000000000)
(61, 61, 70, 53475766383794159803896355900397762216334545279225115435515012788517899923168952320000000000000000)
(62, 62, 70, 41592262742951013180808276811420481723815757439397312005400565502180588829131407360000000000000000)
(63, 63, 70, 299464291749247294901819593042227468411473453563660646438884071615700239569746132992000000000000000)
(64, 64, 70, 22686688768882370825895423715320262758444958603307624730218490273916684815889858560000000000000000)
(65, 65, 70, 213903065535176639215585423601591048865338181116900461742060051154071599692675809280000000000000000)
(66, 66, 70, 9786414763047297219013712190922466287956648809269955765976603647571903253913272320000000000000000)
(67, 67, 70, 10850155498161133873254333081240125667082371505929733566626234478829718824990801920000000000000000)
(68, 68, 70, 85561226214070655686234169440636419546135272446760184696824020461628639877070323712000000000000000)
(69, 69, 70, 85561226214070655686234169440636419546135272446760184696824020461628639877070323712000000000000000)
(2, 2, 71, 106309823570982789690145955529990751286073076015099529485803845423573585047259877212160000000000000000)
(3, 3, 71, 106309823570982789690145955529990751286073076015099529485803845423573585047259877212160000000000000000)
(4, 4, 71, 106309823570982789690145955529990751286073076015099529485803845423573585047259877212160000000000000000)
(5, 5, 71, 106309823570982789690145955529990751286073076015099529485803845423573585047259877212160000000000000000)
(6, 6, 71, 106309823570982789690145955529990751286073076015099529485803845423573585047259877212160000000000000000)
(7, 7, 71, 106309823570982789690145955529990751286073076015099529485803845423573585047259877212160000000000000000)
(8, 8, 71, 106309823570982789690145955529990751286073076015099529485803845423573585047259877212160000000000000000)
(9, 9, 71, 106309823570982789690145955529990751286073076015099529485803845423573585047259877212160000000000000000)
(10, 10, 71, 106309823570982789690145955529990751286073076015099529485803845423573585047259877212160000000000000000)
(11, 11, 71, 106309823570982789690145955529990751286073076015099529485803845423573585047259877212160000000000000000)
(12, 12, 71, 106309823570982789690145955529990751286073076015099529485803845423573585047259877212160000000000000000)
(13, 13, 71, 106309823570982789690145955529990751286073076015099529485803845423573585047259877212160000000000000000)
(14, 14, 71, 106309823570982789690145955529990751286073076015099529485803845423573585047259877212160000000000000000)
(15, 15, 71, 106309823570982789690145955529990751286073076015099529485803845423573585047259877212160000000000000000)
(16, 16, 71, 106309823570982789690145955529990751286073076015099529485803845423573585047259877212160000000000000000)
(17, 17, 71, 106309823570982789690145955529990751286073076015099529485803845423573585047259877212160000000000000000)
(18, 18, 71, 106309823570982789690145955529990751286073076015099529485803845423573585047259877212160000000000000000)
(19, 19, 71, 106309823570982789690145955529990751286073076015099529485803845423573585047259877212160000000000000000)
(20, 20, 71, 106309823570982789690145955529990751286073076015099529485803845423573585047259877212160000000000000000)
(21, 21, 71, 106309823570982789690145955529990751286073076015099529485803845423573585047259877212160000000000000000)
(22, 22, 71, 106309823570982789690145955529990751286073076015099529485803845423573585047259877212160000000000000000)
(23, 23, 71, 106309823570982789690145955529990751286073076015099529485803845423573585047259877212160000000000000000)
(24, 24, 71, 106309823570982789690145955529990751286073076015099529485803845423573585047259877212160000000000000000)
(25, 25, 71, 106309823570982789690145955529990751286073076015099529485803845423573585047259877212160000000000000000)
(26, 26, 71, 106309823570982789690145955529990751286073076015099529485803845423573585047259877212160000000000000000)
(27, 27, 71, 106309823570982789690145955529990751286073076015099529485803845423573585047259877212160000000000000000)
(28, 28, 71, 106309823570982789690145955529990751286073076015099529485803845423573585047259877212160000000000000000)
(29, 29, 71, 106309823570982789690145955529990751286073076015099529485803845423573585047259877212160000000000000000)
(30, 30, 71, 106309823570982789690145955529990751286073076015099529485803845423573585047259877212160000000000000000)
(31, 31, 71, 106309823570982789690145955529990751286073076015099529485803845423573585047259877212160000000000000000)
(32, 32, 71, 106309823570982789690145955529990751286073076015099529485803845423573585047259877212160000000000000000)
(33, 33, 71, 106309823570982789690145955529990751286073076015099529485803845423573585047259877212160000000000000000)
(34, 34, 71, 106309823570982789690145955529990751286073076015099529485803845423573585047259877212160000000000000000)
(35, 35, 71, 106309823570982789690145955529990751286073076015099529485803845423573585047259877212160000000000000000)
(36, 36, 71, 35436607856994263230048651843330250428691025338366509828601281807857861682419959070720000000000000000)
(37, 37, 71, 35436607856994263230048651843330250428691025338366509828601281807857861682419959070720000000000000000)
(38, 38, 71, 35436607856994263230048651843330250428691025338366509828601281807857861682419959070720000000000000000)
(39, 39, 71, 35436607856994263230048651843330250428691025338366509828601281807857861682419959070720000000000000000)
(40, 40, 71, 35436607856994263230048651843330250428691025338366509828601281807857861682419959070720000000000000000)
(41, 41, 71, 35436607856994263230048651843330250428691025338366509828601281807857861682419959070720000000000000000)
(42, 42, 71, 35436607856994263230048651843330250428691025338366509828601281807857861682419959070720000000000000000)
(43, 43, 71, 35436607856994263230048651843330250428691025338366509828601281807857861682419959070720000000000000000)
(44, 44, 71, 35436607856994263230048651843330250428691025338366509828601281807857861682419959070720000000000000000)
(45, 45, 71, 35436607856994263230048651843330250428691025338366509828601281807857861682419959070720000000000000000)
(46, 46, 71, 35436607856994263230048651843330250428691025338366509828601281807857861682419959070720000000000000000)
(47, 47, 71, 70873215713988526460097303686660500857382050676733019657202563615715723364839918141440000000000000000)
(48, 48, 71, 17718303928497131615024325921665125214345512669183254914300640903928930841209979535360000000000000000)
(49, 49, 71, 17718303928497131615024325921665125214345512669183254914300640903928930841209979535360000000000000000)
(50, 50, 71, 17718303928497131615024325921665125214345512669183254914300640903928930841209979535360000000000000000)
(51, 51, 71, 17718303928497131615024325921665125214345512669183254914300640903928930841209979535360000000000000000)
(52, 52, 71, 17718303928497131615024325921665125214345512669183254914300640903928930841209979535360000000000000000)
(53, 53, 71, 17718303928497131615024325921665125214345512669183254914300640903928930841209979535360000000000000000)
(54, 54, 71, 10630982357098278969014595552999075128607307601509952948580384542357358504725987721216000000000000000)
(55, 55, 71, 10630982357098278969014595552999075128607307601509952948580384542357358504725987721216000000000000000)
(56, 56, 71, 10630982357098278969014595552999075128607307601509952948580384542357358504725987721216000000000000000)
(57, 57, 71, 14174643142797705292019460737332100171476410135346603931440512723143144672967983628288000000000000000)
(58, 58, 71, 7087321571398852646009730368666050085738205067673301965720256361571572336483991814144000000000000000)
(59, 59, 71, 7087321571398852646009730368666050085738205067673301965720256361571572336483991814144000000000000000)
(60, 60, 71, 5062372550999180461435521691904321489813003619766644261228754543979694526059994152960000000000000000)
(61, 61, 71, 7593558826498770692153282537856482234719505429649966391843131815969541789089991229440000000000000000)
(62, 62, 71, 3796779413249385346076641268928241117359752714824983195921565907984770894544995614720000000000000000)
(63, 63, 71, 5906101309499043871674775307221708404781837556394418304766880301309643613736659845120000000000000000)
(64, 64, 71, 1932905883108777994366290100545286387019510473001809627014615371337701546313815949312000000000000000)
(65, 65, 71, 1610754902590648328638575083787738655849592060834841355845512809448084621928179957760000000000000000)
(66, 66, 71, 1012474510199836092287104338380864297962600723953328852245750908795938905211998830592000000000000000)
(67, 67, 71, 694835448176358102549973565555495106444922065458166859384338858977605131027842334720000000000000000)
(68, 68, 71, 385180520184720252500528824384024461181424188460505541615231323998455018287173468160000000000000000)
(69, 69, 71, 337491503399945364095701446126954765987533574651109617415250302931979635070666276864000000000000000)
(70, 70, 71, 5989285834984945898036391860844549368229469071273212928777681432314004791394922659840000000000000000)
(2, 2, 72, 7654307297110760857690508798159334092597261473087166122977876870497298123402711159275520000000000000000)
(3, 3, 72, 7654307297110760857690508798159334092597261473087166122977876870497298123402711159275520000000000000000)
(4, 4, 72, 7654307297110760857690508798159334092597261473087166122977876870497298123402711159275520000000000000000)
(5, 5, 72, 7654307297110760857690508798159334092597261473087166122977876870497298123402711159275520000000000000000)
(6, 6, 72, 7654307297110760857690508798159334092597261473087166122977876870497298123402711159275520000000000000000)
(7, 7, 72, 7654307297110760857690508798159334092597261473087166122977876870497298123402711159275520000000000000000)
(8, 8, 72, 7654307297110760857690508798159334092597261473087166122977876870497298123402711159275520000000000000000)
(9, 9, 72, 7654307297110760857690508798159334092597261473087166122977876870497298123402711159275520000000000000000)
(10, 10, 72, 7654307297110760857690508798159334092597261473087166122977876870497298123402711159275520000000000000000)
(11, 11, 72, 7654307297110760857690508798159334092597261473087166122977876870497298123402711159275520000000000000000)
(12, 12, 72, 7654307297110760857690508798159334092597261473087166122977876870497298123402711159275520000000000000000)
(13, 13, 72, 7654307297110760857690508798159334092597261473087166122977876870497298123402711159275520000000000000000)
(14, 14, 72, 7654307297110760857690508798159334092597261473087166122977876870497298123402711159275520000000000000000)
(15, 15, 72, 7654307297110760857690508798159334092597261473087166122977876870497298123402711159275520000000000000000)
(16, 16, 72, 7654307297110760857690508798159334092597261473087166122977876870497298123402711159275520000000000000000)
(17, 17, 72, 7654307297110760857690508798159334092597261473087166122977876870497298123402711159275520000000000000000)
(18, 18, 72, 7654307297110760857690508798159334092597261473087166122977876870497298123402711159275520000000000000000)
(19, 19, 72, 7654307297110760857690508798159334092597261473087166122977876870497298123402711159275520000000000000000)
(20, 20, 72, 7654307297110760857690508798159334092597261473087166122977876870497298123402711159275520000000000000000)
(21, 21, 72, 7654307297110760857690508798159334092597261473087166122977876870497298123402711159275520000000000000000)
(22, 22, 72, 7654307297110760857690508798159334092597261473087166122977876870497298123402711159275520000000000000000)
(23, 23, 72, 7654307297110760857690508798159334092597261473087166122977876870497298123402711159275520000000000000000)
(24, 24, 72, 7654307297110760857690508798159334092597261473087166122977876870497298123402711159275520000000000000000)
(25, 25, 72, 7654307297110760857690508798159334092597261473087166122977876870497298123402711159275520000000000000000)
(26, 26, 72, 7654307297110760857690508798159334092597261473087166122977876870497298123402711159275520000000000000000)
(27, 27, 72, 7654307297110760857690508798159334092597261473087166122977876870497298123402711159275520000000000000000)
(28, 28, 72, 7654307297110760857690508798159334092597261473087166122977876870497298123402711159275520000000000000000)
(29, 29, 72, 7654307297110760857690508798159334092597261473087166122977876870497298123402711159275520000000000000000)
(30, 30, 72, 7654307297110760857690508798159334092597261473087166122977876870497298123402711159275520000000000000000)
(31, 31, 72, 7654307297110760857690508798159334092597261473087166122977876870497298123402711159275520000000000000000)
(32, 32, 72, 7654307297110760857690508798159334092597261473087166122977876870497298123402711159275520000000000000000)
(33, 33, 72, 7654307297110760857690508798159334092597261473087166122977876870497298123402711159275520000000000000000)
(34, 34, 72, 7654307297110760857690508798159334092597261473087166122977876870497298123402711159275520000000000000000)
(35, 35, 72, 7654307297110760857690508798159334092597261473087166122977876870497298123402711159275520000000000000000)
(36, 36, 72, 7654307297110760857690508798159334092597261473087166122977876870497298123402711159275520000000000000000)
(37, 37, 72, 2551435765703586952563502932719778030865753824362388707659292290165766041134237053091840000000000000000)
(38, 38, 72, 2551435765703586952563502932719778030865753824362388707659292290165766041134237053091840000000000000000)
(39, 39, 72, 2551435765703586952563502932719778030865753824362388707659292290165766041134237053091840000000000000000)
(40, 40, 72, 2551435765703586952563502932719778030865753824362388707659292290165766041134237053091840000000000000000)
(41, 41, 72, 2551435765703586952563502932719778030865753824362388707659292290165766041134237053091840000000000000000)
(42, 42, 72, 2551435765703586952563502932719778030865753824362388707659292290165766041134237053091840000000000000000)
(43, 43, 72, 2551435765703586952563502932719778030865753824362388707659292290165766041134237053091840000000000000000)
(44, 44, 72, 2551435765703586952563502932719778030865753824362388707659292290165766041134237053091840000000000000000)
(45, 45, 72, 2551435765703586952563502932719778030865753824362388707659292290165766041134237053091840000000000000000)
(46, 46, 72, 2551435765703586952563502932719778030865753824362388707659292290165766041134237053091840000000000000000)
(47, 47, 72, 2551435765703586952563502932719778030865753824362388707659292290165766041134237053091840000000000000000)
(48, 48, 72, 5102871531407173905127005865439556061731507648724777415318584580331532082268474106183680000000000000000)
(49, 49, 72, 1275717882851793476281751466359889015432876912181194353829646145082883020567118526545920000000000000000)
(50, 50, 72, 1275717882851793476281751466359889015432876912181194353829646145082883020567118526545920000000000000000)
(51, 51, 72, 1275717882851793476281751466359889015432876912181194353829646145082883020567118526545920000000000000000)
(52, 52, 72, 1275717882851793476281751466359889015432876912181194353829646145082883020567118526545920000000000000000)
(53, 53, 72, 1275717882851793476281751466359889015432876912181194353829646145082883020567118526545920000000000000000)
(54, 54, 72, 3827153648555380428845254399079667046298630736543583061488938435248649061701355579637760000000000000000)
(55, 55, 72, 765430729711076085769050879815933409259726147308716612297787687049729812340271115927552000000000000000)
(56, 56, 72, 765430729711076085769050879815933409259726147308716612297787687049729812340271115927552000000000000000)
(57, 57, 72, 765430729711076085769050879815933409259726147308716612297787687049729812340271115927552000000000000000)
(58, 58, 72, 510287153140717390512700586543955606173150764872477741531858458033153208226847410618368000000000000000)
(59, 59, 72, 510287153140717390512700586543955606173150764872477741531858458033153208226847410618368000000000000000)
(60, 60, 72, 2551435765703586952563502932719778030865753824362388707659292290165766041134237053091840000000000000000)
(61, 61, 72, 364490823671940993223357561817111147266536260623198386808470327166538005876319579013120000000000000000)
(62, 62, 72, 273368117753955744917518171362833360449902195467398790106352745374903504407239684259840000000000000000)
(63, 63, 72, 1913576824277690214422627199539833523149315368271791530744469217624324530850677789818880000000000000000)
(64, 64, 72, 1700957177135724635042335288479852020577169216241592471772861526777177360756158035394560000000000000000)
(65, 65, 72, 139169223583832015594372887239260619865404754056130293145052306736314511334594748350464000000000000000)
(66, 66, 72, 1275717882851793476281751466359889015432876912181194353829646145082883020567118526545920000000000000000)
(67, 67, 72, 72898164734388198644671512363422229453307252124639677361694065433307601175263915802624000000000000000)
(68, 68, 72, 850478588567862317521167644239926010288584608120796235886430763388588680378079017697280000000000000000)
(69, 69, 72, 637858941425896738140875733179944507716438456090597176914823072541441510283559263272960000000000000000)
(70, 70, 72, 425239294283931158760583822119963005144292304060398117943215381694294340189039508848640000000000000000)
(71, 71, 72, 425239294283931158760583822119963005144292304060398117943215381694294340189039508848640000000000000000)
(2, 2, 73, 558764432689085542611407142265631388759600087535363126977385011546302763008397914627112960000000000000000)
(3, 3, 73, 558764432689085542611407142265631388759600087535363126977385011546302763008397914627112960000000000000000)
(4, 4, 73, 558764432689085542611407142265631388759600087535363126977385011546302763008397914627112960000000000000000)
(5, 5, 73, 558764432689085542611407142265631388759600087535363126977385011546302763008397914627112960000000000000000)
(6, 6, 73, 558764432689085542611407142265631388759600087535363126977385011546302763008397914627112960000000000000000)
(7, 7, 73, 558764432689085542611407142265631388759600087535363126977385011546302763008397914627112960000000000000000)
(8, 8, 73, 558764432689085542611407142265631388759600087535363126977385011546302763008397914627112960000000000000000)
(9, 9, 73, 558764432689085542611407142265631388759600087535363126977385011546302763008397914627112960000000000000000)
(10, 10, 73, 558764432689085542611407142265631388759600087535363126977385011546302763008397914627112960000000000000000)
(11, 11, 73, 558764432689085542611407142265631388759600087535363126977385011546302763008397914627112960000000000000000)
(12, 12, 73, 558764432689085542611407142265631388759600087535363126977385011546302763008397914627112960000000000000000)
(13, 13, 73, 558764432689085542611407142265631388759600087535363126977385011546302763008397914627112960000000000000000)
(14, 14, 73, 558764432689085542611407142265631388759600087535363126977385011546302763008397914627112960000000000000000)
(15, 15, 73, 558764432689085542611407142265631388759600087535363126977385011546302763008397914627112960000000000000000)
(16, 16, 73, 558764432689085542611407142265631388759600087535363126977385011546302763008397914627112960000000000000000)
(17, 17, 73, 558764432689085542611407142265631388759600087535363126977385011546302763008397914627112960000000000000000)
(18, 18, 73, 558764432689085542611407142265631388759600087535363126977385011546302763008397914627112960000000000000000)
(19, 19, 73, 558764432689085542611407142265631388759600087535363126977385011546302763008397914627112960000000000000000)
(20, 20, 73, 558764432689085542611407142265631388759600087535363126977385011546302763008397914627112960000000000000000)
(21, 21, 73, 558764432689085542611407142265631388759600087535363126977385011546302763008397914627112960000000000000000)
(22, 22, 73, 558764432689085542611407142265631388759600087535363126977385011546302763008397914627112960000000000000000)
(23, 23, 73, 558764432689085542611407142265631388759600087535363126977385011546302763008397914627112960000000000000000)
(24, 24, 73, 558764432689085542611407142265631388759600087535363126977385011546302763008397914627112960000000000000000)
(25, 25, 73, 558764432689085542611407142265631388759600087535363126977385011546302763008397914627112960000000000000000)
(26, 26, 73, 558764432689085542611407142265631388759600087535363126977385011546302763008397914627112960000000000000000)
(27, 27, 73, 558764432689085542611407142265631388759600087535363126977385011546302763008397914627112960000000000000000)
(28, 28, 73, 558764432689085542611407142265631388759600087535363126977385011546302763008397914627112960000000000000000)
(29, 29, 73, 558764432689085542611407142265631388759600087535363126977385011546302763008397914627112960000000000000000)
(30, 30, 73, 558764432689085542611407142265631388759600087535363126977385011546302763008397914627112960000000000000000)
(31, 31, 73, 558764432689085542611407142265631388759600087535363126977385011546302763008397914627112960000000000000000)
(32, 32, 73, 558764432689085542611407142265631388759600087535363126977385011546302763008397914627112960000000000000000)
(33, 33, 73, 558764432689085542611407142265631388759600087535363126977385011546302763008397914627112960000000000000000)
(34, 34, 73, 558764432689085542611407142265631388759600087535363126977385011546302763008397914627112960000000000000000)
(35, 35, 73, 558764432689085542611407142265631388759600087535363126977385011546302763008397914627112960000000000000000)
(36, 36, 73, 558764432689085542611407142265631388759600087535363126977385011546302763008397914627112960000000000000000)
(37, 37, 73, 186254810896361847537135714088543796253200029178454375659128337182100921002799304875704320000000000000000)
(38, 38, 73, 186254810896361847537135714088543796253200029178454375659128337182100921002799304875704320000000000000000)
(39, 39, 73, 186254810896361847537135714088543796253200029178454375659128337182100921002799304875704320000000000000000)
(40, 40, 73, 186254810896361847537135714088543796253200029178454375659128337182100921002799304875704320000000000000000)
(41, 41, 73, 186254810896361847537135714088543796253200029178454375659128337182100921002799304875704320000000000000000)
(42, 42, 73, 186254810896361847537135714088543796253200029178454375659128337182100921002799304875704320000000000000000)
(43, 43, 73, 186254810896361847537135714088543796253200029178454375659128337182100921002799304875704320000000000000000)
(44, 44, 73, 186254810896361847537135714088543796253200029178454375659128337182100921002799304875704320000000000000000)
(45, 45, 73, 186254810896361847537135714088543796253200029178454375659128337182100921002799304875704320000000000000000)
(46, 46, 73, 186254810896361847537135714088543796253200029178454375659128337182100921002799304875704320000000000000000)
(47, 47, 73, 186254810896361847537135714088543796253200029178454375659128337182100921002799304875704320000000000000000)
(48, 48, 73, 186254810896361847537135714088543796253200029178454375659128337182100921002799304875704320000000000000000)
(49, 49, 73, 186254810896361847537135714088543796253200029178454375659128337182100921002799304875704320000000000000000)
(50, 50, 73, 93127405448180923768567857044271898126600014589227187829564168591050460501399652437852160000000000000000)
(51, 51, 73, 93127405448180923768567857044271898126600014589227187829564168591050460501399652437852160000000000000000)
(52, 52, 73, 93127405448180923768567857044271898126600014589227187829564168591050460501399652437852160000000000000000)
(53, 53, 73, 93127405448180923768567857044271898126600014589227187829564168591050460501399652437852160000000000000000)
(54, 54, 73, 93127405448180923768567857044271898126600014589227187829564168591050460501399652437852160000000000000000)
(55, 55, 73, 55876443268908554261140714226563138875960008753536312697738501154630276300839791462711296000000000000000)
(56, 56, 73, 55876443268908554261140714226563138875960008753536312697738501154630276300839791462711296000000000000000)
(57, 57, 73, 55876443268908554261140714226563138875960008753536312697738501154630276300839791462711296000000000000000)
(58, 58, 73, 55876443268908554261140714226563138875960008753536312697738501154630276300839791462711296000000000000000)
(59, 59, 73, 37250962179272369507427142817708759250640005835690875131825667436420184200559860975140864000000000000000)
(60, 60, 73, 37250962179272369507427142817708759250640005835690875131825667436420184200559860975140864000000000000000)
(61, 61, 73, 26607830128051692505305102012649113750457147025493482237018333883157274428971329267957760000000000000000)
(62, 62, 73, 26607830128051692505305102012649113750457147025493482237018333883157274428971329267957760000000000000000)
(63, 63, 73, 19955872596038769378978826509486835312842860269120111677763750412367955821728496950968320000000000000000)
(64, 64, 73, 15521234241363487294761309507378649687766669098204531304927361431841743416899942072975360000000000000000)
(65, 65, 73, 24833974786181579671618095211805839500426670557127250087883778290946789467039907316760576000000000000000)
(66, 66, 73, 10159353321619737138389220768466025250174547046097511399588818391750959327425416629583872000000000000000)
(67, 67, 73, 7163646572936994136043681311097838317430770353017475986889551430080804653953819418296320000000000000000)
(68, 68, 73, 5321566025610338501061020402529822750091429405098696447403666776631454885794265853591552000000000000000)
(69, 69, 73, 3267628261339681535739223054184978881635088231200953958932076090914051245663145699573760000000000000000)
(70, 70, 73, 1862548108963618475371357140885437962532000291784543756591283371821009210027993048757043200000000000000)
(71, 71, 73, 1677971269336593221055276703500394560839639902508597978911066100739647936962155899781120000000000000000)
(72, 72, 73, 30617229188443043430762035192637336370389045892348664491911507481989192493610844637102080000000000000000)
(2, 2, 74, 41348568018992330153244128527656722768210406477616871396326490854426404462621445682406359040000000000000000)
(3, 3, 74, 41348568018992330153244128527656722768210406477616871396326490854426404462621445682406359040000000000000000)
(4, 4, 74, 41348568018992330153244128527656722768210406477616871396326490854426404462621445682406359040000000000000000)
(5, 5, 74, 41348568018992330153244128527656722768210406477616871396326490854426404462621445682406359040000000000000000)
(6, 6, 74, 41348568018992330153244128527656722768210406477616871396326490854426404462621445682406359040000000000000000)
(7, 7, 74, 41348568018992330153244128527656722768210406477616871396326490854426404462621445682406359040000000000000000)
(8, 8, 74, 41348568018992330153244128527656722768210406477616871396326490854426404462621445682406359040000000000000000)
(9, 9, 74, 41348568018992330153244128527656722768210406477616871396326490854426404462621445682406359040000000000000000)
(10, 10, 74, 41348568018992330153244128527656722768210406477616871396326490854426404462621445682406359040000000000000000)
(11, 11, 74, 41348568018992330153244128527656722768210406477616871396326490854426404462621445682406359040000000000000000)
(12, 12, 74, 41348568018992330153244128527656722768210406477616871396326490854426404462621445682406359040000000000000000)
(13, 13, 74, 41348568018992330153244128527656722768210406477616871396326490854426404462621445682406359040000000000000000)
(14, 14, 74, 41348568018992330153244128527656722768210406477616871396326490854426404462621445682406359040000000000000000)
(15, 15, 74, 41348568018992330153244128527656722768210406477616871396326490854426404462621445682406359040000000000000000)
(16, 16, 74, 41348568018992330153244128527656722768210406477616871396326490854426404462621445682406359040000000000000000)
(17, 17, 74, 41348568018992330153244128527656722768210406477616871396326490854426404462621445682406359040000000000000000)
(18, 18, 74, 41348568018992330153244128527656722768210406477616871396326490854426404462621445682406359040000000000000000)
(19, 19, 74, 41348568018992330153244128527656722768210406477616871396326490854426404462621445682406359040000000000000000)
(20, 20, 74, 41348568018992330153244128527656722768210406477616871396326490854426404462621445682406359040000000000000000)
(21, 21, 74, 41348568018992330153244128527656722768210406477616871396326490854426404462621445682406359040000000000000000)
(22, 22, 74, 41348568018992330153244128527656722768210406477616871396326490854426404462621445682406359040000000000000000)
(23, 23, 74, 41348568018992330153244128527656722768210406477616871396326490854426404462621445682406359040000000000000000)
(24, 24, 74, 41348568018992330153244128527656722768210406477616871396326490854426404462621445682406359040000000000000000)
(25, 25, 74, 41348568018992330153244128527656722768210406477616871396326490854426404462621445682406359040000000000000000)
(26, 26, 74, 41348568018992330153244128527656722768210406477616871396326490854426404462621445682406359040000000000000000)
(27, 27, 74, 41348568018992330153244128527656722768210406477616871396326490854426404462621445682406359040000000000000000)
(28, 28, 74, 41348568018992330153244128527656722768210406477616871396326490854426404462621445682406359040000000000000000)
(29, 29, 74, 41348568018992330153244128527656722768210406477616871396326490854426404462621445682406359040000000000000000)
(30, 30, 74, 41348568018992330153244128527656722768210406477616871396326490854426404462621445682406359040000000000000000)
(31, 31, 74, 41348568018992330153244128527656722768210406477616871396326490854426404462621445682406359040000000000000000)
(32, 32, 74, 41348568018992330153244128527656722768210406477616871396326490854426404462621445682406359040000000000000000)
(33, 33, 74, 41348568018992330153244128527656722768210406477616871396326490854426404462621445682406359040000000000000000)
(34, 34, 74, 41348568018992330153244128527656722768210406477616871396326490854426404462621445682406359040000000000000000)
(35, 35, 74, 41348568018992330153244128527656722768210406477616871396326490854426404462621445682406359040000000000000000)
(36, 36, 74, 41348568018992330153244128527656722768210406477616871396326490854426404462621445682406359040000000000000000)
(37, 37, 74, 41348568018992330153244128527656722768210406477616871396326490854426404462621445682406359040000000000000000)
(38, 38, 74, 13782856006330776717748042842552240922736802159205623798775496951475468154207148560802119680000000000000000)
(39, 39, 74, 13782856006330776717748042842552240922736802159205623798775496951475468154207148560802119680000000000000000)
(40, 40, 74, 13782856006330776717748042842552240922736802159205623798775496951475468154207148560802119680000000000000000)
(41, 41, 74, 13782856006330776717748042842552240922736802159205623798775496951475468154207148560802119680000000000000000)
(42, 42, 74, 13782856006330776717748042842552240922736802159205623798775496951475468154207148560802119680000000000000000)
(43, 43, 74, 13782856006330776717748042842552240922736802159205623798775496951475468154207148560802119680000000000000000)
(44, 44, 74, 13782856006330776717748042842552240922736802159205623798775496951475468154207148560802119680000000000000000)
(45, 45, 74, 13782856006330776717748042842552240922736802159205623798775496951475468154207148560802119680000000000000000)
(46, 46, 74, 13782856006330776717748042842552240922736802159205623798775496951475468154207148560802119680000000000000000)
(47, 47, 74, 13782856006330776717748042842552240922736802159205623798775496951475468154207148560802119680000000000000000)
(48, 48, 74, 13782856006330776717748042842552240922736802159205623798775496951475468154207148560802119680000000000000000)
(49, 49, 74, 27565712012661553435496085685104481845473604318411247597550993902950936308414297121604239360000000000000000)
(50, 50, 74, 6891428003165388358874021421276120461368401079602811899387748475737734077103574280401059840000000000000000)
(51, 51, 74, 6891428003165388358874021421276120461368401079602811899387748475737734077103574280401059840000000000000000)
(52, 52, 74, 6891428003165388358874021421276120461368401079602811899387748475737734077103574280401059840000000000000000)
(53, 53, 74, 6891428003165388358874021421276120461368401079602811899387748475737734077103574280401059840000000000000000)
(54, 54, 74, 6891428003165388358874021421276120461368401079602811899387748475737734077103574280401059840000000000000000)
(55, 55, 74, 6891428003165388358874021421276120461368401079602811899387748475737734077103574280401059840000000000000000)
(56, 56, 74, 4134856801899233015324412852765672276821040647761687139632649085442640446262144568240635904000000000000000)
(57, 57, 74, 4134856801899233015324412852765672276821040647761687139632649085442640446262144568240635904000000000000000)
(58, 58, 74, 4134856801899233015324412852765672276821040647761687139632649085442640446262144568240635904000000000000000)
(59, 59, 74, 8269713603798466030648825705531344553642081295523374279265298170885280892524289136481271808000000000000000)
(60, 60, 74, 2756571201266155343549608568510448184547360431841124759755099390295093630841429712160423936000000000000000)
(61, 61, 74, 2756571201266155343549608568510448184547360431841124759755099390295093630841429712160423936000000000000000)
(62, 62, 74, 1968979429475825245392577548936034417533828879886517685539356707353638307743878365828874240000000000000000)
(63, 63, 74, 1968979429475825245392577548936034417533828879886517685539356707353638307743878365828874240000000000000000)
(64, 64, 74, 1476734572106868934044433161702025813150371659914888264154517530515228730807908774371655680000000000000000)
(65, 65, 74, 1148571333860898059812336903546020076894733513267135316564624745956289012850595713400176640000000000000000)
(66, 66, 74, 918857067088718447849869522836816061515786810613708253251699796765031210280476570720141312000000000000000)
(67, 67, 74, 751792145799860548240802336866485868512916481411215843569572560989570990229480830589206528000000000000000)
(68, 68, 74, 530109846397337566067232417021240035489877006123293223029826805825979544392582636953927680000000000000000)
(69, 69, 74, 787591771790330098157031019574413767013531551954607074215742682941455323097551346331549696000000000000000)
(70, 70, 74, 241804491339136433644702506009688437240996529108870592960973630727639792179072781768458240000000000000000)
(71, 71, 74, 275657120126615534354960856851044818454736043184112475975509939029509363084142971216042393600000000000000)
(72, 72, 74, 2235057730756342170445628569062525555038400350141452507909540046185211052033591658508451840000000000000000)
(73, 73, 74, 2235057730756342170445628569062525555038400350141452507909540046185211052033591658508451840000000000000000)
(2, 2, 75, 3101142601424424761493309639574254207615780485821265354724486814081980334696608426180476928000000000000000000)
(3, 3, 75, 3101142601424424761493309639574254207615780485821265354724486814081980334696608426180476928000000000000000000)
(4, 4, 75, 3101142601424424761493309639574254207615780485821265354724486814081980334696608426180476928000000000000000000)
(5, 5, 75, 3101142601424424761493309639574254207615780485821265354724486814081980334696608426180476928000000000000000000)
(6, 6, 75, 3101142601424424761493309639574254207615780485821265354724486814081980334696608426180476928000000000000000000)
(7, 7, 75, 3101142601424424761493309639574254207615780485821265354724486814081980334696608426180476928000000000000000000)
(8, 8, 75, 3101142601424424761493309639574254207615780485821265354724486814081980334696608426180476928000000000000000000)
(9, 9, 75, 3101142601424424761493309639574254207615780485821265354724486814081980334696608426180476928000000000000000000)
(10, 10, 75, 3101142601424424761493309639574254207615780485821265354724486814081980334696608426180476928000000000000000000)
(11, 11, 75, 3101142601424424761493309639574254207615780485821265354724486814081980334696608426180476928000000000000000000)
(12, 12, 75, 3101142601424424761493309639574254207615780485821265354724486814081980334696608426180476928000000000000000000)
(13, 13, 75, 3101142601424424761493309639574254207615780485821265354724486814081980334696608426180476928000000000000000000)
(14, 14, 75, 3101142601424424761493309639574254207615780485821265354724486814081980334696608426180476928000000000000000000)
(15, 15, 75, 3101142601424424761493309639574254207615780485821265354724486814081980334696608426180476928000000000000000000)
(16, 16, 75, 3101142601424424761493309639574254207615780485821265354724486814081980334696608426180476928000000000000000000)
(17, 17, 75, 3101142601424424761493309639574254207615780485821265354724486814081980334696608426180476928000000000000000000)
(18, 18, 75, 3101142601424424761493309639574254207615780485821265354724486814081980334696608426180476928000000000000000000)
(19, 19, 75, 3101142601424424761493309639574254207615780485821265354724486814081980334696608426180476928000000000000000000)
(20, 20, 75, 3101142601424424761493309639574254207615780485821265354724486814081980334696608426180476928000000000000000000)
(21, 21, 75, 3101142601424424761493309639574254207615780485821265354724486814081980334696608426180476928000000000000000000)
(22, 22, 75, 3101142601424424761493309639574254207615780485821265354724486814081980334696608426180476928000000000000000000)
(23, 23, 75, 3101142601424424761493309639574254207615780485821265354724486814081980334696608426180476928000000000000000000)
(24, 24, 75, 3101142601424424761493309639574254207615780485821265354724486814081980334696608426180476928000000000000000000)
(25, 25, 75, 3101142601424424761493309639574254207615780485821265354724486814081980334696608426180476928000000000000000000)
(26, 26, 75, 3101142601424424761493309639574254207615780485821265354724486814081980334696608426180476928000000000000000000)
(27, 27, 75, 3101142601424424761493309639574254207615780485821265354724486814081980334696608426180476928000000000000000000)
(28, 28, 75, 3101142601424424761493309639574254207615780485821265354724486814081980334696608426180476928000000000000000000)
(29, 29, 75, 3101142601424424761493309639574254207615780485821265354724486814081980334696608426180476928000000000000000000)
(30, 30, 75, 3101142601424424761493309639574254207615780485821265354724486814081980334696608426180476928000000000000000000)
(31, 31, 75, 3101142601424424761493309639574254207615780485821265354724486814081980334696608426180476928000000000000000000)
(32, 32, 75, 3101142601424424761493309639574254207615780485821265354724486814081980334696608426180476928000000000000000000)
(33, 33, 75, 3101142601424424761493309639574254207615780485821265354724486814081980334696608426180476928000000000000000000)
(34, 34, 75, 3101142601424424761493309639574254207615780485821265354724486814081980334696608426180476928000000000000000000)
(35, 35, 75, 3101142601424424761493309639574254207615780485821265354724486814081980334696608426180476928000000000000000000)
(36, 36, 75, 3101142601424424761493309639574254207615780485821265354724486814081980334696608426180476928000000000000000000)
(37, 37, 75, 3101142601424424761493309639574254207615780485821265354724486814081980334696608426180476928000000000000000000)
(38, 38, 75, 1033714200474808253831103213191418069205260161940421784908162271360660111565536142060158976000000000000000000)
(39, 39, 75, 1033714200474808253831103213191418069205260161940421784908162271360660111565536142060158976000000000000000000)
(40, 40, 75, 1033714200474808253831103213191418069205260161940421784908162271360660111565536142060158976000000000000000000)
(41, 41, 75, 1033714200474808253831103213191418069205260161940421784908162271360660111565536142060158976000000000000000000)
(42, 42, 75, 1033714200474808253831103213191418069205260161940421784908162271360660111565536142060158976000000000000000000)
(43, 43, 75, 1033714200474808253831103213191418069205260161940421784908162271360660111565536142060158976000000000000000000)
(44, 44, 75, 1033714200474808253831103213191418069205260161940421784908162271360660111565536142060158976000000000000000000)
(45, 45, 75, 1033714200474808253831103213191418069205260161940421784908162271360660111565536142060158976000000000000000000)
(46, 46, 75, 1033714200474808253831103213191418069205260161940421784908162271360660111565536142060158976000000000000000000)
(47, 47, 75, 1033714200474808253831103213191418069205260161940421784908162271360660111565536142060158976000000000000000000)
(48, 48, 75, 1033714200474808253831103213191418069205260161940421784908162271360660111565536142060158976000000000000000000)
(49, 49, 75, 1033714200474808253831103213191418069205260161940421784908162271360660111565536142060158976000000000000000000)
(50, 50, 75, 2067428400949616507662206426382836138410520323880843569816324542721320223131072284120317952000000000000000000)
(51, 51, 75, 516857100237404126915551606595709034602630080970210892454081135680330055782768071030079488000000000000000000)
(52, 52, 75, 516857100237404126915551606595709034602630080970210892454081135680330055782768071030079488000000000000000000)
(53, 53, 75, 516857100237404126915551606595709034602630080970210892454081135680330055782768071030079488000000000000000000)
(54, 54, 75, 516857100237404126915551606595709034602630080970210892454081135680330055782768071030079488000000000000000000)
(55, 55, 75, 516857100237404126915551606595709034602630080970210892454081135680330055782768071030079488000000000000000000)
(56, 56, 75, 516857100237404126915551606595709034602630080970210892454081135680330055782768071030079488000000000000000000)
(57, 57, 75, 310114260142442476149330963957425420761578048582126535472448681408198033469660842618047692800000000000000000)
(58, 58, 75, 310114260142442476149330963957425420761578048582126535472448681408198033469660842618047692800000000000000000)
(59, 59, 75, 310114260142442476149330963957425420761578048582126535472448681408198033469660842618047692800000000000000000)
(60, 60, 75, 1240457040569769904597323855829701683046312194328506141889794725632792133878643370472190771200000000000000000)
(61, 61, 75, 206742840094961650766220642638283613841052032388084356981632454272132022313107228412031795200000000000000000)
(62, 62, 75, 206742840094961650766220642638283613841052032388084356981632454272132022313107228412031795200000000000000000)
(63, 63, 75, 147673457210686893404443316170202581315037165991488826415451753051522873080790877437165568000000000000000000)
(64, 64, 75, 147673457210686893404443316170202581315037165991488826415451753051522873080790877437165568000000000000000000)
(65, 65, 75, 110755092908015170053332487127651935986277874493616619811588814788642154810593158077874176000000000000000000)
(66, 66, 75, 86142850039567354485925267765951505767105013495035148742346855946721675963794678505013248000000000000000000)
(67, 67, 75, 68914280031653883588740214212761204613684010796028118993877484757377340771035742804010598400000000000000000)
(68, 68, 75, 56384410934989541118060175264986440138468736105841188267717942074217824267211062294190489600000000000000000)
(69, 69, 75, 39758238479800317455042431276593002661740775459246991727237010436948465829443697771544576000000000000000000)
(70, 70, 75, 413485680189923301532441285276567227682104064776168713963264908544264044626214456824063590400000000000000000)
(71, 71, 75, 36270673700870465046705375901453265586149479366330588944146044609145968826860917265268736000000000000000000)
(72, 72, 75, 248091408113953980919464771165940336609262438865701228377958945126558426775728674094438154240000000000000000)
(73, 73, 75, 8822596305617140146495902246299442980414738224242575689116605445467938363290493388849152000000000000000000)
(74, 74, 75, 165394272075969320612976514110626891072841625910467485585305963417705617850485782729625436160000000000000000)
(2, 2, 76, 235686837708256281873491532607643319778799316922416166959060997870230505436942240389716246528000000000000000000)
(3, 3, 76, 235686837708256281873491532607643319778799316922416166959060997870230505436942240389716246528000000000000000000)
(4, 4, 76, 235686837708256281873491532607643319778799316922416166959060997870230505436942240389716246528000000000000000000)
(5, 5, 76, 235686837708256281873491532607643319778799316922416166959060997870230505436942240389716246528000000000000000000)
(6, 6, 76, 235686837708256281873491532607643319778799316922416166959060997870230505436942240389716246528000000000000000000)
(7, 7, 76, 235686837708256281873491532607643319778799316922416166959060997870230505436942240389716246528000000000000000000)
(8, 8, 76, 235686837708256281873491532607643319778799316922416166959060997870230505436942240389716246528000000000000000000)
(9, 9, 76, 235686837708256281873491532607643319778799316922416166959060997870230505436942240389716246528000000000000000000)
(10, 10, 76, 235686837708256281873491532607643319778799316922416166959060997870230505436942240389716246528000000000000000000)
(11, 11, 76, 235686837708256281873491532607643319778799316922416166959060997870230505436942240389716246528000000000000000000)
(12, 12, 76, 235686837708256281873491532607643319778799316922416166959060997870230505436942240389716246528000000000000000000)
(13, 13, 76, 235686837708256281873491532607643319778799316922416166959060997870230505436942240389716246528000000000000000000)
(14, 14, 76, 235686837708256281873491532607643319778799316922416166959060997870230505436942240389716246528000000000000000000)
(15, 15, 76, 235686837708256281873491532607643319778799316922416166959060997870230505436942240389716246528000000000000000000)
(16, 16, 76, 235686837708256281873491532607643319778799316922416166959060997870230505436942240389716246528000000000000000000)
(17, 17, 76, 235686837708256281873491532607643319778799316922416166959060997870230505436942240389716246528000000000000000000)
(18, 18, 76, 235686837708256281873491532607643319778799316922416166959060997870230505436942240389716246528000000000000000000)
(19, 19, 76, 235686837708256281873491532607643319778799316922416166959060997870230505436942240389716246528000000000000000000)
(20, 20, 76, 235686837708256281873491532607643319778799316922416166959060997870230505436942240389716246528000000000000000000)
(21, 21, 76, 235686837708256281873491532607643319778799316922416166959060997870230505436942240389716246528000000000000000000)
(22, 22, 76, 235686837708256281873491532607643319778799316922416166959060997870230505436942240389716246528000000000000000000)
(23, 23, 76, 235686837708256281873491532607643319778799316922416166959060997870230505436942240389716246528000000000000000000)
(24, 24, 76, 235686837708256281873491532607643319778799316922416166959060997870230505436942240389716246528000000000000000000)
(25, 25, 76, 235686837708256281873491532607643319778799316922416166959060997870230505436942240389716246528000000000000000000)
(26, 26, 76, 235686837708256281873491532607643319778799316922416166959060997870230505436942240389716246528000000000000000000)
(27, 27, 76, 235686837708256281873491532607643319778799316922416166959060997870230505436942240389716246528000000000000000000)
(28, 28, 76, 235686837708256281873491532607643319778799316922416166959060997870230505436942240389716246528000000000000000000)
(29, 29, 76, 235686837708256281873491532607643319778799316922416166959060997870230505436942240389716246528000000000000000000)
(30, 30, 76, 235686837708256281873491532607643319778799316922416166959060997870230505436942240389716246528000000000000000000)
(31, 31, 76, 235686837708256281873491532607643319778799316922416166959060997870230505436942240389716246528000000000000000000)
(32, 32, 76, 235686837708256281873491532607643319778799316922416166959060997870230505436942240389716246528000000000000000000)
(33, 33, 76, 235686837708256281873491532607643319778799316922416166959060997870230505436942240389716246528000000000000000000)
(34, 34, 76, 235686837708256281873491532607643319778799316922416166959060997870230505436942240389716246528000000000000000000)
(35, 35, 76, 235686837708256281873491532607643319778799316922416166959060997870230505436942240389716246528000000000000000000)
(36, 36, 76, 235686837708256281873491532607643319778799316922416166959060997870230505436942240389716246528000000000000000000)
(37, 37, 76, 235686837708256281873491532607643319778799316922416166959060997870230505436942240389716246528000000000000000000)
(38, 38, 76, 235686837708256281873491532607643319778799316922416166959060997870230505436942240389716246528000000000000000000)
(39, 39, 76, 78562279236085427291163844202547773259599772307472055653020332623410168478980746796572082176000000000000000000)
(40, 40, 76, 78562279236085427291163844202547773259599772307472055653020332623410168478980746796572082176000000000000000000)
(41, 41, 76, 78562279236085427291163844202547773259599772307472055653020332623410168478980746796572082176000000000000000000)
(42, 42, 76, 78562279236085427291163844202547773259599772307472055653020332623410168478980746796572082176000000000000000000)
(43, 43, 76, 78562279236085427291163844202547773259599772307472055653020332623410168478980746796572082176000000000000000000)
(44, 44, 76, 78562279236085427291163844202547773259599772307472055653020332623410168478980746796572082176000000000000000000)
(45, 45, 76, 78562279236085427291163844202547773259599772307472055653020332623410168478980746796572082176000000000000000000)
(46, 46, 76, 78562279236085427291163844202547773259599772307472055653020332623410168478980746796572082176000000000000000000)
(47, 47, 76, 78562279236085427291163844202547773259599772307472055653020332623410168478980746796572082176000000000000000000)
(48, 48, 76, 78562279236085427291163844202547773259599772307472055653020332623410168478980746796572082176000000000000000000)
(49, 49, 76, 78562279236085427291163844202547773259599772307472055653020332623410168478980746796572082176000000000000000000)
(50, 50, 76, 78562279236085427291163844202547773259599772307472055653020332623410168478980746796572082176000000000000000000)
(51, 51, 76, 78562279236085427291163844202547773259599772307472055653020332623410168478980746796572082176000000000000000000)
(52, 52, 76, 39281139618042713645581922101273886629799886153736027826510166311705084239490373398286041088000000000000000000)
(53, 53, 76, 39281139618042713645581922101273886629799886153736027826510166311705084239490373398286041088000000000000000000)
(54, 54, 76, 39281139618042713645581922101273886629799886153736027826510166311705084239490373398286041088000000000000000000)
(55, 55, 76, 39281139618042713645581922101273886629799886153736027826510166311705084239490373398286041088000000000000000000)
(56, 56, 76, 39281139618042713645581922101273886629799886153736027826510166311705084239490373398286041088000000000000000000)
(57, 57, 76, 117843418854128140936745766303821659889399658461208083479530498935115252718471120194858123264000000000000000000)
(58, 58, 76, 23568683770825628187349153260764331977879931692241616695906099787023050543694224038971624652800000000000000000)
(59, 59, 76, 23568683770825628187349153260764331977879931692241616695906099787023050543694224038971624652800000000000000000)
(60, 60, 76, 23568683770825628187349153260764331977879931692241616695906099787023050543694224038971624652800000000000000000)
(61, 61, 76, 31424911694434170916465537681019109303839908922988822261208133049364067391592298718628832870400000000000000000)
(62, 62, 76, 15712455847217085458232768840509554651919954461494411130604066524682033695796149359314416435200000000000000000)
(63, 63, 76, 15712455847217085458232768840509554651919954461494411130604066524682033695796149359314416435200000000000000000)
(64, 64, 76, 11223182748012203898737692028935396179942824615353150807574333231915738354140106685224583168000000000000000000)
(65, 65, 76, 22446365496024407797475384057870792359885649230706301615148666463831476708280213370449166336000000000000000000)
(66, 66, 76, 8417387061009152924053269021701547134957118461514863105680749923936803765605080013918437376000000000000000000)
(67, 67, 76, 6546856603007118940930320350212314438299981025622671304418361051950847373248395566381006848000000000000000000)
(68, 68, 76, 5237485282405695152744256280169851550639984820498137043534688841560677898598716453104805478400000000000000000)
(69, 69, 76, 8570430462118410249945146640277938901047247888087860616693127195281109288616081468716954419200000000000000000)
(70, 70, 76, 3021626124464824126583224777021068202292298934902771371270012793208083403037721030637387776000000000000000000)
(71, 71, 76, 3928113961804271364558192210127388662979988615373602782651016631170508423949037339828604108800000000000000000)
(72, 72, 76, 24809140811395398091946477116594033660926243886570122837795894512655842677572867409443815424000000000000000000)
(73, 73, 76, 1450380539743115580759947892970112737100303488753330258209606140739880033458106094705946132480000000000000000)
(74, 74, 76, 12404570405697699045973238558297016830463121943285061418897947256327921338786433704721907712000000000000000000)
(75, 75, 76, 12404570405697699045973238558297016830463121943285061418897947256327921338786433704721907712000000000000000000)
(2, 2, 77, 18147886503535733704258848010788535622967547403026044855847696836007748918644552510008150982656000000000000000000)
(3, 3, 77, 18147886503535733704258848010788535622967547403026044855847696836007748918644552510008150982656000000000000000000)
(4, 4, 77, 18147886503535733704258848010788535622967547403026044855847696836007748918644552510008150982656000000000000000000)
(5, 5, 77, 18147886503535733704258848010788535622967547403026044855847696836007748918644552510008150982656000000000000000000)
(6, 6, 77, 18147886503535733704258848010788535622967547403026044855847696836007748918644552510008150982656000000000000000000)
(7, 7, 77, 18147886503535733704258848010788535622967547403026044855847696836007748918644552510008150982656000000000000000000)
(8, 8, 77, 18147886503535733704258848010788535622967547403026044855847696836007748918644552510008150982656000000000000000000)
(9, 9, 77, 18147886503535733704258848010788535622967547403026044855847696836007748918644552510008150982656000000000000000000)
(10, 10, 77, 18147886503535733704258848010788535622967547403026044855847696836007748918644552510008150982656000000000000000000)
(11, 11, 77, 18147886503535733704258848010788535622967547403026044855847696836007748918644552510008150982656000000000000000000)
(12, 12, 77, 18147886503535733704258848010788535622967547403026044855847696836007748918644552510008150982656000000000000000000)
(13, 13, 77, 18147886503535733704258848010788535622967547403026044855847696836007748918644552510008150982656000000000000000000)
(14, 14, 77, 18147886503535733704258848010788535622967547403026044855847696836007748918644552510008150982656000000000000000000)
(15, 15, 77, 18147886503535733704258848010788535622967547403026044855847696836007748918644552510008150982656000000000000000000)
(16, 16, 77, 18147886503535733704258848010788535622967547403026044855847696836007748918644552510008150982656000000000000000000)
(17, 17, 77, 18147886503535733704258848010788535622967547403026044855847696836007748918644552510008150982656000000000000000000)
(18, 18, 77, 18147886503535733704258848010788535622967547403026044855847696836007748918644552510008150982656000000000000000000)
(19, 19, 77, 18147886503535733704258848010788535622967547403026044855847696836007748918644552510008150982656000000000000000000)
(20, 20, 77, 18147886503535733704258848010788535622967547403026044855847696836007748918644552510008150982656000000000000000000)
(21, 21, 77, 18147886503535733704258848010788535622967547403026044855847696836007748918644552510008150982656000000000000000000)
(22, 22, 77, 18147886503535733704258848010788535622967547403026044855847696836007748918644552510008150982656000000000000000000)
(23, 23, 77, 18147886503535733704258848010788535622967547403026044855847696836007748918644552510008150982656000000000000000000)
(24, 24, 77, 18147886503535733704258848010788535622967547403026044855847696836007748918644552510008150982656000000000000000000)
(25, 25, 77, 18147886503535733704258848010788535622967547403026044855847696836007748918644552510008150982656000000000000000000)
(26, 26, 77, 18147886503535733704258848010788535622967547403026044855847696836007748918644552510008150982656000000000000000000)
(27, 27, 77, 18147886503535733704258848010788535622967547403026044855847696836007748918644552510008150982656000000000000000000)
(28, 28, 77, 18147886503535733704258848010788535622967547403026044855847696836007748918644552510008150982656000000000000000000)
(29, 29, 77, 18147886503535733704258848010788535622967547403026044855847696836007748918644552510008150982656000000000000000000)
(30, 30, 77, 18147886503535733704258848010788535622967547403026044855847696836007748918644552510008150982656000000000000000000)
(31, 31, 77, 18147886503535733704258848010788535622967547403026044855847696836007748918644552510008150982656000000000000000000)
(32, 32, 77, 18147886503535733704258848010788535622967547403026044855847696836007748918644552510008150982656000000000000000000)
(33, 33, 77, 18147886503535733704258848010788535622967547403026044855847696836007748918644552510008150982656000000000000000000)
(34, 34, 77, 18147886503535733704258848010788535622967547403026044855847696836007748918644552510008150982656000000000000000000)
(35, 35, 77, 18147886503535733704258848010788535622967547403026044855847696836007748918644552510008150982656000000000000000000)
(36, 36, 77, 18147886503535733704258848010788535622967547403026044855847696836007748918644552510008150982656000000000000000000)
(37, 37, 77, 18147886503535733704258848010788535622967547403026044855847696836007748918644552510008150982656000000000000000000)
(38, 38, 77, 18147886503535733704258848010788535622967547403026044855847696836007748918644552510008150982656000000000000000000)
(39, 39, 77, 6049295501178577901419616003596178540989182467675348285282565612002582972881517503336050327552000000000000000000)
(40, 40, 77, 6049295501178577901419616003596178540989182467675348285282565612002582972881517503336050327552000000000000000000)
(41, 41, 77, 6049295501178577901419616003596178540989182467675348285282565612002582972881517503336050327552000000000000000000)
(42, 42, 77, 6049295501178577901419616003596178540989182467675348285282565612002582972881517503336050327552000000000000000000)
(43, 43, 77, 6049295501178577901419616003596178540989182467675348285282565612002582972881517503336050327552000000000000000000)
(44, 44, 77, 6049295501178577901419616003596178540989182467675348285282565612002582972881517503336050327552000000000000000000)
(45, 45, 77, 6049295501178577901419616003596178540989182467675348285282565612002582972881517503336050327552000000000000000000)
(46, 46, 77, 6049295501178577901419616003596178540989182467675348285282565612002582972881517503336050327552000000000000000000)
(47, 47, 77, 6049295501178577901419616003596178540989182467675348285282565612002582972881517503336050327552000000000000000000)
(48, 48, 77, 6049295501178577901419616003596178540989182467675348285282565612002582972881517503336050327552000000000000000000)
(49, 49, 77, 6049295501178577901419616003596178540989182467675348285282565612002582972881517503336050327552000000000000000000)
(50, 50, 77, 6049295501178577901419616003596178540989182467675348285282565612002582972881517503336050327552000000000000000000)
(51, 51, 77, 12098591002357155802839232007192357081978364935350696570565131224005165945763035006672100655104000000000000000000)
(52, 52, 77, 3024647750589288950709808001798089270494591233837674142641282806001291486440758751668025163776000000000000000000)
(53, 53, 77, 3024647750589288950709808001798089270494591233837674142641282806001291486440758751668025163776000000000000000000)
(54, 54, 77, 3024647750589288950709808001798089270494591233837674142641282806001291486440758751668025163776000000000000000000)
(55, 55, 77, 3024647750589288950709808001798089270494591233837674142641282806001291486440758751668025163776000000000000000000)
(56, 56, 77, 3024647750589288950709808001798089270494591233837674142641282806001291486440758751668025163776000000000000000000)
(57, 57, 77, 3024647750589288950709808001798089270494591233837674142641282806001291486440758751668025163776000000000000000000)
(58, 58, 77, 1814788650353573370425884801078853562296754740302604485584769683600774891864455251000815098265600000000000000000)
(59, 59, 77, 1814788650353573370425884801078853562296754740302604485584769683600774891864455251000815098265600000000000000000)
(60, 60, 77, 1814788650353573370425884801078853562296754740302604485584769683600774891864455251000815098265600000000000000000)
(61, 61, 77, 1814788650353573370425884801078853562296754740302604485584769683600774891864455251000815098265600000000000000000)
(62, 62, 77, 1209859100235715580283923200719235708197836493535069657056513122400516594576303500667210065510400000000000000000)
(63, 63, 77, 1209859100235715580283923200719235708197836493535069657056513122400516594576303500667210065510400000000000000000)
(64, 64, 77, 1209859100235715580283923200719235708197836493535069657056513122400516594576303500667210065510400000000000000000)
(65, 65, 77, 864185071596939700202802286228025505855597495382192612183223658857511853268788214762292903936000000000000000000)
(66, 66, 77, 5185110429581638201216813717368153035133584972293155673099341953145071119612729288573757423616000000000000000000)
(67, 67, 77, 648138803697704775152101714671019129391698121536644459137417744143133889951591161071719677952000000000000000000)
(68, 68, 77, 504107958431548158451634666966348211749098538972945690440213801000215247740126458611337527296000000000000000000)
(69, 69, 77, 403286366745238526761307733573078569399278831178356552352171040800172198192101166889070021836800000000000000000)
(70, 70, 77, 3299615727915587946228881456507006476903190436913826337426853970183227076117191365456027451392000000000000000000)
(71, 71, 77, 465330423167582915493816615661244503153014035975026791175581970154044844067809038718157717504000000000000000000)
(72, 72, 77, 151232387529464447535490400089904463524729561691883707132064140300064574322037937583401258188800000000000000000)
(73, 73, 77, 191030384247744565307987873797774059189132077926589945851028387747449988617311079052717378764800000000000000000)
(74, 74, 77, 55839650780109949859257993879349340378361684317003214941069836418485381288137084646178926100480000000000000000)
(75, 75, 77, 48982149807113991104612275332762579279264635365792293807955996858320509901874635654542917632000000000000000000)
(76, 76, 77, 942747350833025127493966130430573279115197267689664667836243991480922021747768961558864986112000000000000000000)
(2, 2, 78, 1415535147275787228932190144841505778591468697436031498756120353208604415654275095780635776647168000000000000000000)
(3, 3, 78, 1415535147275787228932190144841505778591468697436031498756120353208604415654275095780635776647168000000000000000000)
(4, 4, 78, 1415535147275787228932190144841505778591468697436031498756120353208604415654275095780635776647168000000000000000000)
(5, 5, 78, 1415535147275787228932190144841505778591468697436031498756120353208604415654275095780635776647168000000000000000000)
(6, 6, 78, 1415535147275787228932190144841505778591468697436031498756120353208604415654275095780635776647168000000000000000000)
(7, 7, 78, 1415535147275787228932190144841505778591468697436031498756120353208604415654275095780635776647168000000000000000000)
(8, 8, 78, 1415535147275787228932190144841505778591468697436031498756120353208604415654275095780635776647168000000000000000000)
(9, 9, 78, 1415535147275787228932190144841505778591468697436031498756120353208604415654275095780635776647168000000000000000000)
(10, 10, 78, 1415535147275787228932190144841505778591468697436031498756120353208604415654275095780635776647168000000000000000000)
(11, 11, 78, 1415535147275787228932190144841505778591468697436031498756120353208604415654275095780635776647168000000000000000000)
(12, 12, 78, 1415535147275787228932190144841505778591468697436031498756120353208604415654275095780635776647168000000000000000000)
(13, 13, 78, 1415535147275787228932190144841505778591468697436031498756120353208604415654275095780635776647168000000000000000000)
(14, 14, 78, 1415535147275787228932190144841505778591468697436031498756120353208604415654275095780635776647168000000000000000000)
(15, 15, 78, 1415535147275787228932190144841505778591468697436031498756120353208604415654275095780635776647168000000000000000000)
(16, 16, 78, 1415535147275787228932190144841505778591468697436031498756120353208604415654275095780635776647168000000000000000000)
(17, 17, 78, 1415535147275787228932190144841505778591468697436031498756120353208604415654275095780635776647168000000000000000000)
(18, 18, 78, 1415535147275787228932190144841505778591468697436031498756120353208604415654275095780635776647168000000000000000000)
(19, 19, 78, 1415535147275787228932190144841505778591468697436031498756120353208604415654275095780635776647168000000000000000000)
(20, 20, 78, 1415535147275787228932190144841505778591468697436031498756120353208604415654275095780635776647168000000000000000000)
(21, 21, 78, 1415535147275787228932190144841505778591468697436031498756120353208604415654275095780635776647168000000000000000000)
(22, 22, 78, 1415535147275787228932190144841505778591468697436031498756120353208604415654275095780635776647168000000000000000000)
(23, 23, 78, 1415535147275787228932190144841505778591468697436031498756120353208604415654275095780635776647168000000000000000000)
(24, 24, 78, 1415535147275787228932190144841505778591468697436031498756120353208604415654275095780635776647168000000000000000000)
(25, 25, 78, 1415535147275787228932190144841505778591468697436031498756120353208604415654275095780635776647168000000000000000000)
(26, 26, 78, 1415535147275787228932190144841505778591468697436031498756120353208604415654275095780635776647168000000000000000000)
(27, 27, 78, 1415535147275787228932190144841505778591468697436031498756120353208604415654275095780635776647168000000000000000000)
(28, 28, 78, 1415535147275787228932190144841505778591468697436031498756120353208604415654275095780635776647168000000000000000000)
(29, 29, 78, 1415535147275787228932190144841505778591468697436031498756120353208604415654275095780635776647168000000000000000000)
(30, 30, 78, 1415535147275787228932190144841505778591468697436031498756120353208604415654275095780635776647168000000000000000000)
(31, 31, 78, 1415535147275787228932190144841505778591468697436031498756120353208604415654275095780635776647168000000000000000000)
(32, 32, 78, 1415535147275787228932190144841505778591468697436031498756120353208604415654275095780635776647168000000000000000000)
(33, 33, 78, 1415535147275787228932190144841505778591468697436031498756120353208604415654275095780635776647168000000000000000000)
(34, 34, 78, 1415535147275787228932190144841505778591468697436031498756120353208604415654275095780635776647168000000000000000000)
(35, 35, 78, 1415535147275787228932190144841505778591468697436031498756120353208604415654275095780635776647168000000000000000000)
(36, 36, 78, 1415535147275787228932190144841505778591468697436031498756120353208604415654275095780635776647168000000000000000000)
(37, 37, 78, 1415535147275787228932190144841505778591468697436031498756120353208604415654275095780635776647168000000000000000000)
(38, 38, 78, 1415535147275787228932190144841505778591468697436031498756120353208604415654275095780635776647168000000000000000000)
(39, 39, 78, 1415535147275787228932190144841505778591468697436031498756120353208604415654275095780635776647168000000000000000000)
(40, 40, 78, 471845049091929076310730048280501926197156232478677166252040117736201471884758365260211925549056000000000000000000)
(41, 41, 78, 471845049091929076310730048280501926197156232478677166252040117736201471884758365260211925549056000000000000000000)
(42, 42, 78, 471845049091929076310730048280501926197156232478677166252040117736201471884758365260211925549056000000000000000000)
(43, 43, 78, 471845049091929076310730048280501926197156232478677166252040117736201471884758365260211925549056000000000000000000)
(44, 44, 78, 471845049091929076310730048280501926197156232478677166252040117736201471884758365260211925549056000000000000000000)
(45, 45, 78, 471845049091929076310730048280501926197156232478677166252040117736201471884758365260211925549056000000000000000000)
(46, 46, 78, 471845049091929076310730048280501926197156232478677166252040117736201471884758365260211925549056000000000000000000)
(47, 47, 78, 471845049091929076310730048280501926197156232478677166252040117736201471884758365260211925549056000000000000000000)
(48, 48, 78, 471845049091929076310730048280501926197156232478677166252040117736201471884758365260211925549056000000000000000000)
(49, 49, 78, 471845049091929076310730048280501926197156232478677166252040117736201471884758365260211925549056000000000000000000)
(50, 50, 78, 471845049091929076310730048280501926197156232478677166252040117736201471884758365260211925549056000000000000000000)
(51, 51, 78, 471845049091929076310730048280501926197156232478677166252040117736201471884758365260211925549056000000000000000000)
(52, 52, 78, 943690098183858152621460096561003852394312464957354332504080235472402943769516730520423851098112000000000000000000)
(53, 53, 78, 235922524545964538155365024140250963098578116239338583126020058868100735942379182630105962774528000000000000000000)
(54, 54, 78, 235922524545964538155365024140250963098578116239338583126020058868100735942379182630105962774528000000000000000000)
(55, 55, 78, 235922524545964538155365024140250963098578116239338583126020058868100735942379182630105962774528000000000000000000)
(56, 56, 78, 235922524545964538155365024140250963098578116239338583126020058868100735942379182630105962774528000000000000000000)
(57, 57, 78, 235922524545964538155365024140250963098578116239338583126020058868100735942379182630105962774528000000000000000000)
(58, 58, 78, 235922524545964538155365024140250963098578116239338583126020058868100735942379182630105962774528000000000000000000)
(59, 59, 78, 141553514727578722893219014484150577859146869743603149875612035320860441565427509578063577664716800000000000000000)
(60, 60, 78, 141553514727578722893219014484150577859146869743603149875612035320860441565427509578063577664716800000000000000000)
(61, 61, 78, 141553514727578722893219014484150577859146869743603149875612035320860441565427509578063577664716800000000000000000)
(62, 62, 78, 141553514727578722893219014484150577859146869743603149875612035320860441565427509578063577664716800000000000000000)
(63, 63, 78, 94369009818385815262146009656100385239431246495735433250408023547240294376951673052042385109811200000000000000000)
(64, 64, 78, 94369009818385815262146009656100385239431246495735433250408023547240294376951673052042385109811200000000000000000)
(65, 65, 78, 471845049091929076310730048280501926197156232478677166252040117736201471884758365260211925549056000000000000000000)
(66, 66, 78, 67406435584561296615818578325785989456736604639811023750291445390885924554965480751458846507008000000000000000000)
(67, 67, 78, 101109653376841944923727867488678984185104906959716535625437168086328886832448221127188269760512000000000000000000)
(68, 68, 78, 50554826688420972461863933744339492092552453479858267812718584043164443416224110563594134880256000000000000000000)
(69, 69, 78, 39320420757660756359227504023375160516429686039889763854336676478016789323729863771684327129088000000000000000000)
(70, 70, 78, 31456336606128605087382003218700128413143748831911811083469341182413431458983891017347461703270400000000000000000)
(71, 71, 78, 42895004462902643300975458934591084199741475679879742386549101612381951989523487750928356868096000000000000000000)
(72, 72, 78, 217774638042428804451106176129462427475610568836312538270172362032092987023734630120097811791872000000000000000000)
(73, 73, 78, 11796126227298226907768251207012548154928905811966929156301002943405036797118959131505298138726400000000000000000)
(74, 74, 78, 7450184985662038047011527078113188308376151039137007888190107122150549556075132083055977771827200000000000000000)
(75, 75, 78, 108887319021214402225553088064731213737805284418156269135086181016046493511867315060048905895936000000000000000000)
(76, 76, 78, 72591546014142934817035392043154142491870189612104179423390787344030995674578210040032603930624000000000000000000)
(77, 77, 78, 72591546014142934817035392043154142491870189612104179423390787344030995674578210040032603930624000000000000000000)
(2, 2, 79, 111827276634787191085643021442478956508726027097446488401733507903479748836687732566670226355126272000000000000000000)
(3, 3, 79, 111827276634787191085643021442478956508726027097446488401733507903479748836687732566670226355126272000000000000000000)
(4, 4, 79, 111827276634787191085643021442478956508726027097446488401733507903479748836687732566670226355126272000000000000000000)
(5, 5, 79, 111827276634787191085643021442478956508726027097446488401733507903479748836687732566670226355126272000000000000000000)
(6, 6, 79, 111827276634787191085643021442478956508726027097446488401733507903479748836687732566670226355126272000000000000000000)
(7, 7, 79, 111827276634787191085643021442478956508726027097446488401733507903479748836687732566670226355126272000000000000000000)
(8, 8, 79, 111827276634787191085643021442478956508726027097446488401733507903479748836687732566670226355126272000000000000000000)
(9, 9, 79, 111827276634787191085643021442478956508726027097446488401733507903479748836687732566670226355126272000000000000000000)
(10, 10, 79, 111827276634787191085643021442478956508726027097446488401733507903479748836687732566670226355126272000000000000000000)
(11, 11, 79, 111827276634787191085643021442478956508726027097446488401733507903479748836687732566670226355126272000000000000000000)
(12, 12, 79, 111827276634787191085643021442478956508726027097446488401733507903479748836687732566670226355126272000000000000000000)
(13, 13, 79, 111827276634787191085643021442478956508726027097446488401733507903479748836687732566670226355126272000000000000000000)
(14, 14, 79, 111827276634787191085643021442478956508726027097446488401733507903479748836687732566670226355126272000000000000000000)
(15, 15, 79, 111827276634787191085643021442478956508726027097446488401733507903479748836687732566670226355126272000000000000000000)
(16, 16, 79, 111827276634787191085643021442478956508726027097446488401733507903479748836687732566670226355126272000000000000000000)
(17, 17, 79, 111827276634787191085643021442478956508726027097446488401733507903479748836687732566670226355126272000000000000000000)
(18, 18, 79, 111827276634787191085643021442478956508726027097446488401733507903479748836687732566670226355126272000000000000000000)
(19, 19, 79, 111827276634787191085643021442478956508726027097446488401733507903479748836687732566670226355126272000000000000000000)
(20, 20, 79, 111827276634787191085643021442478956508726027097446488401733507903479748836687732566670226355126272000000000000000000)
(21, 21, 79, 111827276634787191085643021442478956508726027097446488401733507903479748836687732566670226355126272000000000000000000)
(22, 22, 79, 111827276634787191085643021442478956508726027097446488401733507903479748836687732566670226355126272000000000000000000)
(23, 23, 79, 111827276634787191085643021442478956508726027097446488401733507903479748836687732566670226355126272000000000000000000)
(24, 24, 79, 111827276634787191085643021442478956508726027097446488401733507903479748836687732566670226355126272000000000000000000)
(25, 25, 79, 111827276634787191085643021442478956508726027097446488401733507903479748836687732566670226355126272000000000000000000)
(26, 26, 79, 111827276634787191085643021442478956508726027097446488401733507903479748836687732566670226355126272000000000000000000)
(27, 27, 79, 111827276634787191085643021442478956508726027097446488401733507903479748836687732566670226355126272000000000000000000)
(28, 28, 79, 111827276634787191085643021442478956508726027097446488401733507903479748836687732566670226355126272000000000000000000)
(29, 29, 79, 111827276634787191085643021442478956508726027097446488401733507903479748836687732566670226355126272000000000000000000)
(30, 30, 79, 111827276634787191085643021442478956508726027097446488401733507903479748836687732566670226355126272000000000000000000)
(31, 31, 79, 111827276634787191085643021442478956508726027097446488401733507903479748836687732566670226355126272000000000000000000)
(32, 32, 79, 111827276634787191085643021442478956508726027097446488401733507903479748836687732566670226355126272000000000000000000)
(33, 33, 79, 111827276634787191085643021442478956508726027097446488401733507903479748836687732566670226355126272000000000000000000)
(34, 34, 79, 111827276634787191085643021442478956508726027097446488401733507903479748836687732566670226355126272000000000000000000)
(35, 35, 79, 111827276634787191085643021442478956508726027097446488401733507903479748836687732566670226355126272000000000000000000)
(36, 36, 79, 111827276634787191085643021442478956508726027097446488401733507903479748836687732566670226355126272000000000000000000)
(37, 37, 79, 111827276634787191085643021442478956508726027097446488401733507903479748836687732566670226355126272000000000000000000)
(38, 38, 79, 111827276634787191085643021442478956508726027097446488401733507903479748836687732566670226355126272000000000000000000)
(39, 39, 79, 111827276634787191085643021442478956508726027097446488401733507903479748836687732566670226355126272000000000000000000)
(40, 40, 79, 37275758878262397028547673814159652169575342365815496133911169301159916278895910855556742118375424000000000000000000)
(41, 41, 79, 37275758878262397028547673814159652169575342365815496133911169301159916278895910855556742118375424000000000000000000)
(42, 42, 79, 37275758878262397028547673814159652169575342365815496133911169301159916278895910855556742118375424000000000000000000)
(43, 43, 79, 37275758878262397028547673814159652169575342365815496133911169301159916278895910855556742118375424000000000000000000)
(44, 44, 79, 37275758878262397028547673814159652169575342365815496133911169301159916278895910855556742118375424000000000000000000)
(45, 45, 79, 37275758878262397028547673814159652169575342365815496133911169301159916278895910855556742118375424000000000000000000)
(46, 46, 79, 37275758878262397028547673814159652169575342365815496133911169301159916278895910855556742118375424000000000000000000)
(47, 47, 79, 37275758878262397028547673814159652169575342365815496133911169301159916278895910855556742118375424000000000000000000)
(48, 48, 79, 37275758878262397028547673814159652169575342365815496133911169301159916278895910855556742118375424000000000000000000)
(49, 49, 79, 37275758878262397028547673814159652169575342365815496133911169301159916278895910855556742118375424000000000000000000)
(50, 50, 79, 37275758878262397028547673814159652169575342365815496133911169301159916278895910855556742118375424000000000000000000)
(51, 51, 79, 37275758878262397028547673814159652169575342365815496133911169301159916278895910855556742118375424000000000000000000)
(52, 52, 79, 37275758878262397028547673814159652169575342365815496133911169301159916278895910855556742118375424000000000000000000)
(53, 53, 79, 37275758878262397028547673814159652169575342365815496133911169301159916278895910855556742118375424000000000000000000)
(54, 54, 79, 18637879439131198514273836907079826084787671182907748066955584650579958139447955427778371059187712000000000000000000)
(55, 55, 79, 18637879439131198514273836907079826084787671182907748066955584650579958139447955427778371059187712000000000000000000)
(56, 56, 79, 18637879439131198514273836907079826084787671182907748066955584650579958139447955427778371059187712000000000000000000)
(57, 57, 79, 18637879439131198514273836907079826084787671182907748066955584650579958139447955427778371059187712000000000000000000)
(58, 58, 79, 18637879439131198514273836907079826084787671182907748066955584650579958139447955427778371059187712000000000000000000)
(59, 59, 79, 18637879439131198514273836907079826084787671182907748066955584650579958139447955427778371059187712000000000000000000)
(60, 60, 79, 11182727663478719108564302144247895650872602709744648840173350790347974883668773256667022635512627200000000000000000)
(61, 61, 79, 11182727663478719108564302144247895650872602709744648840173350790347974883668773256667022635512627200000000000000000)
(62, 62, 79, 11182727663478719108564302144247895650872602709744648840173350790347974883668773256667022635512627200000000000000000)
(63, 63, 79, 22365455326957438217128604288495791301745205419489297680346701580695949767337546513334045271025254400000000000000000)
(64, 64, 79, 7455151775652479405709534762831930433915068473163099226782233860231983255779182171111348423675084800000000000000000)
(65, 65, 79, 7455151775652479405709534762831930433915068473163099226782233860231983255779182171111348423675084800000000000000000)
(66, 66, 79, 5325108411180342432649667687737093167082191766545070876273024185879988039842272979365248874053632000000000000000000)
(67, 67, 79, 5325108411180342432649667687737093167082191766545070876273024185879988039842272979365248874053632000000000000000000)
(68, 68, 79, 3993831308385256824487250765802819875311643824908803157204768139409991029881704734523936655540224000000000000000000)
(69, 69, 79, 3993831308385256824487250765802819875311643824908803157204768139409991029881704734523936655540224000000000000000000)
(70, 70, 79, 3106313239855199752378972817846637680797945197151291344492597441763326356574659237963061843197952000000000000000000)
(71, 71, 79, 2485050591884159801903178254277310144638356157721033075594077953410661085259727390370449474558361600000000000000000)
(72, 72, 79, 1694352676284654410388530627916347825889788289355249824268689513689087103586177766161670096289792000000000000000000)
(73, 73, 79, 2457742343621696507376769702032504538653319276866955789049088085790763710696433682783961018793984000000000000000000)
(74, 74, 79, 931893971956559925713691845353991304239383559145387403347779232528997906972397771388918552959385600000000000000000)
(75, 75, 79, 588564613867301005713910639170941876361715932091823623167018462649893414929935434561422243974348800000000000000000)
(76, 76, 79, 318596229728738436141433109522732069825430276630901676358215122232136036571759921842365317251072000000000000000000)
(77, 77, 79, 286736606755864592527289798570458862842887248967811508722393610008922432914583929658128785525964800000000000000000)
(78, 78, 79, 5662140589103148915728760579366023114365874789744125995024481412834417662617100383122543106588672000000000000000000)
(2, 2, 80, 8946182130782975286851441715398316520698082167795719072138680632278379906935018605333618108410101760000000000000000000)
(3, 3, 80, 8946182130782975286851441715398316520698082167795719072138680632278379906935018605333618108410101760000000000000000000)
(4, 4, 80, 8946182130782975286851441715398316520698082167795719072138680632278379906935018605333618108410101760000000000000000000)
(5, 5, 80, 8946182130782975286851441715398316520698082167795719072138680632278379906935018605333618108410101760000000000000000000)
(6, 6, 80, 8946182130782975286851441715398316520698082167795719072138680632278379906935018605333618108410101760000000000000000000)
(7, 7, 80, 8946182130782975286851441715398316520698082167795719072138680632278379906935018605333618108410101760000000000000000000)
(8, 8, 80, 8946182130782975286851441715398316520698082167795719072138680632278379906935018605333618108410101760000000000000000000)
(9, 9, 80, 8946182130782975286851441715398316520698082167795719072138680632278379906935018605333618108410101760000000000000000000)
(10, 10, 80, 8946182130782975286851441715398316520698082167795719072138680632278379906935018605333618108410101760000000000000000000)
(11, 11, 80, 8946182130782975286851441715398316520698082167795719072138680632278379906935018605333618108410101760000000000000000000)
(12, 12, 80, 8946182130782975286851441715398316520698082167795719072138680632278379906935018605333618108410101760000000000000000000)
(13, 13, 80, 8946182130782975286851441715398316520698082167795719072138680632278379906935018605333618108410101760000000000000000000)
(14, 14, 80, 8946182130782975286851441715398316520698082167795719072138680632278379906935018605333618108410101760000000000000000000)
(15, 15, 80, 8946182130782975286851441715398316520698082167795719072138680632278379906935018605333618108410101760000000000000000000)
(16, 16, 80, 8946182130782975286851441715398316520698082167795719072138680632278379906935018605333618108410101760000000000000000000)
(17, 17, 80, 8946182130782975286851441715398316520698082167795719072138680632278379906935018605333618108410101760000000000000000000)
(18, 18, 80, 8946182130782975286851441715398316520698082167795719072138680632278379906935018605333618108410101760000000000000000000)
(19, 19, 80, 8946182130782975286851441715398316520698082167795719072138680632278379906935018605333618108410101760000000000000000000)
(20, 20, 80, 8946182130782975286851441715398316520698082167795719072138680632278379906935018605333618108410101760000000000000000000)
(21, 21, 80, 8946182130782975286851441715398316520698082167795719072138680632278379906935018605333618108410101760000000000000000000)
(22, 22, 80, 8946182130782975286851441715398316520698082167795719072138680632278379906935018605333618108410101760000000000000000000)
(23, 23, 80, 8946182130782975286851441715398316520698082167795719072138680632278379906935018605333618108410101760000000000000000000)
(24, 24, 80, 8946182130782975286851441715398316520698082167795719072138680632278379906935018605333618108410101760000000000000000000)
(25, 25, 80, 8946182130782975286851441715398316520698082167795719072138680632278379906935018605333618108410101760000000000000000000)
(26, 26, 80, 8946182130782975286851441715398316520698082167795719072138680632278379906935018605333618108410101760000000000000000000)
(27, 27, 80, 8946182130782975286851441715398316520698082167795719072138680632278379906935018605333618108410101760000000000000000000)
(28, 28, 80, 8946182130782975286851441715398316520698082167795719072138680632278379906935018605333618108410101760000000000000000000)
(29, 29, 80, 8946182130782975286851441715398316520698082167795719072138680632278379906935018605333618108410101760000000000000000000)
(30, 30, 80, 8946182130782975286851441715398316520698082167795719072138680632278379906935018605333618108410101760000000000000000000)
(31, 31, 80, 8946182130782975286851441715398316520698082167795719072138680632278379906935018605333618108410101760000000000000000000)
(32, 32, 80, 8946182130782975286851441715398316520698082167795719072138680632278379906935018605333618108410101760000000000000000000)
(33, 33, 80, 8946182130782975286851441715398316520698082167795719072138680632278379906935018605333618108410101760000000000000000000)
(34, 34, 80, 8946182130782975286851441715398316520698082167795719072138680632278379906935018605333618108410101760000000000000000000)
(35, 35, 80, 8946182130782975286851441715398316520698082167795719072138680632278379906935018605333618108410101760000000000000000000)
(36, 36, 80, 8946182130782975286851441715398316520698082167795719072138680632278379906935018605333618108410101760000000000000000000)
(37, 37, 80, 8946182130782975286851441715398316520698082167795719072138680632278379906935018605333618108410101760000000000000000000)
(38, 38, 80, 8946182130782975286851441715398316520698082167795719072138680632278379906935018605333618108410101760000000000000000000)
(39, 39, 80, 8946182130782975286851441715398316520698082167795719072138680632278379906935018605333618108410101760000000000000000000)
(40, 40, 80, 8946182130782975286851441715398316520698082167795719072138680632278379906935018605333618108410101760000000000000000000)
(41, 41, 80, 2982060710260991762283813905132772173566027389265239690712893544092793302311672868444539369470033920000000000000000000)
(42, 42, 80, 2982060710260991762283813905132772173566027389265239690712893544092793302311672868444539369470033920000000000000000000)
(43, 43, 80, 2982060710260991762283813905132772173566027389265239690712893544092793302311672868444539369470033920000000000000000000)
(44, 44, 80, 2982060710260991762283813905132772173566027389265239690712893544092793302311672868444539369470033920000000000000000000)
(45, 45, 80, 2982060710260991762283813905132772173566027389265239690712893544092793302311672868444539369470033920000000000000000000)
(46, 46, 80, 2982060710260991762283813905132772173566027389265239690712893544092793302311672868444539369470033920000000000000000000)
(47, 47, 80, 2982060710260991762283813905132772173566027389265239690712893544092793302311672868444539369470033920000000000000000000)
(48, 48, 80, 2982060710260991762283813905132772173566027389265239690712893544092793302311672868444539369470033920000000000000000000)
(49, 49, 80, 2982060710260991762283813905132772173566027389265239690712893544092793302311672868444539369470033920000000000000000000)
(50, 50, 80, 2982060710260991762283813905132772173566027389265239690712893544092793302311672868444539369470033920000000000000000000)
(51, 51, 80, 2982060710260991762283813905132772173566027389265239690712893544092793302311672868444539369470033920000000000000000000)
(52, 52, 80, 2982060710260991762283813905132772173566027389265239690712893544092793302311672868444539369470033920000000000000000000)
(53, 53, 80, 5964121420521983524567627810265544347132054778530479381425787088185586604623345736889078738940067840000000000000000000)
(54, 54, 80, 1491030355130495881141906952566386086783013694632619845356446772046396651155836434222269684735016960000000000000000000)
(55, 55, 80, 1491030355130495881141906952566386086783013694632619845356446772046396651155836434222269684735016960000000000000000000)
(56, 56, 80, 1491030355130495881141906952566386086783013694632619845356446772046396651155836434222269684735016960000000000000000000)
(57, 57, 80, 1491030355130495881141906952566386086783013694632619845356446772046396651155836434222269684735016960000000000000000000)
(58, 58, 80, 1491030355130495881141906952566386086783013694632619845356446772046396651155836434222269684735016960000000000000000000)
(59, 59, 80, 1491030355130495881141906952566386086783013694632619845356446772046396651155836434222269684735016960000000000000000000)
(60, 60, 80, 4473091065391487643425720857699158260349041083897859536069340316139189953467509302666809054205050880000000000000000000)
(61, 61, 80, 894618213078297528685144171539831652069808216779571907213868063227837990693501860533361810841010176000000000000000000)
(62, 62, 80, 894618213078297528685144171539831652069808216779571907213868063227837990693501860533361810841010176000000000000000000)
(63, 63, 80, 894618213078297528685144171539831652069808216779571907213868063227837990693501860533361810841010176000000000000000000)
(64, 64, 80, 3578472852313190114740576686159326608279232867118287628855472252911351962774007442133447243364040704000000000000000000)
(65, 65, 80, 596412142052198352456762781026554434713205477853047938142578708818558660462334573688907873894006784000000000000000000)
(66, 66, 80, 596412142052198352456762781026554434713205477853047938142578708818558660462334573688907873894006784000000000000000000)
(67, 67, 80, 426008672894427394611973415018967453366575341323605670101841934870399043187381838349219909924290560000000000000000000)
(68, 68, 80, 426008672894427394611973415018967453366575341323605670101841934870399043187381838349219909924290560000000000000000000)
(69, 69, 80, 319506504670820545958980061264225590024931505992704252576381451152799282390536378761914932443217920000000000000000000)
(70, 70, 80, 2236545532695743821712860428849579130174520541948929768034670158069594976733754651333404527102525440000000000000000000)
(71, 71, 80, 497010118376831960380635650855462028927671231544206615118815590682132217051945478074089894911672320000000000000000000)
(72, 72, 80, 1789236426156595057370288343079663304139616433559143814427736126455675981387003721066723621682020352000000000000000000)
(73, 73, 80, 135548214102772352831082450233307826071183063148419985941495161095126968286894221292933607703183360000000000000000000)
(74, 74, 80, 98309693744867860295070788081300181546132771074678231561963523431630548427857347311358440751759360000000000000000000)
(75, 75, 80, 1118272766347871910856430214424789565087260270974464884017335079034797488366877325666702263551262720000000000000000000)
(76, 76, 80, 894618213078297528685144171539831652069808216779571907213868063227837990693501860533361810841010176000000000000000000)
(77, 77, 80, 50975396756598149782629297523637131172068844260944268217314419557141765851481587494778450760171520000000000000000000)
(78, 78, 80, 447309106539148764342572085769915826034904108389785953606934031613918995346750930266680905420505088000000000000000000)
(79, 79, 80, 447309106539148764342572085769915826034904108389785953606934031613918995346750930266680905420505088000000000000000000)
(2, 2, 81, 724640752593420998234966778947263638176544655591453244843233131214548772461736507032023066781218242560000000000000000000)
(3, 3, 81, 724640752593420998234966778947263638176544655591453244843233131214548772461736507032023066781218242560000000000000000000)
(4, 4, 81, 724640752593420998234966778947263638176544655591453244843233131214548772461736507032023066781218242560000000000000000000)
(5, 5, 81, 724640752593420998234966778947263638176544655591453244843233131214548772461736507032023066781218242560000000000000000000)
(6, 6, 81, 724640752593420998234966778947263638176544655591453244843233131214548772461736507032023066781218242560000000000000000000)
(7, 7, 81, 724640752593420998234966778947263638176544655591453244843233131214548772461736507032023066781218242560000000000000000000)
(8, 8, 81, 724640752593420998234966778947263638176544655591453244843233131214548772461736507032023066781218242560000000000000000000)
(9, 9, 81, 724640752593420998234966778947263638176544655591453244843233131214548772461736507032023066781218242560000000000000000000)
(10, 10, 81, 724640752593420998234966778947263638176544655591453244843233131214548772461736507032023066781218242560000000000000000000)
(11, 11, 81, 724640752593420998234966778947263638176544655591453244843233131214548772461736507032023066781218242560000000000000000000)
(12, 12, 81, 724640752593420998234966778947263638176544655591453244843233131214548772461736507032023066781218242560000000000000000000)
(13, 13, 81, 724640752593420998234966778947263638176544655591453244843233131214548772461736507032023066781218242560000000000000000000)
(14, 14, 81, 724640752593420998234966778947263638176544655591453244843233131214548772461736507032023066781218242560000000000000000000)
(15, 15, 81, 724640752593420998234966778947263638176544655591453244843233131214548772461736507032023066781218242560000000000000000000)
(16, 16, 81, 724640752593420998234966778947263638176544655591453244843233131214548772461736507032023066781218242560000000000000000000)
(17, 17, 81, 724640752593420998234966778947263638176544655591453244843233131214548772461736507032023066781218242560000000000000000000)
(18, 18, 81, 724640752593420998234966778947263638176544655591453244843233131214548772461736507032023066781218242560000000000000000000)
(19, 19, 81, 724640752593420998234966778947263638176544655591453244843233131214548772461736507032023066781218242560000000000000000000)
(20, 20, 81, 724640752593420998234966778947263638176544655591453244843233131214548772461736507032023066781218242560000000000000000000)
(21, 21, 81, 724640752593420998234966778947263638176544655591453244843233131214548772461736507032023066781218242560000000000000000000)
(22, 22, 81, 724640752593420998234966778947263638176544655591453244843233131214548772461736507032023066781218242560000000000000000000)
(23, 23, 81, 724640752593420998234966778947263638176544655591453244843233131214548772461736507032023066781218242560000000000000000000)
(24, 24, 81, 724640752593420998234966778947263638176544655591453244843233131214548772461736507032023066781218242560000000000000000000)
(25, 25, 81, 724640752593420998234966778947263638176544655591453244843233131214548772461736507032023066781218242560000000000000000000)
(26, 26, 81, 724640752593420998234966778947263638176544655591453244843233131214548772461736507032023066781218242560000000000000000000)
(27, 27, 81, 724640752593420998234966778947263638176544655591453244843233131214548772461736507032023066781218242560000000000000000000)
(28, 28, 81, 724640752593420998234966778947263638176544655591453244843233131214548772461736507032023066781218242560000000000000000000)
(29, 29, 81, 724640752593420998234966778947263638176544655591453244843233131214548772461736507032023066781218242560000000000000000000)
(30, 30, 81, 724640752593420998234966778947263638176544655591453244843233131214548772461736507032023066781218242560000000000000000000)
(31, 31, 81, 724640752593420998234966778947263638176544655591453244843233131214548772461736507032023066781218242560000000000000000000)
(32, 32, 81, 724640752593420998234966778947263638176544655591453244843233131214548772461736507032023066781218242560000000000000000000)
(33, 33, 81, 724640752593420998234966778947263638176544655591453244843233131214548772461736507032023066781218242560000000000000000000)
(34, 34, 81, 724640752593420998234966778947263638176544655591453244843233131214548772461736507032023066781218242560000000000000000000)
(35, 35, 81, 724640752593420998234966778947263638176544655591453244843233131214548772461736507032023066781218242560000000000000000000)
(36, 36, 81, 724640752593420998234966778947263638176544655591453244843233131214548772461736507032023066781218242560000000000000000000)
(37, 37, 81, 724640752593420998234966778947263638176544655591453244843233131214548772461736507032023066781218242560000000000000000000)
(38, 38, 81, 724640752593420998234966778947263638176544655591453244843233131214548772461736507032023066781218242560000000000000000000)
(39, 39, 81, 724640752593420998234966778947263638176544655591453244843233131214548772461736507032023066781218242560000000000000000000)
(40, 40, 81, 724640752593420998234966778947263638176544655591453244843233131214548772461736507032023066781218242560000000000000000000)
(41, 41, 81, 241546917531140332744988926315754546058848218530484414947744377071516257487245502344007688927072747520000000000000000000)
(42, 42, 81, 241546917531140332744988926315754546058848218530484414947744377071516257487245502344007688927072747520000000000000000000)
(43, 43, 81, 241546917531140332744988926315754546058848218530484414947744377071516257487245502344007688927072747520000000000000000000)
(44, 44, 81, 241546917531140332744988926315754546058848218530484414947744377071516257487245502344007688927072747520000000000000000000)
(45, 45, 81, 241546917531140332744988926315754546058848218530484414947744377071516257487245502344007688927072747520000000000000000000)
(46, 46, 81, 241546917531140332744988926315754546058848218530484414947744377071516257487245502344007688927072747520000000000000000000)
(47, 47, 81, 241546917531140332744988926315754546058848218530484414947744377071516257487245502344007688927072747520000000000000000000)
(48, 48, 81, 241546917531140332744988926315754546058848218530484414947744377071516257487245502344007688927072747520000000000000000000)
(49, 49, 81, 241546917531140332744988926315754546058848218530484414947744377071516257487245502344007688927072747520000000000000000000)
(50, 50, 81, 241546917531140332744988926315754546058848218530484414947744377071516257487245502344007688927072747520000000000000000000)
(51, 51, 81, 241546917531140332744988926315754546058848218530484414947744377071516257487245502344007688927072747520000000000000000000)
(52, 52, 81, 241546917531140332744988926315754546058848218530484414947744377071516257487245502344007688927072747520000000000000000000)
(53, 53, 81, 241546917531140332744988926315754546058848218530484414947744377071516257487245502344007688927072747520000000000000000000)
(54, 54, 81, 483093835062280665489977852631509092117696437060968829895488754143032514974491004688015377854145495040000000000000000000)
(55, 55, 81, 120773458765570166372494463157877273029424109265242207473872188535758128743622751172003844463536373760000000000000000000)
(56, 56, 81, 120773458765570166372494463157877273029424109265242207473872188535758128743622751172003844463536373760000000000000000000)
(57, 57, 81, 120773458765570166372494463157877273029424109265242207473872188535758128743622751172003844463536373760000000000000000000)
(58, 58, 81, 120773458765570166372494463157877273029424109265242207473872188535758128743622751172003844463536373760000000000000000000)
(59, 59, 81, 120773458765570166372494463157877273029424109265242207473872188535758128743622751172003844463536373760000000000000000000)
(60, 60, 81, 120773458765570166372494463157877273029424109265242207473872188535758128743622751172003844463536373760000000000000000000)
(61, 61, 81, 72464075259342099823496677894726363817654465559145324484323313121454877246173650703202306678121824256000000000000000000)
(62, 62, 81, 72464075259342099823496677894726363817654465559145324484323313121454877246173650703202306678121824256000000000000000000)
(63, 63, 81, 72464075259342099823496677894726363817654465559145324484323313121454877246173650703202306678121824256000000000000000000)
(64, 64, 81, 72464075259342099823496677894726363817654465559145324484323313121454877246173650703202306678121824256000000000000000000)
(65, 65, 81, 96618767012456133097995570526301818423539287412193765979097750828606502994898200937603075570829099008000000000000000000)
(66, 66, 81, 48309383506228066548997785263150909211769643706096882989548875414303251497449100468801537785414549504000000000000000000)
(67, 67, 81, 48309383506228066548997785263150909211769643706096882989548875414303251497449100468801537785414549504000000000000000000)
(68, 68, 81, 34506702504448618963569846616536363722692602647212059278249196724502322498177928906286812703867535360000000000000000000)
(69, 69, 81, 34506702504448618963569846616536363722692602647212059278249196724502322498177928906286812703867535360000000000000000000)
(70, 70, 81, 25880026878336464222677384962402272792019451985409044458686897543376741873633446679715109527900651520000000000000000000)
(71, 71, 81, 20128909794261694395415743859646212171570684877540367912312031422626354790603791862000640743922728960000000000000000000)
(72, 72, 81, 161031278354093555163325950877169697372565479020322943298496251381010838324830334896005125951381831680000000000000000000)
(73, 73, 81, 13175286410789472695181214162677520694118993738026422633513329658446341317486118309673146668749422592000000000000000000)
(74, 74, 81, 10979405342324560579317678468897933911765828115022018861261108048705284431238431924727622223957852160000000000000000000)
(75, 75, 81, 7963085193334296683900733834585314705236754457048936756519045397962074422656445132220033700892508160000000000000000000)
(76, 76, 81, 5328240827892801457610049845200467927768710702878332682670831847165799797512768434058993138097192960000000000000000000)
(77, 77, 81, 3450670250444861896356984661653636372269260264721205927824919672450232249817792890628681270386753536000000000000000000)
(78, 78, 81, 53677092784697851721108650292389899124188493006774314432832083793670279441610111632001708650460610560000000000000000000)
(79, 79, 81, 1767416469740051215207236046212838141894011355101105475227397881011094566979845139102495284832239616000000000000000000)
(80, 80, 81, 35784728523131901147405766861593266082792328671182876288554722529113519627740074421334472433640407040000000000000000000)
(2, 2, 82, 59420541712660521855267275873675618330476661758499166077145116759592999341862393576625891476059895889920000000000000000000)
(3, 3, 82, 59420541712660521855267275873675618330476661758499166077145116759592999341862393576625891476059895889920000000000000000000)
(4, 4, 82, 59420541712660521855267275873675618330476661758499166077145116759592999341862393576625891476059895889920000000000000000000)
(5, 5, 82, 59420541712660521855267275873675618330476661758499166077145116759592999341862393576625891476059895889920000000000000000000)
(6, 6, 82, 59420541712660521855267275873675618330476661758499166077145116759592999341862393576625891476059895889920000000000000000000)
(7, 7, 82, 59420541712660521855267275873675618330476661758499166077145116759592999341862393576625891476059895889920000000000000000000)
(8, 8, 82, 59420541712660521855267275873675618330476661758499166077145116759592999341862393576625891476059895889920000000000000000000)
(9, 9, 82, 59420541712660521855267275873675618330476661758499166077145116759592999341862393576625891476059895889920000000000000000000)
(10, 10, 82, 59420541712660521855267275873675618330476661758499166077145116759592999341862393576625891476059895889920000000000000000000)
(11, 11, 82, 59420541712660521855267275873675618330476661758499166077145116759592999341862393576625891476059895889920000000000000000000)
(12, 12, 82, 59420541712660521855267275873675618330476661758499166077145116759592999341862393576625891476059895889920000000000000000000)
(13, 13, 82, 59420541712660521855267275873675618330476661758499166077145116759592999341862393576625891476059895889920000000000000000000)
(14, 14, 82, 59420541712660521855267275873675618330476661758499166077145116759592999341862393576625891476059895889920000000000000000000)
(15, 15, 82, 59420541712660521855267275873675618330476661758499166077145116759592999341862393576625891476059895889920000000000000000000)
(16, 16, 82, 59420541712660521855267275873675618330476661758499166077145116759592999341862393576625891476059895889920000000000000000000)
(17, 17, 82, 59420541712660521855267275873675618330476661758499166077145116759592999341862393576625891476059895889920000000000000000000)
(18, 18, 82, 59420541712660521855267275873675618330476661758499166077145116759592999341862393576625891476059895889920000000000000000000)
(19, 19, 82, 59420541712660521855267275873675618330476661758499166077145116759592999341862393576625891476059895889920000000000000000000)
(20, 20, 82, 59420541712660521855267275873675618330476661758499166077145116759592999341862393576625891476059895889920000000000000000000)
(21, 21, 82, 59420541712660521855267275873675618330476661758499166077145116759592999341862393576625891476059895889920000000000000000000)
(22, 22, 82, 59420541712660521855267275873675618330476661758499166077145116759592999341862393576625891476059895889920000000000000000000)
(23, 23, 82, 59420541712660521855267275873675618330476661758499166077145116759592999341862393576625891476059895889920000000000000000000)
(24, 24, 82, 59420541712660521855267275873675618330476661758499166077145116759592999341862393576625891476059895889920000000000000000000)
(25, 25, 82, 59420541712660521855267275873675618330476661758499166077145116759592999341862393576625891476059895889920000000000000000000)
(26, 26, 82, 59420541712660521855267275873675618330476661758499166077145116759592999341862393576625891476059895889920000000000000000000)
(27, 27, 82, 59420541712660521855267275873675618330476661758499166077145116759592999341862393576625891476059895889920000000000000000000)
(28, 28, 82, 59420541712660521855267275873675618330476661758499166077145116759592999341862393576625891476059895889920000000000000000000)
(29, 29, 82, 59420541712660521855267275873675618330476661758499166077145116759592999341862393576625891476059895889920000000000000000000)
(30, 30, 82, 59420541712660521855267275873675618330476661758499166077145116759592999341862393576625891476059895889920000000000000000000)
(31, 31, 82, 59420541712660521855267275873675618330476661758499166077145116759592999341862393576625891476059895889920000000000000000000)
(32, 32, 82, 59420541712660521855267275873675618330476661758499166077145116759592999341862393576625891476059895889920000000000000000000)
(33, 33, 82, 59420541712660521855267275873675618330476661758499166077145116759592999341862393576625891476059895889920000000000000000000)
(34, 34, 82, 59420541712660521855267275873675618330476661758499166077145116759592999341862393576625891476059895889920000000000000000000)
(35, 35, 82, 59420541712660521855267275873675618330476661758499166077145116759592999341862393576625891476059895889920000000000000000000)
(36, 36, 82, 59420541712660521855267275873675618330476661758499166077145116759592999341862393576625891476059895889920000000000000000000)
(37, 37, 82, 59420541712660521855267275873675618330476661758499166077145116759592999341862393576625891476059895889920000000000000000000)
(38, 38, 82, 59420541712660521855267275873675618330476661758499166077145116759592999341862393576625891476059895889920000000000000000000)
(39, 39, 82, 59420541712660521855267275873675618330476661758499166077145116759592999341862393576625891476059895889920000000000000000000)
(40, 40, 82, 59420541712660521855267275873675618330476661758499166077145116759592999341862393576625891476059895889920000000000000000000)
(41, 41, 82, 59420541712660521855267275873675618330476661758499166077145116759592999341862393576625891476059895889920000000000000000000)
(42, 42, 82, 19806847237553507285089091957891872776825553919499722025715038919864333113954131192208630492019965296640000000000000000000)
(43, 43, 82, 19806847237553507285089091957891872776825553919499722025715038919864333113954131192208630492019965296640000000000000000000)
(44, 44, 82, 19806847237553507285089091957891872776825553919499722025715038919864333113954131192208630492019965296640000000000000000000)
(45, 45, 82, 19806847237553507285089091957891872776825553919499722025715038919864333113954131192208630492019965296640000000000000000000)
(46, 46, 82, 19806847237553507285089091957891872776825553919499722025715038919864333113954131192208630492019965296640000000000000000000)
(47, 47, 82, 19806847237553507285089091957891872776825553919499722025715038919864333113954131192208630492019965296640000000000000000000)
(48, 48, 82, 19806847237553507285089091957891872776825553919499722025715038919864333113954131192208630492019965296640000000000000000000)
(49, 49, 82, 19806847237553507285089091957891872776825553919499722025715038919864333113954131192208630492019965296640000000000000000000)
(50, 50, 82, 19806847237553507285089091957891872776825553919499722025715038919864333113954131192208630492019965296640000000000000000000)
(51, 51, 82, 19806847237553507285089091957891872776825553919499722025715038919864333113954131192208630492019965296640000000000000000000)
(52, 52, 82, 19806847237553507285089091957891872776825553919499722025715038919864333113954131192208630492019965296640000000000000000000)
(53, 53, 82, 19806847237553507285089091957891872776825553919499722025715038919864333113954131192208630492019965296640000000000000000000)
(54, 54, 82, 19806847237553507285089091957891872776825553919499722025715038919864333113954131192208630492019965296640000000000000000000)
(55, 55, 82, 19806847237553507285089091957891872776825553919499722025715038919864333113954131192208630492019965296640000000000000000000)
(56, 56, 82, 9903423618776753642544545978945936388412776959749861012857519459932166556977065596104315246009982648320000000000000000000)
(57, 57, 82, 9903423618776753642544545978945936388412776959749861012857519459932166556977065596104315246009982648320000000000000000000)
(58, 58, 82, 9903423618776753642544545978945936388412776959749861012857519459932166556977065596104315246009982648320000000000000000000)
(59, 59, 82, 9903423618776753642544545978945936388412776959749861012857519459932166556977065596104315246009982648320000000000000000000)
(60, 60, 82, 9903423618776753642544545978945936388412776959749861012857519459932166556977065596104315246009982648320000000000000000000)
(61, 61, 82, 9903423618776753642544545978945936388412776959749861012857519459932166556977065596104315246009982648320000000000000000000)
(62, 62, 82, 5942054171266052185526727587367561833047666175849916607714511675959299934186239357662589147605989588992000000000000000000)
(63, 63, 82, 5942054171266052185526727587367561833047666175849916607714511675959299934186239357662589147605989588992000000000000000000)
(64, 64, 82, 5942054171266052185526727587367561833047666175849916607714511675959299934186239357662589147605989588992000000000000000000)
(65, 65, 82, 5942054171266052185526727587367561833047666175849916607714511675959299934186239357662589147605989588992000000000000000000)
(66, 66, 82, 3961369447510701457017818391578374555365110783899944405143007783972866622790826238441726098403993059328000000000000000000)
(67, 67, 82, 3961369447510701457017818391578374555365110783899944405143007783972866622790826238441726098403993059328000000000000000000)
(68, 68, 82, 3961369447510701457017818391578374555365110783899944405143007783972866622790826238441726098403993059328000000000000000000)
(69, 69, 82, 2829549605364786755012727422555981825260793417071388860816434131409190444850590170315518641717137899520000000000000000000)
(70, 70, 82, 2829549605364786755012727422555981825260793417071388860816434131409190444850590170315518641717137899520000000000000000000)
(71, 71, 82, 2122162204023590066259545566916986368945595062803541645612325598556892833637942627736638981287853424640000000000000000000)
(72, 72, 82, 1650570603129458940424090996490989398068796159958310168809586576655361092829510932684052541001663774720000000000000000000)
(73, 73, 82, 2640912965007134304678545594385583036910073855933296270095338522648577748527217492294484065602662039552000000000000000000)
(74, 74, 82, 1080373485684736761004859561339556696917757486518166655948093031992599988033861701393198026837452652544000000000000000000)
(75, 75, 82, 900311238070613967504049634449630580764797905431805546623410859993833323361551417827665022364543877120000000000000000000)
(76, 76, 82, 652972985853412328079860174435995805829413865478012814034561722632890102657828500842042763473185669120000000000000000000)
(77, 77, 82, 436915747887209719524024087306438370077034277636023279979008211467595583396047011592837437323969822720000000000000000000)
(78, 78, 82, 282954960536478675501272742255598182526079341707138886081643413140919044485059017031551864171713789952000000000000000000)
(79, 79, 82, 314394400596087417223636380283997980584532601896820984535159347934354493872287796701724293524126433280000000000000000000)
(80, 80, 82, 2898563010373683992939867115789054552706178622365812979372932524858195089846946028128092267124872970240000000000000000000)
(81, 81, 82, 2898563010373683992939867115789054552706178622365812979372932524858195089846946028128092267124872970240000000000000000000)
(2, 2, 83, 4931904962150823313987183897515076321429562925955430784403044691046218945374578666859948992512971358863360000000000000000000)
(3, 3, 83, 4931904962150823313987183897515076321429562925955430784403044691046218945374578666859948992512971358863360000000000000000000)
(4, 4, 83, 4931904962150823313987183897515076321429562925955430784403044691046218945374578666859948992512971358863360000000000000000000)
(5, 5, 83, 4931904962150823313987183897515076321429562925955430784403044691046218945374578666859948992512971358863360000000000000000000)
(6, 6, 83, 4931904962150823313987183897515076321429562925955430784403044691046218945374578666859948992512971358863360000000000000000000)
(7, 7, 83, 4931904962150823313987183897515076321429562925955430784403044691046218945374578666859948992512971358863360000000000000000000)
(8, 8, 83, 4931904962150823313987183897515076321429562925955430784403044691046218945374578666859948992512971358863360000000000000000000)
(9, 9, 83, 4931904962150823313987183897515076321429562925955430784403044691046218945374578666859948992512971358863360000000000000000000)
(10, 10, 83, 4931904962150823313987183897515076321429562925955430784403044691046218945374578666859948992512971358863360000000000000000000)
(11, 11, 83, 4931904962150823313987183897515076321429562925955430784403044691046218945374578666859948992512971358863360000000000000000000)
(12, 12, 83, 4931904962150823313987183897515076321429562925955430784403044691046218945374578666859948992512971358863360000000000000000000)
(13, 13, 83, 4931904962150823313987183897515076321429562925955430784403044691046218945374578666859948992512971358863360000000000000000000)
(14, 14, 83, 4931904962150823313987183897515076321429562925955430784403044691046218945374578666859948992512971358863360000000000000000000)
(15, 15, 83, 4931904962150823313987183897515076321429562925955430784403044691046218945374578666859948992512971358863360000000000000000000)
(16, 16, 83, 4931904962150823313987183897515076321429562925955430784403044691046218945374578666859948992512971358863360000000000000000000)
(17, 17, 83, 4931904962150823313987183897515076321429562925955430784403044691046218945374578666859948992512971358863360000000000000000000)
(18, 18, 83, 4931904962150823313987183897515076321429562925955430784403044691046218945374578666859948992512971358863360000000000000000000)
(19, 19, 83, 4931904962150823313987183897515076321429562925955430784403044691046218945374578666859948992512971358863360000000000000000000)
(20, 20, 83, 4931904962150823313987183897515076321429562925955430784403044691046218945374578666859948992512971358863360000000000000000000)
(21, 21, 83, 4931904962150823313987183897515076321429562925955430784403044691046218945374578666859948992512971358863360000000000000000000)
(22, 22, 83, 4931904962150823313987183897515076321429562925955430784403044691046218945374578666859948992512971358863360000000000000000000)
(23, 23, 83, 4931904962150823313987183897515076321429562925955430784403044691046218945374578666859948992512971358863360000000000000000000)
(24, 24, 83, 4931904962150823313987183897515076321429562925955430784403044691046218945374578666859948992512971358863360000000000000000000)
(25, 25, 83, 4931904962150823313987183897515076321429562925955430784403044691046218945374578666859948992512971358863360000000000000000000)
(26, 26, 83, 4931904962150823313987183897515076321429562925955430784403044691046218945374578666859948992512971358863360000000000000000000)
(27, 27, 83, 4931904962150823313987183897515076321429562925955430784403044691046218945374578666859948992512971358863360000000000000000000)
(28, 28, 83, 4931904962150823313987183897515076321429562925955430784403044691046218945374578666859948992512971358863360000000000000000000)
(29, 29, 83, 4931904962150823313987183897515076321429562925955430784403044691046218945374578666859948992512971358863360000000000000000000)
(30, 30, 83, 4931904962150823313987183897515076321429562925955430784403044691046218945374578666859948992512971358863360000000000000000000)
(31, 31, 83, 4931904962150823313987183897515076321429562925955430784403044691046218945374578666859948992512971358863360000000000000000000)
(32, 32, 83, 4931904962150823313987183897515076321429562925955430784403044691046218945374578666859948992512971358863360000000000000000000)
(33, 33, 83, 4931904962150823313987183897515076321429562925955430784403044691046218945374578666859948992512971358863360000000000000000000)
(34, 34, 83, 4931904962150823313987183897515076321429562925955430784403044691046218945374578666859948992512971358863360000000000000000000)
(35, 35, 83, 4931904962150823313987183897515076321429562925955430784403044691046218945374578666859948992512971358863360000000000000000000)
(36, 36, 83, 4931904962150823313987183897515076321429562925955430784403044691046218945374578666859948992512971358863360000000000000000000)
(37, 37, 83, 4931904962150823313987183897515076321429562925955430784403044691046218945374578666859948992512971358863360000000000000000000)
(38, 38, 83, 4931904962150823313987183897515076321429562925955430784403044691046218945374578666859948992512971358863360000000000000000000)
(39, 39, 83, 4931904962150823313987183897515076321429562925955430784403044691046218945374578666859948992512971358863360000000000000000000)
(40, 40, 83, 4931904962150823313987183897515076321429562925955430784403044691046218945374578666859948992512971358863360000000000000000000)
(41, 41, 83, 4931904962150823313987183897515076321429562925955430784403044691046218945374578666859948992512971358863360000000000000000000)
(42, 42, 83, 1643968320716941104662394632505025440476520975318476928134348230348739648458192888953316330837657119621120000000000000000000)
(43, 43, 83, 1643968320716941104662394632505025440476520975318476928134348230348739648458192888953316330837657119621120000000000000000000)
(44, 44, 83, 1643968320716941104662394632505025440476520975318476928134348230348739648458192888953316330837657119621120000000000000000000)
(45, 45, 83, 1643968320716941104662394632505025440476520975318476928134348230348739648458192888953316330837657119621120000000000000000000)
(46, 46, 83, 1643968320716941104662394632505025440476520975318476928134348230348739648458192888953316330837657119621120000000000000000000)
(47, 47, 83, 1643968320716941104662394632505025440476520975318476928134348230348739648458192888953316330837657119621120000000000000000000)
(48, 48, 83, 1643968320716941104662394632505025440476520975318476928134348230348739648458192888953316330837657119621120000000000000000000)
(49, 49, 83, 1643968320716941104662394632505025440476520975318476928134348230348739648458192888953316330837657119621120000000000000000000)
(50, 50, 83, 1643968320716941104662394632505025440476520975318476928134348230348739648458192888953316330837657119621120000000000000000000)
(51, 51, 83, 1643968320716941104662394632505025440476520975318476928134348230348739648458192888953316330837657119621120000000000000000000)
(52, 52, 83, 1643968320716941104662394632505025440476520975318476928134348230348739648458192888953316330837657119621120000000000000000000)
(53, 53, 83, 1643968320716941104662394632505025440476520975318476928134348230348739648458192888953316330837657119621120000000000000000000)
(54, 54, 83, 1643968320716941104662394632505025440476520975318476928134348230348739648458192888953316330837657119621120000000000000000000)
(55, 55, 83, 3287936641433882209324789265010050880953041950636953856268696460697479296916385777906632661675314239242240000000000000000000)
(56, 56, 83, 821984160358470552331197316252512720238260487659238464067174115174369824229096444476658165418828559810560000000000000000000)
(57, 57, 83, 821984160358470552331197316252512720238260487659238464067174115174369824229096444476658165418828559810560000000000000000000)
(58, 58, 83, 821984160358470552331197316252512720238260487659238464067174115174369824229096444476658165418828559810560000000000000000000)
(59, 59, 83, 821984160358470552331197316252512720238260487659238464067174115174369824229096444476658165418828559810560000000000000000000)
(60, 60, 83, 821984160358470552331197316252512720238260487659238464067174115174369824229096444476658165418828559810560000000000000000000)
(61, 61, 83, 821984160358470552331197316252512720238260487659238464067174115174369824229096444476658165418828559810560000000000000000000)
(62, 62, 83, 821984160358470552331197316252512720238260487659238464067174115174369824229096444476658165418828559810560000000000000000000)
(63, 63, 83, 493190496215082331398718389751507632142956292595543078440304469104621894537457866685994899251297135886336000000000000000000)
(64, 64, 83, 493190496215082331398718389751507632142956292595543078440304469104621894537457866685994899251297135886336000000000000000000)
(65, 65, 83, 493190496215082331398718389751507632142956292595543078440304469104621894537457866685994899251297135886336000000000000000000)
(66, 66, 83, 493190496215082331398718389751507632142956292595543078440304469104621894537457866685994899251297135886336000000000000000000)
(67, 67, 83, 328793664143388220932478926501005088095304195063695385626869646069747929691638577790663266167531423924224000000000000000000)
(68, 68, 83, 328793664143388220932478926501005088095304195063695385626869646069747929691638577790663266167531423924224000000000000000000)
(69, 69, 83, 328793664143388220932478926501005088095304195063695385626869646069747929691638577790663266167531423924224000000000000000000)
(70, 70, 83, 234852617245277300666056376072146491496645853616925275447764032906962806922598984136188047262522445660160000000000000000000)
(71, 71, 83, 469705234490554601332112752144292982993291707233850550895528065813925613845197968272376094525044891320320000000000000000000)
(72, 72, 83, 176139462933957975499542282054109868622484390212693956585823024680222105191949238102141035446891834245120000000000000000000)
(73, 73, 83, 136997360059745092055199552708752120039710081276539744011195685862394970704849407412776360903138093301760000000000000000000)
(74, 74, 83, 109597888047796073644159642167001696031768065021231795208956548689915976563879525930221088722510474641408000000000000000000)
(75, 75, 83, 89670999311833151163403343591183205844173871381007832443691721655385799006810521215635436227508570161152000000000000000000)
(76, 76, 83, 74725832759860959302836119659319338203478226150839860369743101379488165839008767679696196856257141800960000000000000000000)
(77, 77, 83, 54196757825833223230628394478187651883841350834675063564868622978529878520599765569889549368274410536960000000000000000000)
(78, 78, 83, 36264007074638406720493999246434384716393845043789932238257681551810433421871901962205507297889495285760000000000000000000)
(79, 79, 83, 46970523449055460133211275214429298299329170723385055089552806581392561384519796827237609452504489132032000000000000000000)
(80, 80, 83, 13047367624737627814780909781785916194258102978718070858209112939275711495699943563121558181251246981120000000000000000000)
(81, 81, 83, 11456225231476941495905189076690072755933944078874403680378733312534771069395072396887221817684021739520000000000000000000)
(82, 82, 83, 237682166850642087421069103494702473321906647033996664308580467038371997367449574306503565904239583559680000000000000000000)
(2, 2, 84, 414280016820669158374923447391266411000083285780256185889855754047882391411464608016235715371089594144522240000000000000000000)
(3, 3, 84, 414280016820669158374923447391266411000083285780256185889855754047882391411464608016235715371089594144522240000000000000000000)
(4, 4, 84, 414280016820669158374923447391266411000083285780256185889855754047882391411464608016235715371089594144522240000000000000000000)
(5, 5, 84, 414280016820669158374923447391266411000083285780256185889855754047882391411464608016235715371089594144522240000000000000000000)
(6, 6, 84, 414280016820669158374923447391266411000083285780256185889855754047882391411464608016235715371089594144522240000000000000000000)
(7, 7, 84, 414280016820669158374923447391266411000083285780256185889855754047882391411464608016235715371089594144522240000000000000000000)
(8, 8, 84, 414280016820669158374923447391266411000083285780256185889855754047882391411464608016235715371089594144522240000000000000000000)
(9, 9, 84, 414280016820669158374923447391266411000083285780256185889855754047882391411464608016235715371089594144522240000000000000000000)
(10, 10, 84, 414280016820669158374923447391266411000083285780256185889855754047882391411464608016235715371089594144522240000000000000000000)
(11, 11, 84, 414280016820669158374923447391266411000083285780256185889855754047882391411464608016235715371089594144522240000000000000000000)
(12, 12, 84, 414280016820669158374923447391266411000083285780256185889855754047882391411464608016235715371089594144522240000000000000000000)
(13, 13, 84, 414280016820669158374923447391266411000083285780256185889855754047882391411464608016235715371089594144522240000000000000000000)
(14, 14, 84, 414280016820669158374923447391266411000083285780256185889855754047882391411464608016235715371089594144522240000000000000000000)
(15, 15, 84, 414280016820669158374923447391266411000083285780256185889855754047882391411464608016235715371089594144522240000000000000000000)
(16, 16, 84, 414280016820669158374923447391266411000083285780256185889855754047882391411464608016235715371089594144522240000000000000000000)
(17, 17, 84, 414280016820669158374923447391266411000083285780256185889855754047882391411464608016235715371089594144522240000000000000000000)
(18, 18, 84, 414280016820669158374923447391266411000083285780256185889855754047882391411464608016235715371089594144522240000000000000000000)
(19, 19, 84, 414280016820669158374923447391266411000083285780256185889855754047882391411464608016235715371089594144522240000000000000000000)
(20, 20, 84, 414280016820669158374923447391266411000083285780256185889855754047882391411464608016235715371089594144522240000000000000000000)
(21, 21, 84, 414280016820669158374923447391266411000083285780256185889855754047882391411464608016235715371089594144522240000000000000000000)
(22, 22, 84, 414280016820669158374923447391266411000083285780256185889855754047882391411464608016235715371089594144522240000000000000000000)
(23, 23, 84, 414280016820669158374923447391266411000083285780256185889855754047882391411464608016235715371089594144522240000000000000000000)
(24, 24, 84, 414280016820669158374923447391266411000083285780256185889855754047882391411464608016235715371089594144522240000000000000000000)
(25, 25, 84, 414280016820669158374923447391266411000083285780256185889855754047882391411464608016235715371089594144522240000000000000000000)
(26, 26, 84, 414280016820669158374923447391266411000083285780256185889855754047882391411464608016235715371089594144522240000000000000000000)
(27, 27, 84, 414280016820669158374923447391266411000083285780256185889855754047882391411464608016235715371089594144522240000000000000000000)
(28, 28, 84, 414280016820669158374923447391266411000083285780256185889855754047882391411464608016235715371089594144522240000000000000000000)
(29, 29, 84, 414280016820669158374923447391266411000083285780256185889855754047882391411464608016235715371089594144522240000000000000000000)
(30, 30, 84, 414280016820669158374923447391266411000083285780256185889855754047882391411464608016235715371089594144522240000000000000000000)
(31, 31, 84, 414280016820669158374923447391266411000083285780256185889855754047882391411464608016235715371089594144522240000000000000000000)
(32, 32, 84, 414280016820669158374923447391266411000083285780256185889855754047882391411464608016235715371089594144522240000000000000000000)
(33, 33, 84, 414280016820669158374923447391266411000083285780256185889855754047882391411464608016235715371089594144522240000000000000000000)
(34, 34, 84, 414280016820669158374923447391266411000083285780256185889855754047882391411464608016235715371089594144522240000000000000000000)
(35, 35, 84, 414280016820669158374923447391266411000083285780256185889855754047882391411464608016235715371089594144522240000000000000000000)
(36, 36, 84, 414280016820669158374923447391266411000083285780256185889855754047882391411464608016235715371089594144522240000000000000000000)
(37, 37, 84, 414280016820669158374923447391266411000083285780256185889855754047882391411464608016235715371089594144522240000000000000000000)
(38, 38, 84, 414280016820669158374923447391266411000083285780256185889855754047882391411464608016235715371089594144522240000000000000000000)
(39, 39, 84, 414280016820669158374923447391266411000083285780256185889855754047882391411464608016235715371089594144522240000000000000000000)
(40, 40, 84, 414280016820669158374923447391266411000083285780256185889855754047882391411464608016235715371089594144522240000000000000000000)
(41, 41, 84, 414280016820669158374923447391266411000083285780256185889855754047882391411464608016235715371089594144522240000000000000000000)
(42, 42, 84, 414280016820669158374923447391266411000083285780256185889855754047882391411464608016235715371089594144522240000000000000000000)
(43, 43, 84, 138093338940223052791641149130422137000027761926752061963285251349294130470488202672078571790363198048174080000000000000000000)
(44, 44, 84, 138093338940223052791641149130422137000027761926752061963285251349294130470488202672078571790363198048174080000000000000000000)
(45, 45, 84, 138093338940223052791641149130422137000027761926752061963285251349294130470488202672078571790363198048174080000000000000000000)
(46, 46, 84, 138093338940223052791641149130422137000027761926752061963285251349294130470488202672078571790363198048174080000000000000000000)
(47, 47, 84, 138093338940223052791641149130422137000027761926752061963285251349294130470488202672078571790363198048174080000000000000000000)
(48, 48, 84, 138093338940223052791641149130422137000027761926752061963285251349294130470488202672078571790363198048174080000000000000000000)
(49, 49, 84, 138093338940223052791641149130422137000027761926752061963285251349294130470488202672078571790363198048174080000000000000000000)
(50, 50, 84, 138093338940223052791641149130422137000027761926752061963285251349294130470488202672078571790363198048174080000000000000000000)
(51, 51, 84, 138093338940223052791641149130422137000027761926752061963285251349294130470488202672078571790363198048174080000000000000000000)
(52, 52, 84, 138093338940223052791641149130422137000027761926752061963285251349294130470488202672078571790363198048174080000000000000000000)
(53, 53, 84, 138093338940223052791641149130422137000027761926752061963285251349294130470488202672078571790363198048174080000000000000000000)
(54, 54, 84, 138093338940223052791641149130422137000027761926752061963285251349294130470488202672078571790363198048174080000000000000000000)
(55, 55, 84, 138093338940223052791641149130422137000027761926752061963285251349294130470488202672078571790363198048174080000000000000000000)
(56, 56, 84, 276186677880446105583282298260844274000055523853504123926570502698588260940976405344157143580726396096348160000000000000000000)
(57, 57, 84, 69046669470111526395820574565211068500013880963376030981642625674647065235244101336039285895181599024087040000000000000000000)
(58, 58, 84, 69046669470111526395820574565211068500013880963376030981642625674647065235244101336039285895181599024087040000000000000000000)
(59, 59, 84, 69046669470111526395820574565211068500013880963376030981642625674647065235244101336039285895181599024087040000000000000000000)
(60, 60, 84, 69046669470111526395820574565211068500013880963376030981642625674647065235244101336039285895181599024087040000000000000000000)
(61, 61, 84, 69046669470111526395820574565211068500013880963376030981642625674647065235244101336039285895181599024087040000000000000000000)
(62, 62, 84, 69046669470111526395820574565211068500013880963376030981642625674647065235244101336039285895181599024087040000000000000000000)
(63, 63, 84, 207140008410334579187461723695633205500041642890128092944927877023941195705732304008117857685544797072261120000000000000000000)
(64, 64, 84, 41428001682066915837492344739126641100008328578025618588985575404788239141146460801623571537108959414452224000000000000000000)
(65, 65, 84, 41428001682066915837492344739126641100008328578025618588985575404788239141146460801623571537108959414452224000000000000000000)
(66, 66, 84, 41428001682066915837492344739126641100008328578025618588985575404788239141146460801623571537108959414452224000000000000000000)
(67, 67, 84, 82856003364133831674984689478253282200016657156051237177971150809576478282292921603247143074217918828904448000000000000000000)
(68, 68, 84, 27618667788044610558328229826084427400005552385350412392657050269858826094097640534415714358072639609634816000000000000000000)
(69, 69, 84, 27618667788044610558328229826084427400005552385350412392657050269858826094097640534415714358072639609634816000000000000000000)
(70, 70, 84, 138093338940223052791641149130422137000027761926752061963285251349294130470488202672078571790363198048174080000000000000000000)
(71, 71, 84, 19727619848603293255948735590060305285718251703821723137612178764184875781498314667439795970051885435453440000000000000000000)
(72, 72, 84, 118365719091619759535692413540361831714309510222930338825673072585109254688989888004638775820311312612720640000000000000000000)
(73, 73, 84, 14795714886452469941961551692545228964288688777866292353209134073138656836123736000579846977538914076590080000000000000000000)
(74, 74, 84, 11507778245018587732636762427535178083335646827229338496940437612441177539207350222673214315863599837347840000000000000000000)
(75, 75, 84, 9206222596014870186109409942028142466668517461783470797552350089952942031365880178138571452690879869878272000000000000000000)
(76, 76, 84, 7532363942193984697725880861659389290910605196004657925270104619052407116572083782113376643110719893536768000000000000000000)
(77, 77, 84, 69046669470111526395820574565211068500013880963376030981642625674647065235244101336039285895181599024087040000000000000000000)
(78, 78, 84, 59182859545809879767846206770180915857154755111465169412836536292554627344494944002319387910155656306360320000000000000000000)
(79, 79, 84, 6092353188539252329042991873400976632354165967356708616027290500704152814874479529650525226045435208007680000000000000000000)
(80, 80, 84, 39455239697206586511897471180120610571436503407643446275224357528369751562996629334879591940103770870906880000000000000000000)
(81, 81, 84, 29591429772904939883923103385090457928577377555732584706418268146277313672247472001159693955077828153180160000000000000000000)
(82, 82, 84, 19727619848603293255948735590060305285718251703821723137612178764184875781498314667439795970051885435453440000000000000000000)
(83, 83, 84, 19727619848603293255948735590060305285718251703821723137612178764184875781498314667439795970051885435453440000000000000000000)
(2, 2, 85, 35213801429756878461868493028257644935007079291321775800637739094070003269974491681380035806542615502284390400000000000000000000)
(3, 3, 85, 35213801429756878461868493028257644935007079291321775800637739094070003269974491681380035806542615502284390400000000000000000000)
(4, 4, 85, 35213801429756878461868493028257644935007079291321775800637739094070003269974491681380035806542615502284390400000000000000000000)
(5, 5, 85, 35213801429756878461868493028257644935007079291321775800637739094070003269974491681380035806542615502284390400000000000000000000)
(6, 6, 85, 35213801429756878461868493028257644935007079291321775800637739094070003269974491681380035806542615502284390400000000000000000000)
(7, 7, 85, 35213801429756878461868493028257644935007079291321775800637739094070003269974491681380035806542615502284390400000000000000000000)
(8, 8, 85, 35213801429756878461868493028257644935007079291321775800637739094070003269974491681380035806542615502284390400000000000000000000)
(9, 9, 85, 35213801429756878461868493028257644935007079291321775800637739094070003269974491681380035806542615502284390400000000000000000000)
(10, 10, 85, 35213801429756878461868493028257644935007079291321775800637739094070003269974491681380035806542615502284390400000000000000000000)
(11, 11, 85, 35213801429756878461868493028257644935007079291321775800637739094070003269974491681380035806542615502284390400000000000000000000)
(12, 12, 85, 35213801429756878461868493028257644935007079291321775800637739094070003269974491681380035806542615502284390400000000000000000000)
(13, 13, 85, 35213801429756878461868493028257644935007079291321775800637739094070003269974491681380035806542615502284390400000000000000000000)
(14, 14, 85, 35213801429756878461868493028257644935007079291321775800637739094070003269974491681380035806542615502284390400000000000000000000)
(15, 15, 85, 35213801429756878461868493028257644935007079291321775800637739094070003269974491681380035806542615502284390400000000000000000000)
(16, 16, 85, 35213801429756878461868493028257644935007079291321775800637739094070003269974491681380035806542615502284390400000000000000000000)
(17, 17, 85, 35213801429756878461868493028257644935007079291321775800637739094070003269974491681380035806542615502284390400000000000000000000)
(18, 18, 85, 35213801429756878461868493028257644935007079291321775800637739094070003269974491681380035806542615502284390400000000000000000000)
(19, 19, 85, 35213801429756878461868493028257644935007079291321775800637739094070003269974491681380035806542615502284390400000000000000000000)
(20, 20, 85, 35213801429756878461868493028257644935007079291321775800637739094070003269974491681380035806542615502284390400000000000000000000)
(21, 21, 85, 35213801429756878461868493028257644935007079291321775800637739094070003269974491681380035806542615502284390400000000000000000000)
(22, 22, 85, 35213801429756878461868493028257644935007079291321775800637739094070003269974491681380035806542615502284390400000000000000000000)
(23, 23, 85, 35213801429756878461868493028257644935007079291321775800637739094070003269974491681380035806542615502284390400000000000000000000)
(24, 24, 85, 35213801429756878461868493028257644935007079291321775800637739094070003269974491681380035806542615502284390400000000000000000000)
(25, 25, 85, 35213801429756878461868493028257644935007079291321775800637739094070003269974491681380035806542615502284390400000000000000000000)
(26, 26, 85, 35213801429756878461868493028257644935007079291321775800637739094070003269974491681380035806542615502284390400000000000000000000)
(27, 27, 85, 35213801429756878461868493028257644935007079291321775800637739094070003269974491681380035806542615502284390400000000000000000000)
(28, 28, 85, 35213801429756878461868493028257644935007079291321775800637739094070003269974491681380035806542615502284390400000000000000000000)
(29, 29, 85, 35213801429756878461868493028257644935007079291321775800637739094070003269974491681380035806542615502284390400000000000000000000)
(30, 30, 85, 35213801429756878461868493028257644935007079291321775800637739094070003269974491681380035806542615502284390400000000000000000000)
(31, 31, 85, 35213801429756878461868493028257644935007079291321775800637739094070003269974491681380035806542615502284390400000000000000000000)
(32, 32, 85, 35213801429756878461868493028257644935007079291321775800637739094070003269974491681380035806542615502284390400000000000000000000)
(33, 33, 85, 35213801429756878461868493028257644935007079291321775800637739094070003269974491681380035806542615502284390400000000000000000000)
(34, 34, 85, 35213801429756878461868493028257644935007079291321775800637739094070003269974491681380035806542615502284390400000000000000000000)
(35, 35, 85, 35213801429756878461868493028257644935007079291321775800637739094070003269974491681380035806542615502284390400000000000000000000)
(36, 36, 85, 35213801429756878461868493028257644935007079291321775800637739094070003269974491681380035806542615502284390400000000000000000000)
(37, 37, 85, 35213801429756878461868493028257644935007079291321775800637739094070003269974491681380035806542615502284390400000000000000000000)
(38, 38, 85, 35213801429756878461868493028257644935007079291321775800637739094070003269974491681380035806542615502284390400000000000000000000)
(39, 39, 85, 35213801429756878461868493028257644935007079291321775800637739094070003269974491681380035806542615502284390400000000000000000000)
(40, 40, 85, 35213801429756878461868493028257644935007079291321775800637739094070003269974491681380035806542615502284390400000000000000000000)
(41, 41, 85, 35213801429756878461868493028257644935007079291321775800637739094070003269974491681380035806542615502284390400000000000000000000)
(42, 42, 85, 35213801429756878461868493028257644935007079291321775800637739094070003269974491681380035806542615502284390400000000000000000000)
(43, 43, 85, 11737933809918959487289497676085881645002359763773925266879246364690001089991497227126678602180871834094796800000000000000000000)
(44, 44, 85, 11737933809918959487289497676085881645002359763773925266879246364690001089991497227126678602180871834094796800000000000000000000)
(45, 45, 85, 11737933809918959487289497676085881645002359763773925266879246364690001089991497227126678602180871834094796800000000000000000000)
(46, 46, 85, 11737933809918959487289497676085881645002359763773925266879246364690001089991497227126678602180871834094796800000000000000000000)
(47, 47, 85, 11737933809918959487289497676085881645002359763773925266879246364690001089991497227126678602180871834094796800000000000000000000)
(48, 48, 85, 11737933809918959487289497676085881645002359763773925266879246364690001089991497227126678602180871834094796800000000000000000000)
(49, 49, 85, 11737933809918959487289497676085881645002359763773925266879246364690001089991497227126678602180871834094796800000000000000000000)
(50, 50, 85, 11737933809918959487289497676085881645002359763773925266879246364690001089991497227126678602180871834094796800000000000000000000)
(51, 51, 85, 11737933809918959487289497676085881645002359763773925266879246364690001089991497227126678602180871834094796800000000000000000000)
(52, 52, 85, 11737933809918959487289497676085881645002359763773925266879246364690001089991497227126678602180871834094796800000000000000000000)
(53, 53, 85, 11737933809918959487289497676085881645002359763773925266879246364690001089991497227126678602180871834094796800000000000000000000)
(54, 54, 85, 11737933809918959487289497676085881645002359763773925266879246364690001089991497227126678602180871834094796800000000000000000000)
(55, 55, 85, 11737933809918959487289497676085881645002359763773925266879246364690001089991497227126678602180871834094796800000000000000000000)
(56, 56, 85, 11737933809918959487289497676085881645002359763773925266879246364690001089991497227126678602180871834094796800000000000000000000)
(57, 57, 85, 11737933809918959487289497676085881645002359763773925266879246364690001089991497227126678602180871834094796800000000000000000000)
(58, 58, 85, 5868966904959479743644748838042940822501179881886962633439623182345000544995748613563339301090435917047398400000000000000000000)
(59, 59, 85, 5868966904959479743644748838042940822501179881886962633439623182345000544995748613563339301090435917047398400000000000000000000)
(60, 60, 85, 5868966904959479743644748838042940822501179881886962633439623182345000544995748613563339301090435917047398400000000000000000000)
(61, 61, 85, 5868966904959479743644748838042940822501179881886962633439623182345000544995748613563339301090435917047398400000000000000000000)
(62, 62, 85, 5868966904959479743644748838042940822501179881886962633439623182345000544995748613563339301090435917047398400000000000000000000)
(63, 63, 85, 5868966904959479743644748838042940822501179881886962633439623182345000544995748613563339301090435917047398400000000000000000000)
(64, 64, 85, 3521380142975687846186849302825764493500707929132177580063773909407000326997449168138003580654261550228439040000000000000000000)
(65, 65, 85, 3521380142975687846186849302825764493500707929132177580063773909407000326997449168138003580654261550228439040000000000000000000)
(66, 66, 85, 3521380142975687846186849302825764493500707929132177580063773909407000326997449168138003580654261550228439040000000000000000000)
(67, 67, 85, 3521380142975687846186849302825764493500707929132177580063773909407000326997449168138003580654261550228439040000000000000000000)
(68, 68, 85, 14085520571902751384747397211303057974002831716528710320255095637628001307989796672552014322617046200913756160000000000000000000)
(69, 69, 85, 2347586761983791897457899535217176329000471952754785053375849272938000217998299445425335720436174366818959360000000000000000000)
(70, 70, 85, 2347586761983791897457899535217176329000471952754785053375849272938000217998299445425335720436174366818959360000000000000000000)
(71, 71, 85, 1676847687131279926755642525155125949286051394824846466697035194955714441427356746732382657454410262013542400000000000000000000)
(72, 72, 85, 1676847687131279926755642525155125949286051394824846466697035194955714441427356746732382657454410262013542400000000000000000000)
(73, 73, 85, 2515271530696919890133463787732688923929077092237269700045552792433571662141035120098573986181615393020313600000000000000000000)
(74, 74, 85, 1257635765348459945066731893866344461964538546118634850022776396216785831070517560049286993090807696510156800000000000000000000)
(75, 75, 85, 978161150826579957274124806340490137083529980314493772239937197057500090832624768927223216848405986174566400000000000000000000)
(76, 76, 85, 782528920661263965819299845072392109666823984251595017791949757646000072666099815141778573478724788939653120000000000000000000)
(77, 77, 85, 640250935086488699306699873241048089727401441660395923647958892619454604908627121479637014664411190950625280000000000000000000)
(78, 78, 85, 451458992689190749511134526003303140192398452452843279495355629411153888076596047197179946237725839772876800000000000000000000)
(79, 79, 85, 335369537426255985351128505031025189857210278964969293339407038991142888285471349346476531490882052402708480000000000000000000)
(80, 80, 85, 4142800168206691583749234473912664110000832857802561858898557540478823914114646080162357153710895941445222400000000000000000000)
(81, 81, 85, 304881397660232713955571368210022899870191162695426630308551853628311716623155772133160483173529138547916800000000000000000000)
(82, 82, 85, 86733501058514478970119440956299618066519899732319644829156992842536953866932245520640482282124668724838400000000000000000000)
(83, 83, 85, 77992915680524647756076396518843067408653553247667277520792334649102997275691011475924774765321407535513600000000000000000000)
(84, 84, 85, 1657120067282676633499693789565065644000333143121024743559423016191529565645858432064942861484358376578088960000000000000000000)
(2, 2, 86, 3028386922959091547720690400430157464410608819053672718854845562090020281217806284598683079362664933196457574400000000000000000000)
(3, 3, 86, 3028386922959091547720690400430157464410608819053672718854845562090020281217806284598683079362664933196457574400000000000000000000)
(4, 4, 86, 3028386922959091547720690400430157464410608819053672718854845562090020281217806284598683079362664933196457574400000000000000000000)
(5, 5, 86, 3028386922959091547720690400430157464410608819053672718854845562090020281217806284598683079362664933196457574400000000000000000000)
(6, 6, 86, 3028386922959091547720690400430157464410608819053672718854845562090020281217806284598683079362664933196457574400000000000000000000)
(7, 7, 86, 3028386922959091547720690400430157464410608819053672718854845562090020281217806284598683079362664933196457574400000000000000000000)
(8, 8, 86, 3028386922959091547720690400430157464410608819053672718854845562090020281217806284598683079362664933196457574400000000000000000000)
(9, 9, 86, 3028386922959091547720690400430157464410608819053672718854845562090020281217806284598683079362664933196457574400000000000000000000)
(10, 10, 86, 3028386922959091547720690400430157464410608819053672718854845562090020281217806284598683079362664933196457574400000000000000000000)
(11, 11, 86, 3028386922959091547720690400430157464410608819053672718854845562090020281217806284598683079362664933196457574400000000000000000000)
(12, 12, 86, 3028386922959091547720690400430157464410608819053672718854845562090020281217806284598683079362664933196457574400000000000000000000)
(13, 13, 86, 3028386922959091547720690400430157464410608819053672718854845562090020281217806284598683079362664933196457574400000000000000000000)
(14, 14, 86, 3028386922959091547720690400430157464410608819053672718854845562090020281217806284598683079362664933196457574400000000000000000000)
(15, 15, 86, 3028386922959091547720690400430157464410608819053672718854845562090020281217806284598683079362664933196457574400000000000000000000)
(16, 16, 86, 3028386922959091547720690400430157464410608819053672718854845562090020281217806284598683079362664933196457574400000000000000000000)
(17, 17, 86, 3028386922959091547720690400430157464410608819053672718854845562090020281217806284598683079362664933196457574400000000000000000000)
(18, 18, 86, 3028386922959091547720690400430157464410608819053672718854845562090020281217806284598683079362664933196457574400000000000000000000)
(19, 19, 86, 3028386922959091547720690400430157464410608819053672718854845562090020281217806284598683079362664933196457574400000000000000000000)
(20, 20, 86, 3028386922959091547720690400430157464410608819053672718854845562090020281217806284598683079362664933196457574400000000000000000000)
(21, 21, 86, 3028386922959091547720690400430157464410608819053672718854845562090020281217806284598683079362664933196457574400000000000000000000)
(22, 22, 86, 3028386922959091547720690400430157464410608819053672718854845562090020281217806284598683079362664933196457574400000000000000000000)
(23, 23, 86, 3028386922959091547720690400430157464410608819053672718854845562090020281217806284598683079362664933196457574400000000000000000000)
(24, 24, 86, 3028386922959091547720690400430157464410608819053672718854845562090020281217806284598683079362664933196457574400000000000000000000)
(25, 25, 86, 3028386922959091547720690400430157464410608819053672718854845562090020281217806284598683079362664933196457574400000000000000000000)
(26, 26, 86, 3028386922959091547720690400430157464410608819053672718854845562090020281217806284598683079362664933196457574400000000000000000000)
(27, 27, 86, 3028386922959091547720690400430157464410608819053672718854845562090020281217806284598683079362664933196457574400000000000000000000)
(28, 28, 86, 3028386922959091547720690400430157464410608819053672718854845562090020281217806284598683079362664933196457574400000000000000000000)
(29, 29, 86, 3028386922959091547720690400430157464410608819053672718854845562090020281217806284598683079362664933196457574400000000000000000000)
(30, 30, 86, 3028386922959091547720690400430157464410608819053672718854845562090020281217806284598683079362664933196457574400000000000000000000)
(31, 31, 86, 3028386922959091547720690400430157464410608819053672718854845562090020281217806284598683079362664933196457574400000000000000000000)
(32, 32, 86, 3028386922959091547720690400430157464410608819053672718854845562090020281217806284598683079362664933196457574400000000000000000000)
(33, 33, 86, 3028386922959091547720690400430157464410608819053672718854845562090020281217806284598683079362664933196457574400000000000000000000)
(34, 34, 86, 3028386922959091547720690400430157464410608819053672718854845562090020281217806284598683079362664933196457574400000000000000000000)
(35, 35, 86, 3028386922959091547720690400430157464410608819053672718854845562090020281217806284598683079362664933196457574400000000000000000000)
(36, 36, 86, 3028386922959091547720690400430157464410608819053672718854845562090020281217806284598683079362664933196457574400000000000000000000)
(37, 37, 86, 3028386922959091547720690400430157464410608819053672718854845562090020281217806284598683079362664933196457574400000000000000000000)
(38, 38, 86, 3028386922959091547720690400430157464410608819053672718854845562090020281217806284598683079362664933196457574400000000000000000000)
(39, 39, 86, 3028386922959091547720690400430157464410608819053672718854845562090020281217806284598683079362664933196457574400000000000000000000)
(40, 40, 86, 3028386922959091547720690400430157464410608819053672718854845562090020281217806284598683079362664933196457574400000000000000000000)
(41, 41, 86, 3028386922959091547720690400430157464410608819053672718854845562090020281217806284598683079362664933196457574400000000000000000000)
(42, 42, 86, 3028386922959091547720690400430157464410608819053672718854845562090020281217806284598683079362664933196457574400000000000000000000)
(43, 43, 86, 3028386922959091547720690400430157464410608819053672718854845562090020281217806284598683079362664933196457574400000000000000000000)
(44, 44, 86, 1009462307653030515906896800143385821470202939684557572951615187363340093739268761532894359787554977732152524800000000000000000000)
(45, 45, 86, 1009462307653030515906896800143385821470202939684557572951615187363340093739268761532894359787554977732152524800000000000000000000)
(46, 46, 86, 1009462307653030515906896800143385821470202939684557572951615187363340093739268761532894359787554977732152524800000000000000000000)
(47, 47, 86, 1009462307653030515906896800143385821470202939684557572951615187363340093739268761532894359787554977732152524800000000000000000000)
(48, 48, 86, 1009462307653030515906896800143385821470202939684557572951615187363340093739268761532894359787554977732152524800000000000000000000)
(49, 49, 86, 1009462307653030515906896800143385821470202939684557572951615187363340093739268761532894359787554977732152524800000000000000000000)
(50, 50, 86, 1009462307653030515906896800143385821470202939684557572951615187363340093739268761532894359787554977732152524800000000000000000000)
(51, 51, 86, 1009462307653030515906896800143385821470202939684557572951615187363340093739268761532894359787554977732152524800000000000000000000)
(52, 52, 86, 1009462307653030515906896800143385821470202939684557572951615187363340093739268761532894359787554977732152524800000000000000000000)
(53, 53, 86, 1009462307653030515906896800143385821470202939684557572951615187363340093739268761532894359787554977732152524800000000000000000000)
(54, 54, 86, 1009462307653030515906896800143385821470202939684557572951615187363340093739268761532894359787554977732152524800000000000000000000)
(55, 55, 86, 1009462307653030515906896800143385821470202939684557572951615187363340093739268761532894359787554977732152524800000000000000000000)
(56, 56, 86, 1009462307653030515906896800143385821470202939684557572951615187363340093739268761532894359787554977732152524800000000000000000000)
(57, 57, 86, 2018924615306061031813793600286771642940405879369115145903230374726680187478537523065788719575109955464305049600000000000000000000)
(58, 58, 86, 504731153826515257953448400071692910735101469842278786475807593681670046869634380766447179893777488866076262400000000000000000000)
(59, 59, 86, 504731153826515257953448400071692910735101469842278786475807593681670046869634380766447179893777488866076262400000000000000000000)
(60, 60, 86, 504731153826515257953448400071692910735101469842278786475807593681670046869634380766447179893777488866076262400000000000000000000)
(61, 61, 86, 504731153826515257953448400071692910735101469842278786475807593681670046869634380766447179893777488866076262400000000000000000000)
(62, 62, 86, 504731153826515257953448400071692910735101469842278786475807593681670046869634380766447179893777488866076262400000000000000000000)
(63, 63, 86, 504731153826515257953448400071692910735101469842278786475807593681670046869634380766447179893777488866076262400000000000000000000)
(64, 64, 86, 504731153826515257953448400071692910735101469842278786475807593681670046869634380766447179893777488866076262400000000000000000000)
(65, 65, 86, 302838692295909154772069040043015746441060881905367271885484556209002028121780628459868307936266493319645757440000000000000000000)
(66, 66, 86, 302838692295909154772069040043015746441060881905367271885484556209002028121780628459868307936266493319645757440000000000000000000)
(67, 67, 86, 302838692295909154772069040043015746441060881905367271885484556209002028121780628459868307936266493319645757440000000000000000000)
(68, 68, 86, 302838692295909154772069040043015746441060881905367271885484556209002028121780628459868307936266493319645757440000000000000000000)
(69, 69, 86, 403784923061212206362758720057354328588081175873823029180646074945336037495707504613157743915021991092861009920000000000000000000)
(70, 70, 86, 201892461530606103181379360028677164294040587936911514590323037472668018747853752306578871957510995546430504960000000000000000000)
(71, 71, 86, 201892461530606103181379360028677164294040587936911514590323037472668018747853752306578871957510995546430504960000000000000000000)
(72, 72, 86, 144208901093290073700985257163340831638600419954936796135945026766191441962752680218984908541079282533164646400000000000000000000)
(73, 73, 86, 144208901093290073700985257163340831638600419954936796135945026766191441962752680218984908541079282533164646400000000000000000000)
(74, 74, 86, 108156675819967555275738942872505623728950314966202597101958770074643581472064510164238681405809461899873484800000000000000000000)
(75, 75, 86, 108156675819967555275738942872505623728950314966202597101958770074643581472064510164238681405809461899873484800000000000000000000)
(76, 76, 86, 84121858971085876325574733345282151789183578307046464412634598946945007811605730127741196648962914811012710400000000000000000000)
(77, 77, 86, 67297487176868701060459786676225721431346862645637171530107679157556006249284584102192957319170331848810168320000000000000000000)
(78, 78, 86, 55061580417438028140376189098730135716556523982794049433724464765273096022141932447248783261139362421753774080000000000000000000)
(79, 79, 86, 38825473371270404457957569236284070056546266910944522036600584129359234374587260058957475376444422220467404800000000000000000000)
(80, 80, 86, 28841780218658014740197051432668166327720083990987359227189005353238288392550536043796981708215856506632929280000000000000000000)
(81, 81, 86, 39586757162863941800270462750721012606674625085668924429475105386797650734873284765995857246570783440476569600000000000000000000)
(82, 82, 86, 13109900099390006700089568833030984694418219995903345103267729706017403814795698201725900776461752957560422400000000000000000000)
(83, 83, 86, 14918162182064490382860543844483534307441422753958978910615002768916356065112346229550162952525443020672204800000000000000000000)
(84, 84, 86, 140855205719027513847473972113030579740028317165287103202550956376280013079897966725520143226170462009137561600000000000000000000)
(85, 85, 86, 140855205719027513847473972113030579740028317165287103202550956376280013079897966725520143226170462009137561600000000000000000000)
(2, 2, 87, 263469662297440964651700064837423699403722967257669526540371563901831764465949146760085427904551849188091808972800000000000000000000)
(3, 3, 87, 263469662297440964651700064837423699403722967257669526540371563901831764465949146760085427904551849188091808972800000000000000000000)
(4, 4, 87, 263469662297440964651700064837423699403722967257669526540371563901831764465949146760085427904551849188091808972800000000000000000000)
(5, 5, 87, 263469662297440964651700064837423699403722967257669526540371563901831764465949146760085427904551849188091808972800000000000000000000)
(6, 6, 87, 263469662297440964651700064837423699403722967257669526540371563901831764465949146760085427904551849188091808972800000000000000000000)
(7, 7, 87, 263469662297440964651700064837423699403722967257669526540371563901831764465949146760085427904551849188091808972800000000000000000000)
(8, 8, 87, 263469662297440964651700064837423699403722967257669526540371563901831764465949146760085427904551849188091808972800000000000000000000)
(9, 9, 87, 263469662297440964651700064837423699403722967257669526540371563901831764465949146760085427904551849188091808972800000000000000000000)
(10, 10, 87, 263469662297440964651700064837423699403722967257669526540371563901831764465949146760085427904551849188091808972800000000000000000000)
(11, 11, 87, 263469662297440964651700064837423699403722967257669526540371563901831764465949146760085427904551849188091808972800000000000000000000)
(12, 12, 87, 263469662297440964651700064837423699403722967257669526540371563901831764465949146760085427904551849188091808972800000000000000000000)
(13, 13, 87, 263469662297440964651700064837423699403722967257669526540371563901831764465949146760085427904551849188091808972800000000000000000000)
(14, 14, 87, 263469662297440964651700064837423699403722967257669526540371563901831764465949146760085427904551849188091808972800000000000000000000)
(15, 15, 87, 263469662297440964651700064837423699403722967257669526540371563901831764465949146760085427904551849188091808972800000000000000000000)
(16, 16, 87, 263469662297440964651700064837423699403722967257669526540371563901831764465949146760085427904551849188091808972800000000000000000000)
(17, 17, 87, 263469662297440964651700064837423699403722967257669526540371563901831764465949146760085427904551849188091808972800000000000000000000)
(18, 18, 87, 263469662297440964651700064837423699403722967257669526540371563901831764465949146760085427904551849188091808972800000000000000000000)
(19, 19, 87, 263469662297440964651700064837423699403722967257669526540371563901831764465949146760085427904551849188091808972800000000000000000000)
(20, 20, 87, 263469662297440964651700064837423699403722967257669526540371563901831764465949146760085427904551849188091808972800000000000000000000)
(21, 21, 87, 263469662297440964651700064837423699403722967257669526540371563901831764465949146760085427904551849188091808972800000000000000000000)
(22, 22, 87, 263469662297440964651700064837423699403722967257669526540371563901831764465949146760085427904551849188091808972800000000000000000000)
(23, 23, 87, 263469662297440964651700064837423699403722967257669526540371563901831764465949146760085427904551849188091808972800000000000000000000)
(24, 24, 87, 263469662297440964651700064837423699403722967257669526540371563901831764465949146760085427904551849188091808972800000000000000000000)
(25, 25, 87, 263469662297440964651700064837423699403722967257669526540371563901831764465949146760085427904551849188091808972800000000000000000000)
(26, 26, 87, 263469662297440964651700064837423699403722967257669526540371563901831764465949146760085427904551849188091808972800000000000000000000)
(27, 27, 87, 263469662297440964651700064837423699403722967257669526540371563901831764465949146760085427904551849188091808972800000000000000000000)
(28, 28, 87, 263469662297440964651700064837423699403722967257669526540371563901831764465949146760085427904551849188091808972800000000000000000000)
(29, 29, 87, 263469662297440964651700064837423699403722967257669526540371563901831764465949146760085427904551849188091808972800000000000000000000)
(30, 30, 87, 263469662297440964651700064837423699403722967257669526540371563901831764465949146760085427904551849188091808972800000000000000000000)
(31, 31, 87, 263469662297440964651700064837423699403722967257669526540371563901831764465949146760085427904551849188091808972800000000000000000000)
(32, 32, 87, 263469662297440964651700064837423699403722967257669526540371563901831764465949146760085427904551849188091808972800000000000000000000)
(33, 33, 87, 263469662297440964651700064837423699403722967257669526540371563901831764465949146760085427904551849188091808972800000000000000000000)
(34, 34, 87, 263469662297440964651700064837423699403722967257669526540371563901831764465949146760085427904551849188091808972800000000000000000000)
(35, 35, 87, 263469662297440964651700064837423699403722967257669526540371563901831764465949146760085427904551849188091808972800000000000000000000)
(36, 36, 87, 263469662297440964651700064837423699403722967257669526540371563901831764465949146760085427904551849188091808972800000000000000000000)
(37, 37, 87, 263469662297440964651700064837423699403722967257669526540371563901831764465949146760085427904551849188091808972800000000000000000000)
(38, 38, 87, 263469662297440964651700064837423699403722967257669526540371563901831764465949146760085427904551849188091808972800000000000000000000)
(39, 39, 87, 263469662297440964651700064837423699403722967257669526540371563901831764465949146760085427904551849188091808972800000000000000000000)
(40, 40, 87, 263469662297440964651700064837423699403722967257669526540371563901831764465949146760085427904551849188091808972800000000000000000000)
(41, 41, 87, 263469662297440964651700064837423699403722967257669526540371563901831764465949146760085427904551849188091808972800000000000000000000)
(42, 42, 87, 263469662297440964651700064837423699403722967257669526540371563901831764465949146760085427904551849188091808972800000000000000000000)
(43, 43, 87, 263469662297440964651700064837423699403722967257669526540371563901831764465949146760085427904551849188091808972800000000000000000000)
(44, 44, 87, 87823220765813654883900021612474566467907655752556508846790521300610588155316382253361809301517283062697269657600000000000000000000)
(45, 45, 87, 87823220765813654883900021612474566467907655752556508846790521300610588155316382253361809301517283062697269657600000000000000000000)
(46, 46, 87, 87823220765813654883900021612474566467907655752556508846790521300610588155316382253361809301517283062697269657600000000000000000000)
(47, 47, 87, 87823220765813654883900021612474566467907655752556508846790521300610588155316382253361809301517283062697269657600000000000000000000)
(48, 48, 87, 87823220765813654883900021612474566467907655752556508846790521300610588155316382253361809301517283062697269657600000000000000000000)
(49, 49, 87, 87823220765813654883900021612474566467907655752556508846790521300610588155316382253361809301517283062697269657600000000000000000000)
(50, 50, 87, 87823220765813654883900021612474566467907655752556508846790521300610588155316382253361809301517283062697269657600000000000000000000)
(51, 51, 87, 87823220765813654883900021612474566467907655752556508846790521300610588155316382253361809301517283062697269657600000000000000000000)
(52, 52, 87, 87823220765813654883900021612474566467907655752556508846790521300610588155316382253361809301517283062697269657600000000000000000000)
(53, 53, 87, 87823220765813654883900021612474566467907655752556508846790521300610588155316382253361809301517283062697269657600000000000000000000)
(54, 54, 87, 87823220765813654883900021612474566467907655752556508846790521300610588155316382253361809301517283062697269657600000000000000000000)
(55, 55, 87, 87823220765813654883900021612474566467907655752556508846790521300610588155316382253361809301517283062697269657600000000000000000000)
(56, 56, 87, 87823220765813654883900021612474566467907655752556508846790521300610588155316382253361809301517283062697269657600000000000000000000)
(57, 57, 87, 87823220765813654883900021612474566467907655752556508846790521300610588155316382253361809301517283062697269657600000000000000000000)
(58, 58, 87, 175646441531627309767800043224949132935815311505113017693581042601221176310632764506723618603034566125394539315200000000000000000000)
(59, 59, 87, 43911610382906827441950010806237283233953827876278254423395260650305294077658191126680904650758641531348634828800000000000000000000)
(60, 60, 87, 43911610382906827441950010806237283233953827876278254423395260650305294077658191126680904650758641531348634828800000000000000000000)
(61, 61, 87, 43911610382906827441950010806237283233953827876278254423395260650305294077658191126680904650758641531348634828800000000000000000000)
(62, 62, 87, 43911610382906827441950010806237283233953827876278254423395260650305294077658191126680904650758641531348634828800000000000000000000)
(63, 63, 87, 43911610382906827441950010806237283233953827876278254423395260650305294077658191126680904650758641531348634828800000000000000000000)
(64, 64, 87, 43911610382906827441950010806237283233953827876278254423395260650305294077658191126680904650758641531348634828800000000000000000000)
(65, 65, 87, 43911610382906827441950010806237283233953827876278254423395260650305294077658191126680904650758641531348634828800000000000000000000)
(66, 66, 87, 26346966229744096465170006483742369940372296725766952654037156390183176446594914676008542790455184918809180897280000000000000000000)
(67, 67, 87, 26346966229744096465170006483742369940372296725766952654037156390183176446594914676008542790455184918809180897280000000000000000000)
(68, 68, 87, 26346966229744096465170006483742369940372296725766952654037156390183176446594914676008542790455184918809180897280000000000000000000)
(69, 69, 87, 26346966229744096465170006483742369940372296725766952654037156390183176446594914676008542790455184918809180897280000000000000000000)
(70, 70, 87, 17564644153162730976780004322494913293581531150511301769358104260122117631063276450672361860303456612539453931520000000000000000000)
(71, 71, 87, 17564644153162730976780004322494913293581531150511301769358104260122117631063276450672361860303456612539453931520000000000000000000)
(72, 72, 87, 17564644153162730976780004322494913293581531150511301769358104260122117631063276450672361860303456612539453931520000000000000000000)
(73, 73, 87, 12546174395116236411985717373210652352558236536079501263827217328658655450759483179051687043073897580385324236800000000000000000000)
(74, 74, 87, 12546174395116236411985717373210652352558236536079501263827217328658655450759483179051687043073897580385324236800000000000000000000)
(75, 75, 87, 9409630796337177308989288029907989264418677402059625947870412996493991588069612384288765282305423185288993177600000000000000000000)
(76, 76, 87, 9409630796337177308989288029907989264418677402059625947870412996493991588069612384288765282305423185288993177600000000000000000000)
(77, 77, 87, 7318601730484471240325001801039547205658971312713042403899210108384215679609698521113484108459773588558105804800000000000000000000)
(78, 78, 87, 5854881384387576992260001440831637764527177050170433923119368086707372543687758816890787286767818870846484643840000000000000000000)
(79, 79, 87, 9580714992634216896425456903179043614680835173006164601468056869157518707852696245821288287438249061385156689920000000000000000000)
(80, 80, 87, 3377816183300525187842308523556714094919525221252173417184250819254253390589091625129300357750664733180664217600000000000000000000)
(81, 81, 87, 2509234879023247282397143474642130470511647307215900252765443465731731090151896635810337408614779516077064847360000000000000000000)
(82, 82, 87, 1722023936584581468311765129656364048390346191226598212682167084325697806966987887320819790225829079660730777600000000000000000000)
(83, 83, 87, 1140561308646930582907792488473695668414385139643591023984292484423514131887225743550153367552172507307756748800000000000000000000)
(84, 84, 87, 18170321537754549286324142402580944786463652914322036313129073372540121687306837707592098476175989599178745446400000000000000000000)
(85, 85, 87, 557018313525245168396828889719711838062839254244544453573724236578925506270505595687284202758037736127043993600000000000000000000)
(86, 86, 87, 12113547691836366190882761601720629857642435276214690875419382248360081124871225138394732317450659732785830297600000000000000000000)
(2, 2, 88, 23185330282174804889349605705693285547527621118674918335552697623361195273003524914887517655600562728552079189606400000000000000000000)
(3, 3, 88, 23185330282174804889349605705693285547527621118674918335552697623361195273003524914887517655600562728552079189606400000000000000000000)
(4, 4, 88, 23185330282174804889349605705693285547527621118674918335552697623361195273003524914887517655600562728552079189606400000000000000000000)
(5, 5, 88, 23185330282174804889349605705693285547527621118674918335552697623361195273003524914887517655600562728552079189606400000000000000000000)
(6, 6, 88, 23185330282174804889349605705693285547527621118674918335552697623361195273003524914887517655600562728552079189606400000000000000000000)
(7, 7, 88, 23185330282174804889349605705693285547527621118674918335552697623361195273003524914887517655600562728552079189606400000000000000000000)
(8, 8, 88, 23185330282174804889349605705693285547527621118674918335552697623361195273003524914887517655600562728552079189606400000000000000000000)
(9, 9, 88, 23185330282174804889349605705693285547527621118674918335552697623361195273003524914887517655600562728552079189606400000000000000000000)
(10, 10, 88, 23185330282174804889349605705693285547527621118674918335552697623361195273003524914887517655600562728552079189606400000000000000000000)
(11, 11, 88, 23185330282174804889349605705693285547527621118674918335552697623361195273003524914887517655600562728552079189606400000000000000000000)
(12, 12, 88, 23185330282174804889349605705693285547527621118674918335552697623361195273003524914887517655600562728552079189606400000000000000000000)
(13, 13, 88, 23185330282174804889349605705693285547527621118674918335552697623361195273003524914887517655600562728552079189606400000000000000000000)
(14, 14, 88, 23185330282174804889349605705693285547527621118674918335552697623361195273003524914887517655600562728552079189606400000000000000000000)
(15, 15, 88, 23185330282174804889349605705693285547527621118674918335552697623361195273003524914887517655600562728552079189606400000000000000000000)
(16, 16, 88, 23185330282174804889349605705693285547527621118674918335552697623361195273003524914887517655600562728552079189606400000000000000000000)
(17, 17, 88, 23185330282174804889349605705693285547527621118674918335552697623361195273003524914887517655600562728552079189606400000000000000000000)
(18, 18, 88, 23185330282174804889349605705693285547527621118674918335552697623361195273003524914887517655600562728552079189606400000000000000000000)
(19, 19, 88, 23185330282174804889349605705693285547527621118674918335552697623361195273003524914887517655600562728552079189606400000000000000000000)
(20, 20, 88, 23185330282174804889349605705693285547527621118674918335552697623361195273003524914887517655600562728552079189606400000000000000000000)
(21, 21, 88, 23185330282174804889349605705693285547527621118674918335552697623361195273003524914887517655600562728552079189606400000000000000000000)
(22, 22, 88, 23185330282174804889349605705693285547527621118674918335552697623361195273003524914887517655600562728552079189606400000000000000000000)
(23, 23, 88, 23185330282174804889349605705693285547527621118674918335552697623361195273003524914887517655600562728552079189606400000000000000000000)
(24, 24, 88, 23185330282174804889349605705693285547527621118674918335552697623361195273003524914887517655600562728552079189606400000000000000000000)
(25, 25, 88, 23185330282174804889349605705693285547527621118674918335552697623361195273003524914887517655600562728552079189606400000000000000000000)
(26, 26, 88, 23185330282174804889349605705693285547527621118674918335552697623361195273003524914887517655600562728552079189606400000000000000000000)
(27, 27, 88, 23185330282174804889349605705693285547527621118674918335552697623361195273003524914887517655600562728552079189606400000000000000000000)
(28, 28, 88, 23185330282174804889349605705693285547527621118674918335552697623361195273003524914887517655600562728552079189606400000000000000000000)
(29, 29, 88, 23185330282174804889349605705693285547527621118674918335552697623361195273003524914887517655600562728552079189606400000000000000000000)
(30, 30, 88, 23185330282174804889349605705693285547527621118674918335552697623361195273003524914887517655600562728552079189606400000000000000000000)
(31, 31, 88, 23185330282174804889349605705693285547527621118674918335552697623361195273003524914887517655600562728552079189606400000000000000000000)
(32, 32, 88, 23185330282174804889349605705693285547527621118674918335552697623361195273003524914887517655600562728552079189606400000000000000000000)
(33, 33, 88, 23185330282174804889349605705693285547527621118674918335552697623361195273003524914887517655600562728552079189606400000000000000000000)
(34, 34, 88, 23185330282174804889349605705693285547527621118674918335552697623361195273003524914887517655600562728552079189606400000000000000000000)
(35, 35, 88, 23185330282174804889349605705693285547527621118674918335552697623361195273003524914887517655600562728552079189606400000000000000000000)
(36, 36, 88, 23185330282174804889349605705693285547527621118674918335552697623361195273003524914887517655600562728552079189606400000000000000000000)
(37, 37, 88, 23185330282174804889349605705693285547527621118674918335552697623361195273003524914887517655600562728552079189606400000000000000000000)
(38, 38, 88, 23185330282174804889349605705693285547527621118674918335552697623361195273003524914887517655600562728552079189606400000000000000000000)
(39, 39, 88, 23185330282174804889349605705693285547527621118674918335552697623361195273003524914887517655600562728552079189606400000000000000000000)
(40, 40, 88, 23185330282174804889349605705693285547527621118674918335552697623361195273003524914887517655600562728552079189606400000000000000000000)
(41, 41, 88, 23185330282174804889349605705693285547527621118674918335552697623361195273003524914887517655600562728552079189606400000000000000000000)
(42, 42, 88, 23185330282174804889349605705693285547527621118674918335552697623361195273003524914887517655600562728552079189606400000000000000000000)
(43, 43, 88, 23185330282174804889349605705693285547527621118674918335552697623361195273003524914887517655600562728552079189606400000000000000000000)
(44, 44, 88, 23185330282174804889349605705693285547527621118674918335552697623361195273003524914887517655600562728552079189606400000000000000000000)
(45, 45, 88, 7728443427391601629783201901897761849175873706224972778517565874453731757667841638295839218533520909517359729868800000000000000000000)
(46, 46, 88, 7728443427391601629783201901897761849175873706224972778517565874453731757667841638295839218533520909517359729868800000000000000000000)
(47, 47, 88, 7728443427391601629783201901897761849175873706224972778517565874453731757667841638295839218533520909517359729868800000000000000000000)
(48, 48, 88, 7728443427391601629783201901897761849175873706224972778517565874453731757667841638295839218533520909517359729868800000000000000000000)
(49, 49, 88, 7728443427391601629783201901897761849175873706224972778517565874453731757667841638295839218533520909517359729868800000000000000000000)
(50, 50, 88, 7728443427391601629783201901897761849175873706224972778517565874453731757667841638295839218533520909517359729868800000000000000000000)
(51, 51, 88, 7728443427391601629783201901897761849175873706224972778517565874453731757667841638295839218533520909517359729868800000000000000000000)
(52, 52, 88, 7728443427391601629783201901897761849175873706224972778517565874453731757667841638295839218533520909517359729868800000000000000000000)
(53, 53, 88, 7728443427391601629783201901897761849175873706224972778517565874453731757667841638295839218533520909517359729868800000000000000000000)
(54, 54, 88, 7728443427391601629783201901897761849175873706224972778517565874453731757667841638295839218533520909517359729868800000000000000000000)
(55, 55, 88, 7728443427391601629783201901897761849175873706224972778517565874453731757667841638295839218533520909517359729868800000000000000000000)
(56, 56, 88, 7728443427391601629783201901897761849175873706224972778517565874453731757667841638295839218533520909517359729868800000000000000000000)
(57, 57, 88, 7728443427391601629783201901897761849175873706224972778517565874453731757667841638295839218533520909517359729868800000000000000000000)
(58, 58, 88, 7728443427391601629783201901897761849175873706224972778517565874453731757667841638295839218533520909517359729868800000000000000000000)
(59, 59, 88, 7728443427391601629783201901897761849175873706224972778517565874453731757667841638295839218533520909517359729868800000000000000000000)
(60, 60, 88, 3864221713695800814891600950948880924587936853112486389258782937226865878833920819147919609266760454758679864934400000000000000000000)
(61, 61, 88, 3864221713695800814891600950948880924587936853112486389258782937226865878833920819147919609266760454758679864934400000000000000000000)
(62, 62, 88, 3864221713695800814891600950948880924587936853112486389258782937226865878833920819147919609266760454758679864934400000000000000000000)
(63, 63, 88, 3864221713695800814891600950948880924587936853112486389258782937226865878833920819147919609266760454758679864934400000000000000000000)
(64, 64, 88, 3864221713695800814891600950948880924587936853112486389258782937226865878833920819147919609266760454758679864934400000000000000000000)
(65, 65, 88, 3864221713695800814891600950948880924587936853112486389258782937226865878833920819147919609266760454758679864934400000000000000000000)
(66, 66, 88, 11592665141087402444674802852846642773763810559337459167776348811680597636501762457443758827800281364276039594803200000000000000000000)
(67, 67, 88, 2318533028217480488934960570569328554752762111867491833555269762336119527300352491488751765560056272855207918960640000000000000000000)
(68, 68, 88, 2318533028217480488934960570569328554752762111867491833555269762336119527300352491488751765560056272855207918960640000000000000000000)
(69, 69, 88, 2318533028217480488934960570569328554752762111867491833555269762336119527300352491488751765560056272855207918960640000000000000000000)
(70, 70, 88, 2318533028217480488934960570569328554752762111867491833555269762336119527300352491488751765560056272855207918960640000000000000000000)
(71, 71, 88, 1545688685478320325956640380379552369835174741244994555703513174890746351533568327659167843706704181903471945973760000000000000000000)
(72, 72, 88, 1545688685478320325956640380379552369835174741244994555703513174890746351533568327659167843706704181903471945973760000000000000000000)
(73, 73, 88, 1545688685478320325956640380379552369835174741244994555703513174890746351533568327659167843706704181903471945973760000000000000000000)
(74, 74, 88, 1104063346770228804254743128842537407025124815174996111216795124921961679666834519756548459790502987073908532838400000000000000000000)
(75, 75, 88, 1104063346770228804254743128842537407025124815174996111216795124921961679666834519756548459790502987073908532838400000000000000000000)
(76, 76, 88, 828047510077671603191057346631903055268843611381247083412596343691471259750125889817411344842877240305431399628800000000000000000000)
(77, 77, 88, 5796332570543701222337401426423321386881905279668729583888174405840298818250881228721879413900140682138019797401600000000000000000000)
(78, 78, 88, 644036952282633469148600158491480154097989475518747731543130489537810979805653469857986601544460075793113310822400000000000000000000)
(79, 79, 88, 515229561826106775318880126793184123278391580414998185234504391630248783844522775886389281235568060634490648657920000000000000000000)
(80, 80, 88, 4215514596759055434427201037398779190459567476122712424645945022429308231455186348161366846472829587009468943564800000000000000000000)
(81, 81, 88, 297247824130446216530123150072990840352918219470191260712214072094374298371840063011378431482058496519898451148800000000000000000000)
(82, 82, 88, 220812669354045760850948625768507481405024963034999222243359024984392335933366903951309691958100597414781706567680000000000000000000)
(83, 83, 88, 151538106419443169211435331409760036258350464827940642716030703420661407013094934084232141539872959010144308428800000000000000000000)
(84, 84, 88, 2107757298379527717213600518699389595229783738061356212322972511214654115727593174080683423236414793504734471782400000000000000000000)
(85, 85, 88, 106599219688160022479768302095141542747253430430689279703690563785568713898866781217873644393565805648515306618880000000000000000000)
(86, 86, 88, 1053878649189763858606800259349694797614891869030678106161486255607327057863796587040341711618207396752367235891200000000000000000000)
(87, 87, 88, 1053878649189763858606800259349694797614891869030678106161486255607327057863796587040341711618207396752367235891200000000000000000000)
(2, 2, 89, 2063494395113557635152114907806702413729958279562067731864190088479146379297313717424989071348450082841135047874969600000000000000000000)
(3, 3, 89, 2063494395113557635152114907806702413729958279562067731864190088479146379297313717424989071348450082841135047874969600000000000000000000)
(4, 4, 89, 2063494395113557635152114907806702413729958279562067731864190088479146379297313717424989071348450082841135047874969600000000000000000000)
(5, 5, 89, 2063494395113557635152114907806702413729958279562067731864190088479146379297313717424989071348450082841135047874969600000000000000000000)
(6, 6, 89, 2063494395113557635152114907806702413729958279562067731864190088479146379297313717424989071348450082841135047874969600000000000000000000)
(7, 7, 89, 2063494395113557635152114907806702413729958279562067731864190088479146379297313717424989071348450082841135047874969600000000000000000000)
(8, 8, 89, 2063494395113557635152114907806702413729958279562067731864190088479146379297313717424989071348450082841135047874969600000000000000000000)
(9, 9, 89, 2063494395113557635152114907806702413729958279562067731864190088479146379297313717424989071348450082841135047874969600000000000000000000)
(10, 10, 89, 2063494395113557635152114907806702413729958279562067731864190088479146379297313717424989071348450082841135047874969600000000000000000000)
(11, 11, 89, 2063494395113557635152114907806702413729958279562067731864190088479146379297313717424989071348450082841135047874969600000000000000000000)
(12, 12, 89, 2063494395113557635152114907806702413729958279562067731864190088479146379297313717424989071348450082841135047874969600000000000000000000)
(13, 13, 89, 2063494395113557635152114907806702413729958279562067731864190088479146379297313717424989071348450082841135047874969600000000000000000000)
(14, 14, 89, 2063494395113557635152114907806702413729958279562067731864190088479146379297313717424989071348450082841135047874969600000000000000000000)
(15, 15, 89, 2063494395113557635152114907806702413729958279562067731864190088479146379297313717424989071348450082841135047874969600000000000000000000)
(16, 16, 89, 2063494395113557635152114907806702413729958279562067731864190088479146379297313717424989071348450082841135047874969600000000000000000000)
(17, 17, 89, 2063494395113557635152114907806702413729958279562067731864190088479146379297313717424989071348450082841135047874969600000000000000000000)
(18, 18, 89, 2063494395113557635152114907806702413729958279562067731864190088479146379297313717424989071348450082841135047874969600000000000000000000)
(19, 19, 89, 2063494395113557635152114907806702413729958279562067731864190088479146379297313717424989071348450082841135047874969600000000000000000000)
(20, 20, 89, 2063494395113557635152114907806702413729958279562067731864190088479146379297313717424989071348450082841135047874969600000000000000000000)
(21, 21, 89, 2063494395113557635152114907806702413729958279562067731864190088479146379297313717424989071348450082841135047874969600000000000000000000)
(22, 22, 89, 2063494395113557635152114907806702413729958279562067731864190088479146379297313717424989071348450082841135047874969600000000000000000000)
(23, 23, 89, 2063494395113557635152114907806702413729958279562067731864190088479146379297313717424989071348450082841135047874969600000000000000000000)
(24, 24, 89, 2063494395113557635152114907806702413729958279562067731864190088479146379297313717424989071348450082841135047874969600000000000000000000)
(25, 25, 89, 2063494395113557635152114907806702413729958279562067731864190088479146379297313717424989071348450082841135047874969600000000000000000000)
(26, 26, 89, 2063494395113557635152114907806702413729958279562067731864190088479146379297313717424989071348450082841135047874969600000000000000000000)
(27, 27, 89, 2063494395113557635152114907806702413729958279562067731864190088479146379297313717424989071348450082841135047874969600000000000000000000)
(28, 28, 89, 2063494395113557635152114907806702413729958279562067731864190088479146379297313717424989071348450082841135047874969600000000000000000000)
(29, 29, 89, 2063494395113557635152114907806702413729958279562067731864190088479146379297313717424989071348450082841135047874969600000000000000000000)
(30, 30, 89, 2063494395113557635152114907806702413729958279562067731864190088479146379297313717424989071348450082841135047874969600000000000000000000)
(31, 31, 89, 2063494395113557635152114907806702413729958279562067731864190088479146379297313717424989071348450082841135047874969600000000000000000000)
(32, 32, 89, 2063494395113557635152114907806702413729958279562067731864190088479146379297313717424989071348450082841135047874969600000000000000000000)
(33, 33, 89, 2063494395113557635152114907806702413729958279562067731864190088479146379297313717424989071348450082841135047874969600000000000000000000)
(34, 34, 89, 2063494395113557635152114907806702413729958279562067731864190088479146379297313717424989071348450082841135047874969600000000000000000000)
(35, 35, 89, 2063494395113557635152114907806702413729958279562067731864190088479146379297313717424989071348450082841135047874969600000000000000000000)
(36, 36, 89, 2063494395113557635152114907806702413729958279562067731864190088479146379297313717424989071348450082841135047874969600000000000000000000)
(37, 37, 89, 2063494395113557635152114907806702413729958279562067731864190088479146379297313717424989071348450082841135047874969600000000000000000000)
(38, 38, 89, 2063494395113557635152114907806702413729958279562067731864190088479146379297313717424989071348450082841135047874969600000000000000000000)
(39, 39, 89, 2063494395113557635152114907806702413729958279562067731864190088479146379297313717424989071348450082841135047874969600000000000000000000)
(40, 40, 89, 2063494395113557635152114907806702413729958279562067731864190088479146379297313717424989071348450082841135047874969600000000000000000000)
(41, 41, 89, 2063494395113557635152114907806702413729958279562067731864190088479146379297313717424989071348450082841135047874969600000000000000000000)
(42, 42, 89, 2063494395113557635152114907806702413729958279562067731864190088479146379297313717424989071348450082841135047874969600000000000000000000)
(43, 43, 89, 2063494395113557635152114907806702413729958279562067731864190088479146379297313717424989071348450082841135047874969600000000000000000000)
(44, 44, 89, 2063494395113557635152114907806702413729958279562067731864190088479146379297313717424989071348450082841135047874969600000000000000000000)
(45, 45, 89, 687831465037852545050704969268900804576652759854022577288063362826382126432437905808329690449483360947045015958323200000000000000000000)
(46, 46, 89, 687831465037852545050704969268900804576652759854022577288063362826382126432437905808329690449483360947045015958323200000000000000000000)
(47, 47, 89, 687831465037852545050704969268900804576652759854022577288063362826382126432437905808329690449483360947045015958323200000000000000000000)
(48, 48, 89, 687831465037852545050704969268900804576652759854022577288063362826382126432437905808329690449483360947045015958323200000000000000000000)
(49, 49, 89, 687831465037852545050704969268900804576652759854022577288063362826382126432437905808329690449483360947045015958323200000000000000000000)
(50, 50, 89, 687831465037852545050704969268900804576652759854022577288063362826382126432437905808329690449483360947045015958323200000000000000000000)
(51, 51, 89, 687831465037852545050704969268900804576652759854022577288063362826382126432437905808329690449483360947045015958323200000000000000000000)
(52, 52, 89, 687831465037852545050704969268900804576652759854022577288063362826382126432437905808329690449483360947045015958323200000000000000000000)
(53, 53, 89, 687831465037852545050704969268900804576652759854022577288063362826382126432437905808329690449483360947045015958323200000000000000000000)
(54, 54, 89, 687831465037852545050704969268900804576652759854022577288063362826382126432437905808329690449483360947045015958323200000000000000000000)
(55, 55, 89, 687831465037852545050704969268900804576652759854022577288063362826382126432437905808329690449483360947045015958323200000000000000000000)
(56, 56, 89, 687831465037852545050704969268900804576652759854022577288063362826382126432437905808329690449483360947045015958323200000000000000000000)
(57, 57, 89, 687831465037852545050704969268900804576652759854022577288063362826382126432437905808329690449483360947045015958323200000000000000000000)
(58, 58, 89, 687831465037852545050704969268900804576652759854022577288063362826382126432437905808329690449483360947045015958323200000000000000000000)
(59, 59, 89, 1375662930075705090101409938537801609153305519708045154576126725652764252864875811616659380898966721894090031916646400000000000000000000)
(60, 60, 89, 343915732518926272525352484634450402288326379927011288644031681413191063216218952904164845224741680473522507979161600000000000000000000)
(61, 61, 89, 343915732518926272525352484634450402288326379927011288644031681413191063216218952904164845224741680473522507979161600000000000000000000)
(62, 62, 89, 343915732518926272525352484634450402288326379927011288644031681413191063216218952904164845224741680473522507979161600000000000000000000)
(63, 63, 89, 343915732518926272525352484634450402288326379927011288644031681413191063216218952904164845224741680473522507979161600000000000000000000)
(64, 64, 89, 343915732518926272525352484634450402288326379927011288644031681413191063216218952904164845224741680473522507979161600000000000000000000)
(65, 65, 89, 343915732518926272525352484634450402288326379927011288644031681413191063216218952904164845224741680473522507979161600000000000000000000)
(66, 66, 89, 343915732518926272525352484634450402288326379927011288644031681413191063216218952904164845224741680473522507979161600000000000000000000)
(67, 67, 89, 206349439511355763515211490780670241372995827956206773186419008847914637929731371742498907134845008284113504787496960000000000000000000)
(68, 68, 89, 206349439511355763515211490780670241372995827956206773186419008847914637929731371742498907134845008284113504787496960000000000000000000)
(69, 69, 89, 206349439511355763515211490780670241372995827956206773186419008847914637929731371742498907134845008284113504787496960000000000000000000)
(70, 70, 89, 206349439511355763515211490780670241372995827956206773186419008847914637929731371742498907134845008284113504787496960000000000000000000)
(71, 71, 89, 412698879022711527030422981561340482745991655912413546372838017695829275859462743484997814269690016568227009574993920000000000000000000)
(72, 72, 89, 137566293007570509010140993853780160915330551970804515457612672565276425286487581161665938089896672189409003191664640000000000000000000)
(73, 73, 89, 137566293007570509010140993853780160915330551970804515457612672565276425286487581161665938089896672189409003191664640000000000000000000)
(74, 74, 89, 137566293007570509010140993853780160915330551970804515457612672565276425286487581161665938089896672189409003191664640000000000000000000)
(75, 75, 89, 98261637862550363578672138466985829225236108550574653898294766118054589490348272258332812921354765849577859422617600000000000000000000)
(76, 76, 89, 98261637862550363578672138466985829225236108550574653898294766118054589490348272258332812921354765849577859422617600000000000000000000)
(77, 77, 89, 73696228396912772684004103850239371918927081412930990423721074588540942117761204193749609691016074387183394566963200000000000000000000)
(78, 78, 89, 57319288753154378754225414105741733714721063321168548107338613568865177202703158817360807537456946745587084663193600000000000000000000)
(79, 79, 89, 114638577506308757508450828211483467429442126642337096214677227137730354405406317634721615074913893491174169326387200000000000000000000)
(80, 80, 89, 45855431002523503003380331284593386971776850656934838485870890855092141762162527053888646029965557396469667730554880000000000000000000)
(81, 81, 89, 62530133185259322277336815388081891325150250895820234298914851166034738766585264164393608222680305540640455996211200000000000000000000)
(82, 82, 89, 26455056347609713271180960356496184791409721532847022203387052416399312555093765608012680401903206190270962152243200000000000000000000)
(83, 83, 89, 39304655145020145431468855386794331690094443420229861559317906447221835796139308903333125168541906339831143769047040000000000000000000)
(84, 84, 89, 13486891471330442059817744495468643226993191369686717201726732604438865224165449133496660597048693351902843450163200000000000000000000)
(85, 85, 89, 8156104328512085514435236789749811911976119682063508821597589282526270273902425760573079333393083331387885564723200000000000000000000)
(86, 86, 89, 4743665276123121000349689443233798652252777654165672946814230088457807768499571764195377175513678351358931144540160000000000000000000)
(87, 87, 89, 4168675545683954818489121025872126088343350059721348953260990077735649251105684277626240548178687036042697066414080000000000000000000)
(88, 88, 89, 92741321128699219557398422822773142190110484474699673342210790493444781092014099659550070622402250914208316758425600000000000000000000)
(2, 2, 90, 185714495560220187163690341702603217235696245160586095867777107963123174136758234568249016421360507455702154308747264000000000000000000000)
(3, 3, 90, 185714495560220187163690341702603217235696245160586095867777107963123174136758234568249016421360507455702154308747264000000000000000000000)
(4, 4, 90, 185714495560220187163690341702603217235696245160586095867777107963123174136758234568249016421360507455702154308747264000000000000000000000)
(5, 5, 90, 185714495560220187163690341702603217235696245160586095867777107963123174136758234568249016421360507455702154308747264000000000000000000000)
(6, 6, 90, 185714495560220187163690341702603217235696245160586095867777107963123174136758234568249016421360507455702154308747264000000000000000000000)
(7, 7, 90, 185714495560220187163690341702603217235696245160586095867777107963123174136758234568249016421360507455702154308747264000000000000000000000)
(8, 8, 90, 185714495560220187163690341702603217235696245160586095867777107963123174136758234568249016421360507455702154308747264000000000000000000000)
(9, 9, 90, 185714495560220187163690341702603217235696245160586095867777107963123174136758234568249016421360507455702154308747264000000000000000000000)
(10, 10, 90, 185714495560220187163690341702603217235696245160586095867777107963123174136758234568249016421360507455702154308747264000000000000000000000)
(11, 11, 90, 185714495560220187163690341702603217235696245160586095867777107963123174136758234568249016421360507455702154308747264000000000000000000000)
(12, 12, 90, 185714495560220187163690341702603217235696245160586095867777107963123174136758234568249016421360507455702154308747264000000000000000000000)
(13, 13, 90, 185714495560220187163690341702603217235696245160586095867777107963123174136758234568249016421360507455702154308747264000000000000000000000)
(14, 14, 90, 185714495560220187163690341702603217235696245160586095867777107963123174136758234568249016421360507455702154308747264000000000000000000000)
(15, 15, 90, 185714495560220187163690341702603217235696245160586095867777107963123174136758234568249016421360507455702154308747264000000000000000000000)
(16, 16, 90, 185714495560220187163690341702603217235696245160586095867777107963123174136758234568249016421360507455702154308747264000000000000000000000)
(17, 17, 90, 185714495560220187163690341702603217235696245160586095867777107963123174136758234568249016421360507455702154308747264000000000000000000000)
(18, 18, 90, 185714495560220187163690341702603217235696245160586095867777107963123174136758234568249016421360507455702154308747264000000000000000000000)
(19, 19, 90, 185714495560220187163690341702603217235696245160586095867777107963123174136758234568249016421360507455702154308747264000000000000000000000)
(20, 20, 90, 185714495560220187163690341702603217235696245160586095867777107963123174136758234568249016421360507455702154308747264000000000000000000000)
(21, 21, 90, 185714495560220187163690341702603217235696245160586095867777107963123174136758234568249016421360507455702154308747264000000000000000000000)
(22, 22, 90, 185714495560220187163690341702603217235696245160586095867777107963123174136758234568249016421360507455702154308747264000000000000000000000)
(23, 23, 90, 185714495560220187163690341702603217235696245160586095867777107963123174136758234568249016421360507455702154308747264000000000000000000000)
(24, 24, 90, 185714495560220187163690341702603217235696245160586095867777107963123174136758234568249016421360507455702154308747264000000000000000000000)
(25, 25, 90, 185714495560220187163690341702603217235696245160586095867777107963123174136758234568249016421360507455702154308747264000000000000000000000)
(26, 26, 90, 185714495560220187163690341702603217235696245160586095867777107963123174136758234568249016421360507455702154308747264000000000000000000000)
(27, 27, 90, 185714495560220187163690341702603217235696245160586095867777107963123174136758234568249016421360507455702154308747264000000000000000000000)
(28, 28, 90, 185714495560220187163690341702603217235696245160586095867777107963123174136758234568249016421360507455702154308747264000000000000000000000)
(29, 29, 90, 185714495560220187163690341702603217235696245160586095867777107963123174136758234568249016421360507455702154308747264000000000000000000000)
(30, 30, 90, 185714495560220187163690341702603217235696245160586095867777107963123174136758234568249016421360507455702154308747264000000000000000000000)
(31, 31, 90, 185714495560220187163690341702603217235696245160586095867777107963123174136758234568249016421360507455702154308747264000000000000000000000)
(32, 32, 90, 185714495560220187163690341702603217235696245160586095867777107963123174136758234568249016421360507455702154308747264000000000000000000000)
(33, 33, 90, 185714495560220187163690341702603217235696245160586095867777107963123174136758234568249016421360507455702154308747264000000000000000000000)
(34, 34, 90, 185714495560220187163690341702603217235696245160586095867777107963123174136758234568249016421360507455702154308747264000000000000000000000)
(35, 35, 90, 185714495560220187163690341702603217235696245160586095867777107963123174136758234568249016421360507455702154308747264000000000000000000000)
(36, 36, 90, 185714495560220187163690341702603217235696245160586095867777107963123174136758234568249016421360507455702154308747264000000000000000000000)
(37, 37, 90, 185714495560220187163690341702603217235696245160586095867777107963123174136758234568249016421360507455702154308747264000000000000000000000)
(38, 38, 90, 185714495560220187163690341702603217235696245160586095867777107963123174136758234568249016421360507455702154308747264000000000000000000000)
(39, 39, 90, 185714495560220187163690341702603217235696245160586095867777107963123174136758234568249016421360507455702154308747264000000000000000000000)
(40, 40, 90, 185714495560220187163690341702603217235696245160586095867777107963123174136758234568249016421360507455702154308747264000000000000000000000)
(41, 41, 90, 185714495560220187163690341702603217235696245160586095867777107963123174136758234568249016421360507455702154308747264000000000000000000000)
(42, 42, 90, 185714495560220187163690341702603217235696245160586095867777107963123174136758234568249016421360507455702154308747264000000000000000000000)
(43, 43, 90, 185714495560220187163690341702603217235696245160586095867777107963123174136758234568249016421360507455702154308747264000000000000000000000)
(44, 44, 90, 185714495560220187163690341702603217235696245160586095867777107963123174136758234568249016421360507455702154308747264000000000000000000000)
(45, 45, 90, 185714495560220187163690341702603217235696245160586095867777107963123174136758234568249016421360507455702154308747264000000000000000000000)
(46, 46, 90, 61904831853406729054563447234201072411898748386862031955925702654374391378919411522749672140453502485234051436249088000000000000000000000)
(47, 47, 90, 61904831853406729054563447234201072411898748386862031955925702654374391378919411522749672140453502485234051436249088000000000000000000000)
(48, 48, 90, 61904831853406729054563447234201072411898748386862031955925702654374391378919411522749672140453502485234051436249088000000000000000000000)
(49, 49, 90, 61904831853406729054563447234201072411898748386862031955925702654374391378919411522749672140453502485234051436249088000000000000000000000)
(50, 50, 90, 61904831853406729054563447234201072411898748386862031955925702654374391378919411522749672140453502485234051436249088000000000000000000000)
(51, 51, 90, 61904831853406729054563447234201072411898748386862031955925702654374391378919411522749672140453502485234051436249088000000000000000000000)
(52, 52, 90, 61904831853406729054563447234201072411898748386862031955925702654374391378919411522749672140453502485234051436249088000000000000000000000)
(53, 53, 90, 61904831853406729054563447234201072411898748386862031955925702654374391378919411522749672140453502485234051436249088000000000000000000000)
(54, 54, 90, 61904831853406729054563447234201072411898748386862031955925702654374391378919411522749672140453502485234051436249088000000000000000000000)
(55, 55, 90, 61904831853406729054563447234201072411898748386862031955925702654374391378919411522749672140453502485234051436249088000000000000000000000)
(56, 56, 90, 61904831853406729054563447234201072411898748386862031955925702654374391378919411522749672140453502485234051436249088000000000000000000000)
(57, 57, 90, 61904831853406729054563447234201072411898748386862031955925702654374391378919411522749672140453502485234051436249088000000000000000000000)
(58, 58, 90, 61904831853406729054563447234201072411898748386862031955925702654374391378919411522749672140453502485234051436249088000000000000000000000)
(59, 59, 90, 61904831853406729054563447234201072411898748386862031955925702654374391378919411522749672140453502485234051436249088000000000000000000000)
(60, 60, 90, 123809663706813458109126894468402144823797496773724063911851405308748782757838823045499344280907004970468102872498176000000000000000000000)
(61, 61, 90, 30952415926703364527281723617100536205949374193431015977962851327187195689459705761374836070226751242617025718124544000000000000000000000)
(62, 62, 90, 30952415926703364527281723617100536205949374193431015977962851327187195689459705761374836070226751242617025718124544000000000000000000000)
(63, 63, 90, 30952415926703364527281723617100536205949374193431015977962851327187195689459705761374836070226751242617025718124544000000000000000000000)
(64, 64, 90, 30952415926703364527281723617100536205949374193431015977962851327187195689459705761374836070226751242617025718124544000000000000000000000)
(65, 65, 90, 30952415926703364527281723617100536205949374193431015977962851327187195689459705761374836070226751242617025718124544000000000000000000000)
(66, 66, 90, 30952415926703364527281723617100536205949374193431015977962851327187195689459705761374836070226751242617025718124544000000000000000000000)
(67, 67, 90, 30952415926703364527281723617100536205949374193431015977962851327187195689459705761374836070226751242617025718124544000000000000000000000)
(68, 68, 90, 18571449556022018716369034170260321723569624516058609586777710796312317413675823456824901642136050745570215430874726400000000000000000000)
(69, 69, 90, 18571449556022018716369034170260321723569624516058609586777710796312317413675823456824901642136050745570215430874726400000000000000000000)
(70, 70, 90, 18571449556022018716369034170260321723569624516058609586777710796312317413675823456824901642136050745570215430874726400000000000000000000)
(71, 71, 90, 18571449556022018716369034170260321723569624516058609586777710796312317413675823456824901642136050745570215430874726400000000000000000000)
(72, 72, 90, 74285798224088074865476136681041286894278498064234438347110843185249269654703293827299606568544202982280861723498905600000000000000000000)
(73, 73, 90, 12380966370681345810912689446840214482379749677372406391185140530874878275783882304549934428090700497046810287249817600000000000000000000)
(74, 74, 90, 12380966370681345810912689446840214482379749677372406391185140530874878275783882304549934428090700497046810287249817600000000000000000000)
(75, 75, 90, 61904831853406729054563447234201072411898748386862031955925702654374391378919411522749672140453502485234051436249088000000000000000000000)
(76, 76, 90, 8843547407629532722080492462028724630271249769551718850846528950624913054131344503249953162921928926462007348035584000000000000000000000)
(77, 77, 90, 17687094815259065444160984924057449260542499539103437701693057901249826108262689006499906325843857852924014696071168000000000000000000000)
(78, 78, 90, 6632660555722149541560369346521543472703437327163789138134896712968684790598508377437464872191446694846505511026688000000000000000000000)
(79, 79, 90, 5158735987783894087880287269516756034324895698905169329660475221197865948243284293562472678371125207102837619687424000000000000000000000)
(80, 80, 90, 41269887902271152703042298156134048274599165591241354637283801769582927585946274348499781426969001656822700957499392000000000000000000000)
(81, 81, 90, 37142899112044037432738068340520643447139249032117219173555421592624634827351646913649803284272101491140430861749452800000000000000000000)
(82, 82, 90, 2813855993336669502480156692463685109631761290311910543451168302471563244496336887397712370020613749328820519829504000000000000000000000)
(83, 83, 90, 4761910142569748388812572864169313262453749875912463996609669434951876259916877809442282472342577114248773187403776000000000000000000000)
(84, 84, 90, 24761932741362691621825378893680428964759499354744812782370281061749756551567764609099868856181400994093620574499635200000000000000000000)
(85, 85, 90, 20634943951135576351521149078067024137299582795620677318641900884791463792973137174249890713484500828411350478749696000000000000000000000)
(86, 86, 90, 734049389566087696299171311077483072077850771385715793943783035427364324651218318451577140005377499824909700825088000000000000000000000)
(87, 87, 90, 12380966370681345810912689446840214482379749677372406391185140530874878275783882304549934428090700497046810287249817600000000000000000000)
(88, 88, 90, 8253977580454230540608459631226809654919833118248270927456760353916585517189254869699956285393800331364540191499878400000000000000000000)
(89, 89, 90, 8253977580454230540608459631226809654919833118248270927456760353916585517189254869699956285393800331364540191499878400000000000000000000)
(2, 2, 91, 16900019095980037031895821094936892768448358309613334723967716824644208846444999345710660494343806178468896042096001024000000000000000000000)
(3, 3, 91, 16900019095980037031895821094936892768448358309613334723967716824644208846444999345710660494343806178468896042096001024000000000000000000000)
(4, 4, 91, 16900019095980037031895821094936892768448358309613334723967716824644208846444999345710660494343806178468896042096001024000000000000000000000)
(5, 5, 91, 16900019095980037031895821094936892768448358309613334723967716824644208846444999345710660494343806178468896042096001024000000000000000000000)
(6, 6, 91, 16900019095980037031895821094936892768448358309613334723967716824644208846444999345710660494343806178468896042096001024000000000000000000000)
(7, 7, 91, 16900019095980037031895821094936892768448358309613334723967716824644208846444999345710660494343806178468896042096001024000000000000000000000)
(8, 8, 91, 16900019095980037031895821094936892768448358309613334723967716824644208846444999345710660494343806178468896042096001024000000000000000000000)
(9, 9, 91, 16900019095980037031895821094936892768448358309613334723967716824644208846444999345710660494343806178468896042096001024000000000000000000000)
(10, 10, 91, 16900019095980037031895821094936892768448358309613334723967716824644208846444999345710660494343806178468896042096001024000000000000000000000)
(11, 11, 91, 16900019095980037031895821094936892768448358309613334723967716824644208846444999345710660494343806178468896042096001024000000000000000000000)
(12, 12, 91, 16900019095980037031895821094936892768448358309613334723967716824644208846444999345710660494343806178468896042096001024000000000000000000000)
(13, 13, 91, 16900019095980037031895821094936892768448358309613334723967716824644208846444999345710660494343806178468896042096001024000000000000000000000)
(14, 14, 91, 16900019095980037031895821094936892768448358309613334723967716824644208846444999345710660494343806178468896042096001024000000000000000000000)
(15, 15, 91, 16900019095980037031895821094936892768448358309613334723967716824644208846444999345710660494343806178468896042096001024000000000000000000000)
(16, 16, 91, 16900019095980037031895821094936892768448358309613334723967716824644208846444999345710660494343806178468896042096001024000000000000000000000)
(17, 17, 91, 16900019095980037031895821094936892768448358309613334723967716824644208846444999345710660494343806178468896042096001024000000000000000000000)
(18, 18, 91, 16900019095980037031895821094936892768448358309613334723967716824644208846444999345710660494343806178468896042096001024000000000000000000000)
(19, 19, 91, 16900019095980037031895821094936892768448358309613334723967716824644208846444999345710660494343806178468896042096001024000000000000000000000)
(20, 20, 91, 16900019095980037031895821094936892768448358309613334723967716824644208846444999345710660494343806178468896042096001024000000000000000000000)
(21, 21, 91, 16900019095980037031895821094936892768448358309613334723967716824644208846444999345710660494343806178468896042096001024000000000000000000000)
(22, 22, 91, 16900019095980037031895821094936892768448358309613334723967716824644208846444999345710660494343806178468896042096001024000000000000000000000)
(23, 23, 91, 16900019095980037031895821094936892768448358309613334723967716824644208846444999345710660494343806178468896042096001024000000000000000000000)
(24, 24, 91, 16900019095980037031895821094936892768448358309613334723967716824644208846444999345710660494343806178468896042096001024000000000000000000000)
(25, 25, 91, 16900019095980037031895821094936892768448358309613334723967716824644208846444999345710660494343806178468896042096001024000000000000000000000)
(26, 26, 91, 16900019095980037031895821094936892768448358309613334723967716824644208846444999345710660494343806178468896042096001024000000000000000000000)
(27, 27, 91, 16900019095980037031895821094936892768448358309613334723967716824644208846444999345710660494343806178468896042096001024000000000000000000000)
(28, 28, 91, 16900019095980037031895821094936892768448358309613334723967716824644208846444999345710660494343806178468896042096001024000000000000000000000)
(29, 29, 91, 16900019095980037031895821094936892768448358309613334723967716824644208846444999345710660494343806178468896042096001024000000000000000000000)
(30, 30, 91, 16900019095980037031895821094936892768448358309613334723967716824644208846444999345710660494343806178468896042096001024000000000000000000000)
(31, 31, 91, 16900019095980037031895821094936892768448358309613334723967716824644208846444999345710660494343806178468896042096001024000000000000000000000)
(32, 32, 91, 16900019095980037031895821094936892768448358309613334723967716824644208846444999345710660494343806178468896042096001024000000000000000000000)
(33, 33, 91, 16900019095980037031895821094936892768448358309613334723967716824644208846444999345710660494343806178468896042096001024000000000000000000000)
(34, 34, 91, 16900019095980037031895821094936892768448358309613334723967716824644208846444999345710660494343806178468896042096001024000000000000000000000)
(35, 35, 91, 16900019095980037031895821094936892768448358309613334723967716824644208846444999345710660494343806178468896042096001024000000000000000000000)
(36, 36, 91, 16900019095980037031895821094936892768448358309613334723967716824644208846444999345710660494343806178468896042096001024000000000000000000000)
(37, 37, 91, 16900019095980037031895821094936892768448358309613334723967716824644208846444999345710660494343806178468896042096001024000000000000000000000)
(38, 38, 91, 16900019095980037031895821094936892768448358309613334723967716824644208846444999345710660494343806178468896042096001024000000000000000000000)
(39, 39, 91, 16900019095980037031895821094936892768448358309613334723967716824644208846444999345710660494343806178468896042096001024000000000000000000000)
(40, 40, 91, 16900019095980037031895821094936892768448358309613334723967716824644208846444999345710660494343806178468896042096001024000000000000000000000)
(41, 41, 91, 16900019095980037031895821094936892768448358309613334723967716824644208846444999345710660494343806178468896042096001024000000000000000000000)
(42, 42, 91, 16900019095980037031895821094936892768448358309613334723967716824644208846444999345710660494343806178468896042096001024000000000000000000000)
(43, 43, 91, 16900019095980037031895821094936892768448358309613334723967716824644208846444999345710660494343806178468896042096001024000000000000000000000)
(44, 44, 91, 16900019095980037031895821094936892768448358309613334723967716824644208846444999345710660494343806178468896042096001024000000000000000000000)
(45, 45, 91, 16900019095980037031895821094936892768448358309613334723967716824644208846444999345710660494343806178468896042096001024000000000000000000000)
(46, 46, 91, 5633339698660012343965273698312297589482786103204444907989238941548069615481666448570220164781268726156298680698667008000000000000000000000)
(47, 47, 91, 5633339698660012343965273698312297589482786103204444907989238941548069615481666448570220164781268726156298680698667008000000000000000000000)
(48, 48, 91, 5633339698660012343965273698312297589482786103204444907989238941548069615481666448570220164781268726156298680698667008000000000000000000000)
(49, 49, 91, 5633339698660012343965273698312297589482786103204444907989238941548069615481666448570220164781268726156298680698667008000000000000000000000)
(50, 50, 91, 5633339698660012343965273698312297589482786103204444907989238941548069615481666448570220164781268726156298680698667008000000000000000000000)
(51, 51, 91, 5633339698660012343965273698312297589482786103204444907989238941548069615481666448570220164781268726156298680698667008000000000000000000000)
(52, 52, 91, 5633339698660012343965273698312297589482786103204444907989238941548069615481666448570220164781268726156298680698667008000000000000000000000)
(53, 53, 91, 5633339698660012343965273698312297589482786103204444907989238941548069615481666448570220164781268726156298680698667008000000000000000000000)
(54, 54, 91, 5633339698660012343965273698312297589482786103204444907989238941548069615481666448570220164781268726156298680698667008000000000000000000000)
(55, 55, 91, 5633339698660012343965273698312297589482786103204444907989238941548069615481666448570220164781268726156298680698667008000000000000000000000)
(56, 56, 91, 5633339698660012343965273698312297589482786103204444907989238941548069615481666448570220164781268726156298680698667008000000000000000000000)
(57, 57, 91, 5633339698660012343965273698312297589482786103204444907989238941548069615481666448570220164781268726156298680698667008000000000000000000000)
(58, 58, 91, 5633339698660012343965273698312297589482786103204444907989238941548069615481666448570220164781268726156298680698667008000000000000000000000)
(59, 59, 91, 5633339698660012343965273698312297589482786103204444907989238941548069615481666448570220164781268726156298680698667008000000000000000000000)
(60, 60, 91, 5633339698660012343965273698312297589482786103204444907989238941548069615481666448570220164781268726156298680698667008000000000000000000000)
(61, 61, 91, 5633339698660012343965273698312297589482786103204444907989238941548069615481666448570220164781268726156298680698667008000000000000000000000)
(62, 62, 91, 2816669849330006171982636849156148794741393051602222453994619470774034807740833224285110082390634363078149340349333504000000000000000000000)
(63, 63, 91, 2816669849330006171982636849156148794741393051602222453994619470774034807740833224285110082390634363078149340349333504000000000000000000000)
(64, 64, 91, 2816669849330006171982636849156148794741393051602222453994619470774034807740833224285110082390634363078149340349333504000000000000000000000)
(65, 65, 91, 2816669849330006171982636849156148794741393051602222453994619470774034807740833224285110082390634363078149340349333504000000000000000000000)
(66, 66, 91, 2816669849330006171982636849156148794741393051602222453994619470774034807740833224285110082390634363078149340349333504000000000000000000000)
(67, 67, 91, 2816669849330006171982636849156148794741393051602222453994619470774034807740833224285110082390634363078149340349333504000000000000000000000)
(68, 68, 91, 2816669849330006171982636849156148794741393051602222453994619470774034807740833224285110082390634363078149340349333504000000000000000000000)
(69, 69, 91, 1690001909598003703189582109493689276844835830961333472396771682464420884644499934571066049434380617846889604209600102400000000000000000000)
(70, 70, 91, 1690001909598003703189582109493689276844835830961333472396771682464420884644499934571066049434380617846889604209600102400000000000000000000)
(71, 71, 91, 1690001909598003703189582109493689276844835830961333472396771682464420884644499934571066049434380617846889604209600102400000000000000000000)
(72, 72, 91, 1690001909598003703189582109493689276844835830961333472396771682464420884644499934571066049434380617846889604209600102400000000000000000000)
(73, 73, 91, 2253335879464004937586109479324919035793114441281777963195695576619227846192666579428088065912507490462519472279466803200000000000000000000)
(74, 74, 91, 1126667939732002468793054739662459517896557220640888981597847788309613923096333289714044032956253745231259736139733401600000000000000000000)
(75, 75, 91, 1126667939732002468793054739662459517896557220640888981597847788309613923096333289714044032956253745231259736139733401600000000000000000000)
(76, 76, 91, 804762814094287477709324814044613941354683729029206415427034134506867087925952349795745737825895532308042668671238144000000000000000000000)
(77, 77, 91, 804762814094287477709324814044613941354683729029206415427034134506867087925952349795745737825895532308042668671238144000000000000000000000)
(78, 78, 91, 4828576884565724866255948884267683648128102374175238492562204807041202527555714098774474426955373193848256012027428864000000000000000000000)
(79, 79, 91, 603572110570715608281993610533460456016012796771904811570275600880150315944464262346809303369421649231032001503428608000000000000000000000)
(80, 80, 91, 469444974888334361997106141526024799123565508600370408999103245129005801290138870714185013731772393846358223391555584000000000000000000000)
(81, 81, 91, 751111959821334979195369826441639678597704813760592654398565192206409282064222193142696021970835830154173157426488934400000000000000000000)
(82, 82, 91, 307273074472364309670833110817034413971788332902060631344867578629894706298999988103830190806251021426707200765381836800000000000000000000)
(83, 83, 91, 256060895393636924725694259014195344976490277418383859454056315524912255249166656753191825671875851188922667304484864000000000000000000000)
(84, 84, 91, 2600002937843082620291664783836445041299747432248205342148879511483724437914615283955486229899047104379830160322461696000000000000000000000)
(85, 85, 91, 281666984933000617198263684915614879474139305160222245399461947077403480774083322428511008239063436307814934034933350400000000000000000000)
(86, 86, 91, 98830521029123023578338135058110484026013791284288507157705946342948589745292393834565266048794188178180678608748544000000000000000000000)
(87, 87, 91, 133596988901027960726449178616101919118168840392200274497768512447780307086521733958187039480978704968133565550166016000000000000000000000)
(88, 88, 91, 36344127088129111896550152892337403803114749052931902632188638332568191067623654506904646224395282104234185036765593600000000000000000000)
(89, 89, 91, 32657041731362390399798688106158246895552383206982289321676747487235186176705312745334609650905905658877093801151692800000000000000000000)
(90, 90, 91, 742857982240880748654761366810412868942784980642344383471108431852492696547032938272996065685442029822808617234989056000000000000000000000)
(2, 2, 92, 1554801756830163406934415540734194134697248964484426794605029947867267213872939939805380765479630168419138435872832094208000000000000000000000)
(3, 3, 92, 1554801756830163406934415540734194134697248964484426794605029947867267213872939939805380765479630168419138435872832094208000000000000000000000)
(4, 4, 92, 1554801756830163406934415540734194134697248964484426794605029947867267213872939939805380765479630168419138435872832094208000000000000000000000)
(5, 5, 92, 1554801756830163406934415540734194134697248964484426794605029947867267213872939939805380765479630168419138435872832094208000000000000000000000)
(6, 6, 92, 1554801756830163406934415540734194134697248964484426794605029947867267213872939939805380765479630168419138435872832094208000000000000000000000)
(7, 7, 92, 1554801756830163406934415540734194134697248964484426794605029947867267213872939939805380765479630168419138435872832094208000000000000000000000)
(8, 8, 92, 1554801756830163406934415540734194134697248964484426794605029947867267213872939939805380765479630168419138435872832094208000000000000000000000)
(9, 9, 92, 1554801756830163406934415540734194134697248964484426794605029947867267213872939939805380765479630168419138435872832094208000000000000000000000)
(10, 10, 92, 1554801756830163406934415540734194134697248964484426794605029947867267213872939939805380765479630168419138435872832094208000000000000000000000)
(11, 11, 92, 1554801756830163406934415540734194134697248964484426794605029947867267213872939939805380765479630168419138435872832094208000000000000000000000)
(12, 12, 92, 1554801756830163406934415540734194134697248964484426794605029947867267213872939939805380765479630168419138435872832094208000000000000000000000)
(13, 13, 92, 1554801756830163406934415540734194134697248964484426794605029947867267213872939939805380765479630168419138435872832094208000000000000000000000)
(14, 14, 92, 1554801756830163406934415540734194134697248964484426794605029947867267213872939939805380765479630168419138435872832094208000000000000000000000)
(15, 15, 92, 1554801756830163406934415540734194134697248964484426794605029947867267213872939939805380765479630168419138435872832094208000000000000000000000)
(16, 16, 92, 1554801756830163406934415540734194134697248964484426794605029947867267213872939939805380765479630168419138435872832094208000000000000000000000)
(17, 17, 92, 1554801756830163406934415540734194134697248964484426794605029947867267213872939939805380765479630168419138435872832094208000000000000000000000)
(18, 18, 92, 1554801756830163406934415540734194134697248964484426794605029947867267213872939939805380765479630168419138435872832094208000000000000000000000)
(19, 19, 92, 1554801756830163406934415540734194134697248964484426794605029947867267213872939939805380765479630168419138435872832094208000000000000000000000)
(20, 20, 92, 1554801756830163406934415540734194134697248964484426794605029947867267213872939939805380765479630168419138435872832094208000000000000000000000)
(21, 21, 92, 1554801756830163406934415540734194134697248964484426794605029947867267213872939939805380765479630168419138435872832094208000000000000000000000)
(22, 22, 92, 1554801756830163406934415540734194134697248964484426794605029947867267213872939939805380765479630168419138435872832094208000000000000000000000)
(23, 23, 92, 1554801756830163406934415540734194134697248964484426794605029947867267213872939939805380765479630168419138435872832094208000000000000000000000)
(24, 24, 92, 1554801756830163406934415540734194134697248964484426794605029947867267213872939939805380765479630168419138435872832094208000000000000000000000)
(25, 25, 92, 1554801756830163406934415540734194134697248964484426794605029947867267213872939939805380765479630168419138435872832094208000000000000000000000)
(26, 26, 92, 1554801756830163406934415540734194134697248964484426794605029947867267213872939939805380765479630168419138435872832094208000000000000000000000)
(27, 27, 92, 1554801756830163406934415540734194134697248964484426794605029947867267213872939939805380765479630168419138435872832094208000000000000000000000)
(28, 28, 92, 1554801756830163406934415540734194134697248964484426794605029947867267213872939939805380765479630168419138435872832094208000000000000000000000)
(29, 29, 92, 1554801756830163406934415540734194134697248964484426794605029947867267213872939939805380765479630168419138435872832094208000000000000000000000)
(30, 30, 92, 1554801756830163406934415540734194134697248964484426794605029947867267213872939939805380765479630168419138435872832094208000000000000000000000)
(31, 31, 92, 1554801756830163406934415540734194134697248964484426794605029947867267213872939939805380765479630168419138435872832094208000000000000000000000)
(32, 32, 92, 1554801756830163406934415540734194134697248964484426794605029947867267213872939939805380765479630168419138435872832094208000000000000000000000)
(33, 33, 92, 1554801756830163406934415540734194134697248964484426794605029947867267213872939939805380765479630168419138435872832094208000000000000000000000)
(34, 34, 92, 1554801756830163406934415540734194134697248964484426794605029947867267213872939939805380765479630168419138435872832094208000000000000000000000)
(35, 35, 92, 1554801756830163406934415540734194134697248964484426794605029947867267213872939939805380765479630168419138435872832094208000000000000000000000)
(36, 36, 92, 1554801756830163406934415540734194134697248964484426794605029947867267213872939939805380765479630168419138435872832094208000000000000000000000)
(37, 37, 92, 1554801756830163406934415540734194134697248964484426794605029947867267213872939939805380765479630168419138435872832094208000000000000000000000)
(38, 38, 92, 1554801756830163406934415540734194134697248964484426794605029947867267213872939939805380765479630168419138435872832094208000000000000000000000)
(39, 39, 92, 1554801756830163406934415540734194134697248964484426794605029947867267213872939939805380765479630168419138435872832094208000000000000000000000)
(40, 40, 92, 1554801756830163406934415540734194134697248964484426794605029947867267213872939939805380765479630168419138435872832094208000000000000000000000)
(41, 41, 92, 1554801756830163406934415540734194134697248964484426794605029947867267213872939939805380765479630168419138435872832094208000000000000000000000)
(42, 42, 92, 1554801756830163406934415540734194134697248964484426794605029947867267213872939939805380765479630168419138435872832094208000000000000000000000)
(43, 43, 92, 1554801756830163406934415540734194134697248964484426794605029947867267213872939939805380765479630168419138435872832094208000000000000000000000)
(44, 44, 92, 1554801756830163406934415540734194134697248964484426794605029947867267213872939939805380765479630168419138435872832094208000000000000000000000)
(45, 45, 92, 1554801756830163406934415540734194134697248964484426794605029947867267213872939939805380765479630168419138435872832094208000000000000000000000)
(46, 46, 92, 1554801756830163406934415540734194134697248964484426794605029947867267213872939939805380765479630168419138435872832094208000000000000000000000)
(47, 47, 92, 518267252276721135644805180244731378232416321494808931535009982622422404624313313268460255159876722806379478624277364736000000000000000000000)
(48, 48, 92, 518267252276721135644805180244731378232416321494808931535009982622422404624313313268460255159876722806379478624277364736000000000000000000000)
(49, 49, 92, 518267252276721135644805180244731378232416321494808931535009982622422404624313313268460255159876722806379478624277364736000000000000000000000)
(50, 50, 92, 518267252276721135644805180244731378232416321494808931535009982622422404624313313268460255159876722806379478624277364736000000000000000000000)
(51, 51, 92, 518267252276721135644805180244731378232416321494808931535009982622422404624313313268460255159876722806379478624277364736000000000000000000000)
(52, 52, 92, 518267252276721135644805180244731378232416321494808931535009982622422404624313313268460255159876722806379478624277364736000000000000000000000)
(53, 53, 92, 518267252276721135644805180244731378232416321494808931535009982622422404624313313268460255159876722806379478624277364736000000000000000000000)
(54, 54, 92, 518267252276721135644805180244731378232416321494808931535009982622422404624313313268460255159876722806379478624277364736000000000000000000000)
(55, 55, 92, 518267252276721135644805180244731378232416321494808931535009982622422404624313313268460255159876722806379478624277364736000000000000000000000)
(56, 56, 92, 518267252276721135644805180244731378232416321494808931535009982622422404624313313268460255159876722806379478624277364736000000000000000000000)
(57, 57, 92, 518267252276721135644805180244731378232416321494808931535009982622422404624313313268460255159876722806379478624277364736000000000000000000000)
(58, 58, 92, 518267252276721135644805180244731378232416321494808931535009982622422404624313313268460255159876722806379478624277364736000000000000000000000)
(59, 59, 92, 518267252276721135644805180244731378232416321494808931535009982622422404624313313268460255159876722806379478624277364736000000000000000000000)
(60, 60, 92, 518267252276721135644805180244731378232416321494808931535009982622422404624313313268460255159876722806379478624277364736000000000000000000000)
(61, 61, 92, 1036534504553442271289610360489462756464832642989617863070019965244844809248626626536920510319753445612758957248554729472000000000000000000000)
(62, 62, 92, 259133626138360567822402590122365689116208160747404465767504991311211202312156656634230127579938361403189739312138682368000000000000000000000)
(63, 63, 92, 259133626138360567822402590122365689116208160747404465767504991311211202312156656634230127579938361403189739312138682368000000000000000000000)
(64, 64, 92, 259133626138360567822402590122365689116208160747404465767504991311211202312156656634230127579938361403189739312138682368000000000000000000000)
(65, 65, 92, 259133626138360567822402590122365689116208160747404465767504991311211202312156656634230127579938361403189739312138682368000000000000000000000)
(66, 66, 92, 259133626138360567822402590122365689116208160747404465767504991311211202312156656634230127579938361403189739312138682368000000000000000000000)
(67, 67, 92, 259133626138360567822402590122365689116208160747404465767504991311211202312156656634230127579938361403189739312138682368000000000000000000000)
(68, 68, 92, 259133626138360567822402590122365689116208160747404465767504991311211202312156656634230127579938361403189739312138682368000000000000000000000)
(69, 69, 92, 777400878415081703467207770367097067348624482242213397302514973933633606936469969902690382739815084209569217936416047104000000000000000000000)
(70, 70, 92, 155480175683016340693441554073419413469724896448442679460502994786726721387293993980538076547963016841913843587283209420800000000000000000000)
(71, 71, 92, 155480175683016340693441554073419413469724896448442679460502994786726721387293993980538076547963016841913843587283209420800000000000000000000)
(72, 72, 92, 155480175683016340693441554073419413469724896448442679460502994786726721387293993980538076547963016841913843587283209420800000000000000000000)
(73, 73, 92, 155480175683016340693441554073419413469724896448442679460502994786726721387293993980538076547963016841913843587283209420800000000000000000000)
(74, 74, 92, 103653450455344227128961036048946275646483264298961786307001996524484480924862662653692051031975344561275895724855472947200000000000000000000)
(75, 75, 92, 103653450455344227128961036048946275646483264298961786307001996524484480924862662653692051031975344561275895724855472947200000000000000000000)
(76, 76, 92, 103653450455344227128961036048946275646483264298961786307001996524484480924862662653692051031975344561275895724855472947200000000000000000000)
(77, 77, 92, 74038178896674447949257882892104482604630903070686990219287140374631772089187616181208607879982388972339925517753909248000000000000000000000)
(78, 78, 92, 74038178896674447949257882892104482604630903070686990219287140374631772089187616181208607879982388972339925517753909248000000000000000000000)
(79, 79, 92, 111057268345011671923886824338156723906946354606030485328930710561947658133781424271812911819973583458509888276630863872000000000000000000000)
(80, 80, 92, 55528634172505835961943412169078361953473177303015242664465355280973829066890712135906455909986791729254944138315431936000000000000000000000)
(81, 81, 92, 43188937689726761303733765020394281519368026791234077627917498551868533718692776105705021263323060233864956552023113728000000000000000000000)
(82, 82, 92, 34551150151781409042987012016315425215494421432987262102333998841494826974954220884564017010658448187091965241618490982400000000000000000000)
(83, 83, 92, 28269122851457516489716646195167166085404526626989578083727817233950312979507998905552377554175093971257062470415128985600000000000000000000)
(84, 84, 92, 23557602376214597074763871829305971737837105522491315069773181028291927482923332421293647961812578309380885392012607488000000000000000000000)
(85, 85, 92, 34171467183080514438119022873278991971368109109547841639670987865214664041163515160557819021530333371849196392809496576000000000000000000000)
(86, 86, 92, 12956681306918028391120129506118284455810408037370223288375249565560560115607832831711506378996918070159486965606934118400000000000000000000)
(87, 87, 92, 9092407934679318169207108425346164530393268798154542658508947063551270256566900232780004476489065312392622432004866048000000000000000000000)
(88, 88, 92, 135200152767840296255166568759495142147586866476906677791741734597153670771559994765685283954750449427751168336768008192000000000000000000000)
(89, 89, 92, 6687319384215756588965228132190082299773113825739470084322709453192547156442752429270454905288731907179090046764869222400000000000000000000)
(90, 90, 92, 67600076383920148127583284379747571073793433238453338895870867298576835385779997382842641977375224713875584168384004096000000000000000000000)
(91, 91, 92, 67600076383920148127583284379747571073793433238453338895870867298576835385779997382842641977375224713875584168384004096000000000000000000000)
(2, 2, 93, 144596563385205196844900645288280054526844153697051691898267785151655850890183414401900411189605605662979874536173384761344000000000000000000000)
(3, 3, 93, 144596563385205196844900645288280054526844153697051691898267785151655850890183414401900411189605605662979874536173384761344000000000000000000000)
(4, 4, 93, 144596563385205196844900645288280054526844153697051691898267785151655850890183414401900411189605605662979874536173384761344000000000000000000000)
(5, 5, 93, 144596563385205196844900645288280054526844153697051691898267785151655850890183414401900411189605605662979874536173384761344000000000000000000000)
(6, 6, 93, 144596563385205196844900645288280054526844153697051691898267785151655850890183414401900411189605605662979874536173384761344000000000000000000000)
(7, 7, 93, 144596563385205196844900645288280054526844153697051691898267785151655850890183414401900411189605605662979874536173384761344000000000000000000000)
(8, 8, 93, 144596563385205196844900645288280054526844153697051691898267785151655850890183414401900411189605605662979874536173384761344000000000000000000000)
(9, 9, 93, 144596563385205196844900645288280054526844153697051691898267785151655850890183414401900411189605605662979874536173384761344000000000000000000000)
(10, 10, 93, 144596563385205196844900645288280054526844153697051691898267785151655850890183414401900411189605605662979874536173384761344000000000000000000000)
(11, 11, 93, 144596563385205196844900645288280054526844153697051691898267785151655850890183414401900411189605605662979874536173384761344000000000000000000000)
(12, 12, 93, 144596563385205196844900645288280054526844153697051691898267785151655850890183414401900411189605605662979874536173384761344000000000000000000000)
(13, 13, 93, 144596563385205196844900645288280054526844153697051691898267785151655850890183414401900411189605605662979874536173384761344000000000000000000000)
(14, 14, 93, 144596563385205196844900645288280054526844153697051691898267785151655850890183414401900411189605605662979874536173384761344000000000000000000000)
(15, 15, 93, 144596563385205196844900645288280054526844153697051691898267785151655850890183414401900411189605605662979874536173384761344000000000000000000000)
(16, 16, 93, 144596563385205196844900645288280054526844153697051691898267785151655850890183414401900411189605605662979874536173384761344000000000000000000000)
(17, 17, 93, 144596563385205196844900645288280054526844153697051691898267785151655850890183414401900411189605605662979874536173384761344000000000000000000000)
(18, 18, 93, 144596563385205196844900645288280054526844153697051691898267785151655850890183414401900411189605605662979874536173384761344000000000000000000000)
(19, 19, 93, 144596563385205196844900645288280054526844153697051691898267785151655850890183414401900411189605605662979874536173384761344000000000000000000000)
(20, 20, 93, 144596563385205196844900645288280054526844153697051691898267785151655850890183414401900411189605605662979874536173384761344000000000000000000000)
(21, 21, 93, 144596563385205196844900645288280054526844153697051691898267785151655850890183414401900411189605605662979874536173384761344000000000000000000000)
(22, 22, 93, 144596563385205196844900645288280054526844153697051691898267785151655850890183414401900411189605605662979874536173384761344000000000000000000000)
(23, 23, 93, 144596563385205196844900645288280054526844153697051691898267785151655850890183414401900411189605605662979874536173384761344000000000000000000000)
(24, 24, 93, 144596563385205196844900645288280054526844153697051691898267785151655850890183414401900411189605605662979874536173384761344000000000000000000000)
(25, 25, 93, 144596563385205196844900645288280054526844153697051691898267785151655850890183414401900411189605605662979874536173384761344000000000000000000000)
(26, 26, 93, 144596563385205196844900645288280054526844153697051691898267785151655850890183414401900411189605605662979874536173384761344000000000000000000000)
(27, 27, 93, 144596563385205196844900645288280054526844153697051691898267785151655850890183414401900411189605605662979874536173384761344000000000000000000000)
(28, 28, 93, 144596563385205196844900645288280054526844153697051691898267785151655850890183414401900411189605605662979874536173384761344000000000000000000000)
(29, 29, 93, 144596563385205196844900645288280054526844153697051691898267785151655850890183414401900411189605605662979874536173384761344000000000000000000000)
(30, 30, 93, 144596563385205196844900645288280054526844153697051691898267785151655850890183414401900411189605605662979874536173384761344000000000000000000000)
(31, 31, 93, 144596563385205196844900645288280054526844153697051691898267785151655850890183414401900411189605605662979874536173384761344000000000000000000000)
(32, 32, 93, 144596563385205196844900645288280054526844153697051691898267785151655850890183414401900411189605605662979874536173384761344000000000000000000000)
(33, 33, 93, 144596563385205196844900645288280054526844153697051691898267785151655850890183414401900411189605605662979874536173384761344000000000000000000000)
(34, 34, 93, 144596563385205196844900645288280054526844153697051691898267785151655850890183414401900411189605605662979874536173384761344000000000000000000000)
(35, 35, 93, 144596563385205196844900645288280054526844153697051691898267785151655850890183414401900411189605605662979874536173384761344000000000000000000000)
(36, 36, 93, 144596563385205196844900645288280054526844153697051691898267785151655850890183414401900411189605605662979874536173384761344000000000000000000000)
(37, 37, 93, 144596563385205196844900645288280054526844153697051691898267785151655850890183414401900411189605605662979874536173384761344000000000000000000000)
(38, 38, 93, 144596563385205196844900645288280054526844153697051691898267785151655850890183414401900411189605605662979874536173384761344000000000000000000000)
(39, 39, 93, 144596563385205196844900645288280054526844153697051691898267785151655850890183414401900411189605605662979874536173384761344000000000000000000000)
(40, 40, 93, 144596563385205196844900645288280054526844153697051691898267785151655850890183414401900411189605605662979874536173384761344000000000000000000000)
(41, 41, 93, 144596563385205196844900645288280054526844153697051691898267785151655850890183414401900411189605605662979874536173384761344000000000000000000000)
(42, 42, 93, 144596563385205196844900645288280054526844153697051691898267785151655850890183414401900411189605605662979874536173384761344000000000000000000000)
(43, 43, 93, 144596563385205196844900645288280054526844153697051691898267785151655850890183414401900411189605605662979874536173384761344000000000000000000000)
(44, 44, 93, 144596563385205196844900645288280054526844153697051691898267785151655850890183414401900411189605605662979874536173384761344000000000000000000000)
(45, 45, 93, 144596563385205196844900645288280054526844153697051691898267785151655850890183414401900411189605605662979874536173384761344000000000000000000000)
(46, 46, 93, 144596563385205196844900645288280054526844153697051691898267785151655850890183414401900411189605605662979874536173384761344000000000000000000000)
(47, 47, 93, 48198854461735065614966881762760018175614717899017230632755928383885283630061138133966803729868535220993291512057794920448000000000000000000000)
(48, 48, 93, 48198854461735065614966881762760018175614717899017230632755928383885283630061138133966803729868535220993291512057794920448000000000000000000000)
(49, 49, 93, 48198854461735065614966881762760018175614717899017230632755928383885283630061138133966803729868535220993291512057794920448000000000000000000000)
(50, 50, 93, 48198854461735065614966881762760018175614717899017230632755928383885283630061138133966803729868535220993291512057794920448000000000000000000000)
(51, 51, 93, 48198854461735065614966881762760018175614717899017230632755928383885283630061138133966803729868535220993291512057794920448000000000000000000000)
(52, 52, 93, 48198854461735065614966881762760018175614717899017230632755928383885283630061138133966803729868535220993291512057794920448000000000000000000000)
(53, 53, 93, 48198854461735065614966881762760018175614717899017230632755928383885283630061138133966803729868535220993291512057794920448000000000000000000000)
(54, 54, 93, 48198854461735065614966881762760018175614717899017230632755928383885283630061138133966803729868535220993291512057794920448000000000000000000000)
(55, 55, 93, 48198854461735065614966881762760018175614717899017230632755928383885283630061138133966803729868535220993291512057794920448000000000000000000000)
(56, 56, 93, 48198854461735065614966881762760018175614717899017230632755928383885283630061138133966803729868535220993291512057794920448000000000000000000000)
(57, 57, 93, 48198854461735065614966881762760018175614717899017230632755928383885283630061138133966803729868535220993291512057794920448000000000000000000000)
(58, 58, 93, 48198854461735065614966881762760018175614717899017230632755928383885283630061138133966803729868535220993291512057794920448000000000000000000000)
(59, 59, 93, 48198854461735065614966881762760018175614717899017230632755928383885283630061138133966803729868535220993291512057794920448000000000000000000000)
(60, 60, 93, 48198854461735065614966881762760018175614717899017230632755928383885283630061138133966803729868535220993291512057794920448000000000000000000000)
(61, 61, 93, 48198854461735065614966881762760018175614717899017230632755928383885283630061138133966803729868535220993291512057794920448000000000000000000000)
(62, 62, 93, 96397708923470131229933763525520036351229435798034461265511856767770567260122276267933607459737070441986583024115589840896000000000000000000000)
(63, 63, 93, 24099427230867532807483440881380009087807358949508615316377964191942641815030569066983401864934267610496645756028897460224000000000000000000000)
(64, 64, 93, 24099427230867532807483440881380009087807358949508615316377964191942641815030569066983401864934267610496645756028897460224000000000000000000000)
(65, 65, 93, 24099427230867532807483440881380009087807358949508615316377964191942641815030569066983401864934267610496645756028897460224000000000000000000000)
(66, 66, 93, 24099427230867532807483440881380009087807358949508615316377964191942641815030569066983401864934267610496645756028897460224000000000000000000000)
(67, 67, 93, 24099427230867532807483440881380009087807358949508615316377964191942641815030569066983401864934267610496645756028897460224000000000000000000000)
(68, 68, 93, 24099427230867532807483440881380009087807358949508615316377964191942641815030569066983401864934267610496645756028897460224000000000000000000000)
(69, 69, 93, 24099427230867532807483440881380009087807358949508615316377964191942641815030569066983401864934267610496645756028897460224000000000000000000000)
(70, 70, 93, 14459656338520519684490064528828005452684415369705169189826778515165585089018341440190041118960560566297987453617338476134400000000000000000000)
(71, 71, 93, 14459656338520519684490064528828005452684415369705169189826778515165585089018341440190041118960560566297987453617338476134400000000000000000000)
(72, 72, 93, 14459656338520519684490064528828005452684415369705169189826778515165585089018341440190041118960560566297987453617338476134400000000000000000000)
(73, 73, 93, 14459656338520519684490064528828005452684415369705169189826778515165585089018341440190041118960560566297987453617338476134400000000000000000000)
(74, 74, 93, 14459656338520519684490064528828005452684415369705169189826778515165585089018341440190041118960560566297987453617338476134400000000000000000000)
(75, 75, 93, 9639770892347013122993376352552003635122943579803446126551185676777056726012227626793360745973707044198658302411558984089600000000000000000000)
(76, 76, 93, 9639770892347013122993376352552003635122943579803446126551185676777056726012227626793360745973707044198658302411558984089600000000000000000000)
(77, 77, 93, 9639770892347013122993376352552003635122943579803446126551185676777056726012227626793360745973707044198658302411558984089600000000000000000000)
(78, 78, 93, 6885550637390723659280983108965716882230673985573890090393704054840754804294448304852400532838362174427613073151113560064000000000000000000000)
(79, 79, 93, 6885550637390723659280983108965716882230673985573890090393704054840754804294448304852400532838362174427613073151113560064000000000000000000000)
(80, 80, 93, 5164162978043042744460737331724287661673005489180417567795278041130566103220836228639300399628771630820709804863335170048000000000000000000000)
(81, 81, 93, 5164162978043042744460737331724287661673005489180417567795278041130566103220836228639300399628771630820709804863335170048000000000000000000000)
(82, 82, 93, 4016571205144588801247240146896668181301226491584769219396327365323773635838428177830566977489044601749440959338149576704000000000000000000000)
(83, 83, 93, 3213256964115671040997792117517334545040981193267815375517061892259018908670742542264453581991235681399552767470519661363200000000000000000000)
(84, 84, 93, 2629028425185549033543648096150546445942620976310030761786687002757379107094243898216371112538283739326906809748606995660800000000000000000000)
(85, 85, 93, 2190857020987957527953040080125455371618850813591692301488905835631149255911869915180309260448569782772422341457172496384000000000000000000000)
(86, 86, 93, 1588973224013243921372534563607473126668617073593974636244700935732481877914103454965938584501160501790987632265641590784000000000000000000000)
(87, 87, 93, 1204971361543376640374172044069000454390367947475430765818898209597132090751528453349170093246713380524832287801444873011200000000000000000000)
(88, 88, 93, 845593937925176589736261083557193301326573998228372467241332076910268133860721721648540416313483074052513886176452542464000000000000000000000)
(89, 89, 93, 1047801183950762295977540907886087351643798215196026752885998443127940948479589959434060950649315983065071554609952063488000000000000000000000)
(90, 90, 93, 9328810540980980441606493244405164808183493786906560767630179687203603283237639638832284592877781010514830615236992565248000000000000000000000)
(91, 91, 93, 267523706540620160675116827545384004675012310262815341162382581224155135782022968366143221442378548867677843730200526848000000000000000000000)
(92, 92, 93, 6219207027320653627737662162936776538788995857937707178420119791469068855491759759221523061918520673676553743491328376832000000000000000000000)
(2, 2, 94, 13592076958209288503420660657098325125523350447522859038437171804255649983677240953778638651822926932320108206400298167566336000000000000000000000)
(3, 3, 94, 13592076958209288503420660657098325125523350447522859038437171804255649983677240953778638651822926932320108206400298167566336000000000000000000000)
(4, 4, 94, 13592076958209288503420660657098325125523350447522859038437171804255649983677240953778638651822926932320108206400298167566336000000000000000000000)
(5, 5, 94, 13592076958209288503420660657098325125523350447522859038437171804255649983677240953778638651822926932320108206400298167566336000000000000000000000)
(6, 6, 94, 13592076958209288503420660657098325125523350447522859038437171804255649983677240953778638651822926932320108206400298167566336000000000000000000000)
(7, 7, 94, 13592076958209288503420660657098325125523350447522859038437171804255649983677240953778638651822926932320108206400298167566336000000000000000000000)
(8, 8, 94, 13592076958209288503420660657098325125523350447522859038437171804255649983677240953778638651822926932320108206400298167566336000000000000000000000)
(9, 9, 94, 13592076958209288503420660657098325125523350447522859038437171804255649983677240953778638651822926932320108206400298167566336000000000000000000000)
(10, 10, 94, 13592076958209288503420660657098325125523350447522859038437171804255649983677240953778638651822926932320108206400298167566336000000000000000000000)
(11, 11, 94, 13592076958209288503420660657098325125523350447522859038437171804255649983677240953778638651822926932320108206400298167566336000000000000000000000)
(12, 12, 94, 13592076958209288503420660657098325125523350447522859038437171804255649983677240953778638651822926932320108206400298167566336000000000000000000000)
(13, 13, 94, 13592076958209288503420660657098325125523350447522859038437171804255649983677240953778638651822926932320108206400298167566336000000000000000000000)
(14, 14, 94, 13592076958209288503420660657098325125523350447522859038437171804255649983677240953778638651822926932320108206400298167566336000000000000000000000)
(15, 15, 94, 13592076958209288503420660657098325125523350447522859038437171804255649983677240953778638651822926932320108206400298167566336000000000000000000000)
(16, 16, 94, 13592076958209288503420660657098325125523350447522859038437171804255649983677240953778638651822926932320108206400298167566336000000000000000000000)
(17, 17, 94, 13592076958209288503420660657098325125523350447522859038437171804255649983677240953778638651822926932320108206400298167566336000000000000000000000)
(18, 18, 94, 13592076958209288503420660657098325125523350447522859038437171804255649983677240953778638651822926932320108206400298167566336000000000000000000000)
(19, 19, 94, 13592076958209288503420660657098325125523350447522859038437171804255649983677240953778638651822926932320108206400298167566336000000000000000000000)
(20, 20, 94, 13592076958209288503420660657098325125523350447522859038437171804255649983677240953778638651822926932320108206400298167566336000000000000000000000)
(21, 21, 94, 13592076958209288503420660657098325125523350447522859038437171804255649983677240953778638651822926932320108206400298167566336000000000000000000000)
(22, 22, 94, 13592076958209288503420660657098325125523350447522859038437171804255649983677240953778638651822926932320108206400298167566336000000000000000000000)
(23, 23, 94, 13592076958209288503420660657098325125523350447522859038437171804255649983677240953778638651822926932320108206400298167566336000000000000000000000)
(24, 24, 94, 13592076958209288503420660657098325125523350447522859038437171804255649983677240953778638651822926932320108206400298167566336000000000000000000000)
(25, 25, 94, 13592076958209288503420660657098325125523350447522859038437171804255649983677240953778638651822926932320108206400298167566336000000000000000000000)
(26, 26, 94, 13592076958209288503420660657098325125523350447522859038437171804255649983677240953778638651822926932320108206400298167566336000000000000000000000)
(27, 27, 94, 13592076958209288503420660657098325125523350447522859038437171804255649983677240953778638651822926932320108206400298167566336000000000000000000000)
(28, 28, 94, 13592076958209288503420660657098325125523350447522859038437171804255649983677240953778638651822926932320108206400298167566336000000000000000000000)
(29, 29, 94, 13592076958209288503420660657098325125523350447522859038437171804255649983677240953778638651822926932320108206400298167566336000000000000000000000)
(30, 30, 94, 13592076958209288503420660657098325125523350447522859038437171804255649983677240953778638651822926932320108206400298167566336000000000000000000000)
(31, 31, 94, 13592076958209288503420660657098325125523350447522859038437171804255649983677240953778638651822926932320108206400298167566336000000000000000000000)
(32, 32, 94, 13592076958209288503420660657098325125523350447522859038437171804255649983677240953778638651822926932320108206400298167566336000000000000000000000)
(33, 33, 94, 13592076958209288503420660657098325125523350447522859038437171804255649983677240953778638651822926932320108206400298167566336000000000000000000000)
(34, 34, 94, 13592076958209288503420660657098325125523350447522859038437171804255649983677240953778638651822926932320108206400298167566336000000000000000000000)
(35, 35, 94, 13592076958209288503420660657098325125523350447522859038437171804255649983677240953778638651822926932320108206400298167566336000000000000000000000)
(36, 36, 94, 13592076958209288503420660657098325125523350447522859038437171804255649983677240953778638651822926932320108206400298167566336000000000000000000000)
(37, 37, 94, 13592076958209288503420660657098325125523350447522859038437171804255649983677240953778638651822926932320108206400298167566336000000000000000000000)
(38, 38, 94, 13592076958209288503420660657098325125523350447522859038437171804255649983677240953778638651822926932320108206400298167566336000000000000000000000)
(39, 39, 94, 13592076958209288503420660657098325125523350447522859038437171804255649983677240953778638651822926932320108206400298167566336000000000000000000000)
(40, 40, 94, 13592076958209288503420660657098325125523350447522859038437171804255649983677240953778638651822926932320108206400298167566336000000000000000000000)
(41, 41, 94, 13592076958209288503420660657098325125523350447522859038437171804255649983677240953778638651822926932320108206400298167566336000000000000000000000)
(42, 42, 94, 13592076958209288503420660657098325125523350447522859038437171804255649983677240953778638651822926932320108206400298167566336000000000000000000000)
(43, 43, 94, 13592076958209288503420660657098325125523350447522859038437171804255649983677240953778638651822926932320108206400298167566336000000000000000000000)
(44, 44, 94, 13592076958209288503420660657098325125523350447522859038437171804255649983677240953778638651822926932320108206400298167566336000000000000000000000)
(45, 45, 94, 13592076958209288503420660657098325125523350447522859038437171804255649983677240953778638651822926932320108206400298167566336000000000000000000000)
(46, 46, 94, 13592076958209288503420660657098325125523350447522859038437171804255649983677240953778638651822926932320108206400298167566336000000000000000000000)
(47, 47, 94, 13592076958209288503420660657098325125523350447522859038437171804255649983677240953778638651822926932320108206400298167566336000000000000000000000)
(48, 48, 94, 4530692319403096167806886885699441708507783482507619679479057268085216661225746984592879550607642310773369402133432722522112000000000000000000000)
(49, 49, 94, 4530692319403096167806886885699441708507783482507619679479057268085216661225746984592879550607642310773369402133432722522112000000000000000000000)
(50, 50, 94, 4530692319403096167806886885699441708507783482507619679479057268085216661225746984592879550607642310773369402133432722522112000000000000000000000)
(51, 51, 94, 4530692319403096167806886885699441708507783482507619679479057268085216661225746984592879550607642310773369402133432722522112000000000000000000000)
(52, 52, 94, 4530692319403096167806886885699441708507783482507619679479057268085216661225746984592879550607642310773369402133432722522112000000000000000000000)
(53, 53, 94, 4530692319403096167806886885699441708507783482507619679479057268085216661225746984592879550607642310773369402133432722522112000000000000000000000)
(54, 54, 94, 4530692319403096167806886885699441708507783482507619679479057268085216661225746984592879550607642310773369402133432722522112000000000000000000000)
(55, 55, 94, 4530692319403096167806886885699441708507783482507619679479057268085216661225746984592879550607642310773369402133432722522112000000000000000000000)
(56, 56, 94, 4530692319403096167806886885699441708507783482507619679479057268085216661225746984592879550607642310773369402133432722522112000000000000000000000)
(57, 57, 94, 4530692319403096167806886885699441708507783482507619679479057268085216661225746984592879550607642310773369402133432722522112000000000000000000000)
(58, 58, 94, 4530692319403096167806886885699441708507783482507619679479057268085216661225746984592879550607642310773369402133432722522112000000000000000000000)
(59, 59, 94, 4530692319403096167806886885699441708507783482507619679479057268085216661225746984592879550607642310773369402133432722522112000000000000000000000)
(60, 60, 94, 4530692319403096167806886885699441708507783482507619679479057268085216661225746984592879550607642310773369402133432722522112000000000000000000000)
(61, 61, 94, 4530692319403096167806886885699441708507783482507619679479057268085216661225746984592879550607642310773369402133432722522112000000000000000000000)
(62, 62, 94, 4530692319403096167806886885699441708507783482507619679479057268085216661225746984592879550607642310773369402133432722522112000000000000000000000)
(63, 63, 94, 4530692319403096167806886885699441708507783482507619679479057268085216661225746984592879550607642310773369402133432722522112000000000000000000000)
(64, 64, 94, 2265346159701548083903443442849720854253891741253809839739528634042608330612873492296439775303821155386684701066716361261056000000000000000000000)
(65, 65, 94, 2265346159701548083903443442849720854253891741253809839739528634042608330612873492296439775303821155386684701066716361261056000000000000000000000)
(66, 66, 94, 2265346159701548083903443442849720854253891741253809839739528634042608330612873492296439775303821155386684701066716361261056000000000000000000000)
(67, 67, 94, 2265346159701548083903443442849720854253891741253809839739528634042608330612873492296439775303821155386684701066716361261056000000000000000000000)
(68, 68, 94, 2265346159701548083903443442849720854253891741253809839739528634042608330612873492296439775303821155386684701066716361261056000000000000000000000)
(69, 69, 94, 2265346159701548083903443442849720854253891741253809839739528634042608330612873492296439775303821155386684701066716361261056000000000000000000000)
(70, 70, 94, 2265346159701548083903443442849720854253891741253809839739528634042608330612873492296439775303821155386684701066716361261056000000000000000000000)
(71, 71, 94, 1359207695820928850342066065709832512552335044752285903843717180425564998367724095377863865182292693232010820640029816756633600000000000000000000)
(72, 72, 94, 1359207695820928850342066065709832512552335044752285903843717180425564998367724095377863865182292693232010820640029816756633600000000000000000000)
(73, 73, 94, 1359207695820928850342066065709832512552335044752285903843717180425564998367724095377863865182292693232010820640029816756633600000000000000000000)
(74, 74, 94, 1359207695820928850342066065709832512552335044752285903843717180425564998367724095377863865182292693232010820640029816756633600000000000000000000)
(75, 75, 94, 2718415391641857700684132131419665025104670089504571807687434360851129996735448190755727730364585386464021641280059633513267200000000000000000000)
(76, 76, 94, 906138463880619233561377377139888341701556696501523935895811453617043332245149396918575910121528462154673880426686544504422400000000000000000000)
(77, 77, 94, 906138463880619233561377377139888341701556696501523935895811453617043332245149396918575910121528462154673880426686544504422400000000000000000000)
(78, 78, 94, 906138463880619233561377377139888341701556696501523935895811453617043332245149396918575910121528462154673880426686544504422400000000000000000000)
(79, 79, 94, 647241759914728023972412412242777386929683354643945668497008181155030951603678140656125650086806044396195628876204674646016000000000000000000000)
(80, 80, 94, 647241759914728023972412412242777386929683354643945668497008181155030951603678140656125650086806044396195628876204674646016000000000000000000000)
(81, 81, 94, 485431319936046017979309309182083040197262515982959251372756135866273213702758605492094237565104533297146721657153505984512000000000000000000000)
(82, 82, 94, 485431319936046017979309309182083040197262515982959251372756135866273213702758605492094237565104533297146721657153505984512000000000000000000000)
(83, 83, 94, 377557693283591347317240573808286809042315290208968306623254772340434721768812248716073295883970192564447450177786060210176000000000000000000000)
(84, 84, 94, 302046154626873077853792459046629447233852232167174645298603817872347777415049798972858636707176154051557960142228848168140800000000000000000000)
(85, 85, 94, 247128671967441609153102921038151365918606371773142891607948578259193636066858926432338884578598671496729240116369057592115200000000000000000000)
(86, 86, 94, 205940559972868007627585767531792804932171976477619076339957148549328030055715772026949070482165559580607700096974214660096000000000000000000000)
(87, 87, 94, 149363483057244928609018248979102473906850004917833615807001887958853296523925724766798226943109087168352837432970309533696000000000000000000000)
(88, 88, 94, 113267307985077404195172172142486042712694587062690491986976431702130416530643674614821988765191057769334235053335818063052800000000000000000000)
(89, 89, 94, 158971660329933198870417083708752340649395911666934023841370430459130409165815683669925598266934817921872610601173077983232000000000000000000000)
(90, 90, 94, 49246655645685827910944422670646105527258516114213257385641926827013224578540728093400864680517851204058363066667746983936000000000000000000000)
(91, 91, 94, 54806761928263260094438147810880343248078025998076044509827305662321169289021132878139671983156963436774629864517331320832000000000000000000000)
(92, 92, 94, 578386253540820787379602581153120218107376614788206767593071140606623403560733657607601644758422422651919498144693539045376000000000000000000000)
(93, 93, 94, 578386253540820787379602581153120218107376614788206767593071140606623403560733657607601644758422422651919498144693539045376000000000000000000000)
(2, 2, 95, 1291247311029882407824962762424340886924718292514671608651531321404286748449337890608970671923178058570410279608028325918801920000000000000000000000)
(3, 3, 95, 1291247311029882407824962762424340886924718292514671608651531321404286748449337890608970671923178058570410279608028325918801920000000000000000000000)
(4, 4, 95, 1291247311029882407824962762424340886924718292514671608651531321404286748449337890608970671923178058570410279608028325918801920000000000000000000000)
(5, 5, 95, 1291247311029882407824962762424340886924718292514671608651531321404286748449337890608970671923178058570410279608028325918801920000000000000000000000)
(6, 6, 95, 1291247311029882407824962762424340886924718292514671608651531321404286748449337890608970671923178058570410279608028325918801920000000000000000000000)
(7, 7, 95, 1291247311029882407824962762424340886924718292514671608651531321404286748449337890608970671923178058570410279608028325918801920000000000000000000000)
(8, 8, 95, 1291247311029882407824962762424340886924718292514671608651531321404286748449337890608970671923178058570410279608028325918801920000000000000000000000)
(9, 9, 95, 1291247311029882407824962762424340886924718292514671608651531321404286748449337890608970671923178058570410279608028325918801920000000000000000000000)
(10, 10, 95, 1291247311029882407824962762424340886924718292514671608651531321404286748449337890608970671923178058570410279608028325918801920000000000000000000000)
(11, 11, 95, 1291247311029882407824962762424340886924718292514671608651531321404286748449337890608970671923178058570410279608028325918801920000000000000000000000)
(12, 12, 95, 1291247311029882407824962762424340886924718292514671608651531321404286748449337890608970671923178058570410279608028325918801920000000000000000000000)
(13, 13, 95, 1291247311029882407824962762424340886924718292514671608651531321404286748449337890608970671923178058570410279608028325918801920000000000000000000000)
(14, 14, 95, 1291247311029882407824962762424340886924718292514671608651531321404286748449337890608970671923178058570410279608028325918801920000000000000000000000)
(15, 15, 95, 1291247311029882407824962762424340886924718292514671608651531321404286748449337890608970671923178058570410279608028325918801920000000000000000000000)
(16, 16, 95, 1291247311029882407824962762424340886924718292514671608651531321404286748449337890608970671923178058570410279608028325918801920000000000000000000000)
(17, 17, 95, 1291247311029882407824962762424340886924718292514671608651531321404286748449337890608970671923178058570410279608028325918801920000000000000000000000)
(18, 18, 95, 1291247311029882407824962762424340886924718292514671608651531321404286748449337890608970671923178058570410279608028325918801920000000000000000000000)
(19, 19, 95, 1291247311029882407824962762424340886924718292514671608651531321404286748449337890608970671923178058570410279608028325918801920000000000000000000000)
(20, 20, 95, 1291247311029882407824962762424340886924718292514671608651531321404286748449337890608970671923178058570410279608028325918801920000000000000000000000)
(21, 21, 95, 1291247311029882407824962762424340886924718292514671608651531321404286748449337890608970671923178058570410279608028325918801920000000000000000000000)
(22, 22, 95, 1291247311029882407824962762424340886924718292514671608651531321404286748449337890608970671923178058570410279608028325918801920000000000000000000000)
(23, 23, 95, 1291247311029882407824962762424340886924718292514671608651531321404286748449337890608970671923178058570410279608028325918801920000000000000000000000)
(24, 24, 95, 1291247311029882407824962762424340886924718292514671608651531321404286748449337890608970671923178058570410279608028325918801920000000000000000000000)
(25, 25, 95, 1291247311029882407824962762424340886924718292514671608651531321404286748449337890608970671923178058570410279608028325918801920000000000000000000000)
(26, 26, 95, 1291247311029882407824962762424340886924718292514671608651531321404286748449337890608970671923178058570410279608028325918801920000000000000000000000)
(27, 27, 95, 1291247311029882407824962762424340886924718292514671608651531321404286748449337890608970671923178058570410279608028325918801920000000000000000000000)
(28, 28, 95, 1291247311029882407824962762424340886924718292514671608651531321404286748449337890608970671923178058570410279608028325918801920000000000000000000000)
(29, 29, 95, 1291247311029882407824962762424340886924718292514671608651531321404286748449337890608970671923178058570410279608028325918801920000000000000000000000)
(30, 30, 95, 1291247311029882407824962762424340886924718292514671608651531321404286748449337890608970671923178058570410279608028325918801920000000000000000000000)
(31, 31, 95, 1291247311029882407824962762424340886924718292514671608651531321404286748449337890608970671923178058570410279608028325918801920000000000000000000000)
(32, 32, 95, 1291247311029882407824962762424340886924718292514671608651531321404286748449337890608970671923178058570410279608028325918801920000000000000000000000)
(33, 33, 95, 1291247311029882407824962762424340886924718292514671608651531321404286748449337890608970671923178058570410279608028325918801920000000000000000000000)
(34, 34, 95, 1291247311029882407824962762424340886924718292514671608651531321404286748449337890608970671923178058570410279608028325918801920000000000000000000000)
(35, 35, 95, 1291247311029882407824962762424340886924718292514671608651531321404286748449337890608970671923178058570410279608028325918801920000000000000000000000)
(36, 36, 95, 1291247311029882407824962762424340886924718292514671608651531321404286748449337890608970671923178058570410279608028325918801920000000000000000000000)
(37, 37, 95, 1291247311029882407824962762424340886924718292514671608651531321404286748449337890608970671923178058570410279608028325918801920000000000000000000000)
(38, 38, 95, 1291247311029882407824962762424340886924718292514671608651531321404286748449337890608970671923178058570410279608028325918801920000000000000000000000)
(39, 39, 95, 1291247311029882407824962762424340886924718292514671608651531321404286748449337890608970671923178058570410279608028325918801920000000000000000000000)
(40, 40, 95, 1291247311029882407824962762424340886924718292514671608651531321404286748449337890608970671923178058570410279608028325918801920000000000000000000000)
(41, 41, 95, 1291247311029882407824962762424340886924718292514671608651531321404286748449337890608970671923178058570410279608028325918801920000000000000000000000)
(42, 42, 95, 1291247311029882407824962762424340886924718292514671608651531321404286748449337890608970671923178058570410279608028325918801920000000000000000000000)
(43, 43, 95, 1291247311029882407824962762424340886924718292514671608651531321404286748449337890608970671923178058570410279608028325918801920000000000000000000000)
(44, 44, 95, 1291247311029882407824962762424340886924718292514671608651531321404286748449337890608970671923178058570410279608028325918801920000000000000000000000)
(45, 45, 95, 1291247311029882407824962762424340886924718292514671608651531321404286748449337890608970671923178058570410279608028325918801920000000000000000000000)
(46, 46, 95, 1291247311029882407824962762424340886924718292514671608651531321404286748449337890608970671923178058570410279608028325918801920000000000000000000000)
(47, 47, 95, 1291247311029882407824962762424340886924718292514671608651531321404286748449337890608970671923178058570410279608028325918801920000000000000000000000)
(48, 48, 95, 430415770343294135941654254141446962308239430838223869550510440468095582816445963536323557307726019523470093202676108639600640000000000000000000000)
(49, 49, 95, 430415770343294135941654254141446962308239430838223869550510440468095582816445963536323557307726019523470093202676108639600640000000000000000000000)
(50, 50, 95, 430415770343294135941654254141446962308239430838223869550510440468095582816445963536323557307726019523470093202676108639600640000000000000000000000)
(51, 51, 95, 430415770343294135941654254141446962308239430838223869550510440468095582816445963536323557307726019523470093202676108639600640000000000000000000000)
(52, 52, 95, 430415770343294135941654254141446962308239430838223869550510440468095582816445963536323557307726019523470093202676108639600640000000000000000000000)
(53, 53, 95, 430415770343294135941654254141446962308239430838223869550510440468095582816445963536323557307726019523470093202676108639600640000000000000000000000)
(54, 54, 95, 430415770343294135941654254141446962308239430838223869550510440468095582816445963536323557307726019523470093202676108639600640000000000000000000000)
(55, 55, 95, 430415770343294135941654254141446962308239430838223869550510440468095582816445963536323557307726019523470093202676108639600640000000000000000000000)
(56, 56, 95, 430415770343294135941654254141446962308239430838223869550510440468095582816445963536323557307726019523470093202676108639600640000000000000000000000)
(57, 57, 95, 430415770343294135941654254141446962308239430838223869550510440468095582816445963536323557307726019523470093202676108639600640000000000000000000000)
(58, 58, 95, 430415770343294135941654254141446962308239430838223869550510440468095582816445963536323557307726019523470093202676108639600640000000000000000000000)
(59, 59, 95, 430415770343294135941654254141446962308239430838223869550510440468095582816445963536323557307726019523470093202676108639600640000000000000000000000)
(60, 60, 95, 430415770343294135941654254141446962308239430838223869550510440468095582816445963536323557307726019523470093202676108639600640000000000000000000000)
(61, 61, 95, 430415770343294135941654254141446962308239430838223869550510440468095582816445963536323557307726019523470093202676108639600640000000000000000000000)
(62, 62, 95, 430415770343294135941654254141446962308239430838223869550510440468095582816445963536323557307726019523470093202676108639600640000000000000000000000)
(63, 63, 95, 860831540686588271883308508282893924616478861676447739101020880936191165632891927072647114615452039046940186405352217279201280000000000000000000000)
(64, 64, 95, 215207885171647067970827127070723481154119715419111934775255220234047791408222981768161778653863009761735046601338054319800320000000000000000000000)
(65, 65, 95, 215207885171647067970827127070723481154119715419111934775255220234047791408222981768161778653863009761735046601338054319800320000000000000000000000)
(66, 66, 95, 215207885171647067970827127070723481154119715419111934775255220234047791408222981768161778653863009761735046601338054319800320000000000000000000000)
(67, 67, 95, 215207885171647067970827127070723481154119715419111934775255220234047791408222981768161778653863009761735046601338054319800320000000000000000000000)
(68, 68, 95, 215207885171647067970827127070723481154119715419111934775255220234047791408222981768161778653863009761735046601338054319800320000000000000000000000)
(69, 69, 95, 215207885171647067970827127070723481154119715419111934775255220234047791408222981768161778653863009761735046601338054319800320000000000000000000000)
(70, 70, 95, 215207885171647067970827127070723481154119715419111934775255220234047791408222981768161778653863009761735046601338054319800320000000000000000000000)
(71, 71, 95, 215207885171647067970827127070723481154119715419111934775255220234047791408222981768161778653863009761735046601338054319800320000000000000000000000)
(72, 72, 95, 129124731102988240782496276242434088692471829251467160865153132140428674844933789060897067192317805857041027960802832591880192000000000000000000000)
(73, 73, 95, 129124731102988240782496276242434088692471829251467160865153132140428674844933789060897067192317805857041027960802832591880192000000000000000000000)
(74, 74, 95, 129124731102988240782496276242434088692471829251467160865153132140428674844933789060897067192317805857041027960802832591880192000000000000000000000)
(75, 75, 95, 129124731102988240782496276242434088692471829251467160865153132140428674844933789060897067192317805857041027960802832591880192000000000000000000000)
(76, 76, 95, 516498924411952963129985104969736354769887317005868643460612528561714699379735156243588268769271223428164111843211330367520768000000000000000000000)
(77, 77, 95, 86083154068658827188330850828289392461647886167644773910102088093619116563289192707264711461545203904694018640535221727920128000000000000000000000)
(78, 78, 95, 86083154068658827188330850828289392461647886167644773910102088093619116563289192707264711461545203904694018640535221727920128000000000000000000000)
(79, 79, 95, 86083154068658827188330850828289392461647886167644773910102088093619116563289192707264711461545203904694018640535221727920128000000000000000000000)
(80, 80, 95, 61487967191899162277379179163063851758319918691174838507215777209727940402349423362331936758246574217638584743239444091371520000000000000000000000)
(81, 81, 95, 61487967191899162277379179163063851758319918691174838507215777209727940402349423362331936758246574217638584743239444091371520000000000000000000000)
(82, 82, 95, 46115975393924371708034384372297888818739939018381128880411832907295955301762067521748952568684930663228938557429583068528640000000000000000000000)
(83, 83, 95, 46115975393924371708034384372297888818739939018381128880411832907295955301762067521748952568684930663228938557429583068528640000000000000000000000)
(84, 84, 95, 35867980861941177995137854511787246859019952569851989129209203372341298568037163628026963108977168293622507766889675719966720000000000000000000000)
(85, 85, 95, 28694384689552942396110283609429797487215962055881591303367362697873038854429730902421570487181734634898006213511740575973376000000000000000000000)
(86, 86, 95, 23477223836906952869544777498624379762267605318448574702755114934623395426351598011072194034966873792189277811055060471250944000000000000000000000)
(87, 87, 95, 19564353197422460724620647915520316468556337765373812252295929112186162855292998342560161695805728160157731509212550392709120000000000000000000000)
(88, 88, 95, 14189530890438268217856733653014735021150750467194193501665179356091063169772943852845831559595363280993519556132179405701120000000000000000000000)
(89, 89, 95, 10760394258582353398541356353536174057705985770955596738762761011702389570411149088408088932693150488086752330066902715990016000000000000000000000)
(90, 90, 95, 135920769582092885034206606570983251255233504475228590384371718042556499836772409537786386518229269323201082064002981675663360000000000000000000000)
(91, 91, 95, 4678432286340153651539720153711380025089559030850259451635983048566256334961369168873082144649195864385544491333435963473920000000000000000000000)
(92, 92, 95, 2603321191592504854485812021016816304283706234908612114216797018960255541228503811711634419199955763246794918564573237739520000000000000000000000)
(93, 93, 95, 2289445586932415616710926883731100863341699100203318455055906598234550972427904061363423177168755422997181346822745258721280000000000000000000000)
(94, 94, 95, 54368307832837154013682642628393300502093401790091436153748687217022599934708963815114554607291707729280432825601192670265344000000000000000000000)
(2, 2, 96, 123959741858868711151196425192736725144772956081408474430547006854811527851136437498461184504625093622759386842370719288204984320000000000000000000000)
(3, 3, 96, 123959741858868711151196425192736725144772956081408474430547006854811527851136437498461184504625093622759386842370719288204984320000000000000000000000)
(4, 4, 96, 123959741858868711151196425192736725144772956081408474430547006854811527851136437498461184504625093622759386842370719288204984320000000000000000000000)
(5, 5, 96, 123959741858868711151196425192736725144772956081408474430547006854811527851136437498461184504625093622759386842370719288204984320000000000000000000000)
(6, 6, 96, 123959741858868711151196425192736725144772956081408474430547006854811527851136437498461184504625093622759386842370719288204984320000000000000000000000)
(7, 7, 96, 123959741858868711151196425192736725144772956081408474430547006854811527851136437498461184504625093622759386842370719288204984320000000000000000000000)
(8, 8, 96, 123959741858868711151196425192736725144772956081408474430547006854811527851136437498461184504625093622759386842370719288204984320000000000000000000000)
(9, 9, 96, 123959741858868711151196425192736725144772956081408474430547006854811527851136437498461184504625093622759386842370719288204984320000000000000000000000)
(10, 10, 96, 123959741858868711151196425192736725144772956081408474430547006854811527851136437498461184504625093622759386842370719288204984320000000000000000000000)
(11, 11, 96, 123959741858868711151196425192736725144772956081408474430547006854811527851136437498461184504625093622759386842370719288204984320000000000000000000000)
(12, 12, 96, 123959741858868711151196425192736725144772956081408474430547006854811527851136437498461184504625093622759386842370719288204984320000000000000000000000)
(13, 13, 96, 123959741858868711151196425192736725144772956081408474430547006854811527851136437498461184504625093622759386842370719288204984320000000000000000000000)
(14, 14, 96, 123959741858868711151196425192736725144772956081408474430547006854811527851136437498461184504625093622759386842370719288204984320000000000000000000000)
(15, 15, 96, 123959741858868711151196425192736725144772956081408474430547006854811527851136437498461184504625093622759386842370719288204984320000000000000000000000)
(16, 16, 96, 123959741858868711151196425192736725144772956081408474430547006854811527851136437498461184504625093622759386842370719288204984320000000000000000000000)
(17, 17, 96, 123959741858868711151196425192736725144772956081408474430547006854811527851136437498461184504625093622759386842370719288204984320000000000000000000000)
(18, 18, 96, 123959741858868711151196425192736725144772956081408474430547006854811527851136437498461184504625093622759386842370719288204984320000000000000000000000)
(19, 19, 96, 123959741858868711151196425192736725144772956081408474430547006854811527851136437498461184504625093622759386842370719288204984320000000000000000000000)
(20, 20, 96, 123959741858868711151196425192736725144772956081408474430547006854811527851136437498461184504625093622759386842370719288204984320000000000000000000000)
(21, 21, 96, 123959741858868711151196425192736725144772956081408474430547006854811527851136437498461184504625093622759386842370719288204984320000000000000000000000)
(22, 22, 96, 123959741858868711151196425192736725144772956081408474430547006854811527851136437498461184504625093622759386842370719288204984320000000000000000000000)
(23, 23, 96, 123959741858868711151196425192736725144772956081408474430547006854811527851136437498461184504625093622759386842370719288204984320000000000000000000000)
(24, 24, 96, 123959741858868711151196425192736725144772956081408474430547006854811527851136437498461184504625093622759386842370719288204984320000000000000000000000)
(25, 25, 96, 123959741858868711151196425192736725144772956081408474430547006854811527851136437498461184504625093622759386842370719288204984320000000000000000000000)
(26, 26, 96, 123959741858868711151196425192736725144772956081408474430547006854811527851136437498461184504625093622759386842370719288204984320000000000000000000000)
(27, 27, 96, 123959741858868711151196425192736725144772956081408474430547006854811527851136437498461184504625093622759386842370719288204984320000000000000000000000)
(28, 28, 96, 123959741858868711151196425192736725144772956081408474430547006854811527851136437498461184504625093622759386842370719288204984320000000000000000000000)
(29, 29, 96, 123959741858868711151196425192736725144772956081408474430547006854811527851136437498461184504625093622759386842370719288204984320000000000000000000000)
(30, 30, 96, 123959741858868711151196425192736725144772956081408474430547006854811527851136437498461184504625093622759386842370719288204984320000000000000000000000)
(31, 31, 96, 123959741858868711151196425192736725144772956081408474430547006854811527851136437498461184504625093622759386842370719288204984320000000000000000000000)
(32, 32, 96, 123959741858868711151196425192736725144772956081408474430547006854811527851136437498461184504625093622759386842370719288204984320000000000000000000000)
(33, 33, 96, 123959741858868711151196425192736725144772956081408474430547006854811527851136437498461184504625093622759386842370719288204984320000000000000000000000)
(34, 34, 96, 123959741858868711151196425192736725144772956081408474430547006854811527851136437498461184504625093622759386842370719288204984320000000000000000000000)
(35, 35, 96, 123959741858868711151196425192736725144772956081408474430547006854811527851136437498461184504625093622759386842370719288204984320000000000000000000000)
(36, 36, 96, 123959741858868711151196425192736725144772956081408474430547006854811527851136437498461184504625093622759386842370719288204984320000000000000000000000)
(37, 37, 96, 123959741858868711151196425192736725144772956081408474430547006854811527851136437498461184504625093622759386842370719288204984320000000000000000000000)
(38, 38, 96, 123959741858868711151196425192736725144772956081408474430547006854811527851136437498461184504625093622759386842370719288204984320000000000000000000000)
(39, 39, 96, 123959741858868711151196425192736725144772956081408474430547006854811527851136437498461184504625093622759386842370719288204984320000000000000000000000)
(40, 40, 96, 123959741858868711151196425192736725144772956081408474430547006854811527851136437498461184504625093622759386842370719288204984320000000000000000000000)
(41, 41, 96, 123959741858868711151196425192736725144772956081408474430547006854811527851136437498461184504625093622759386842370719288204984320000000000000000000000)
(42, 42, 96, 123959741858868711151196425192736725144772956081408474430547006854811527851136437498461184504625093622759386842370719288204984320000000000000000000000)
(43, 43, 96, 123959741858868711151196425192736725144772956081408474430547006854811527851136437498461184504625093622759386842370719288204984320000000000000000000000)
(44, 44, 96, 123959741858868711151196425192736725144772956081408474430547006854811527851136437498461184504625093622759386842370719288204984320000000000000000000000)
(45, 45, 96, 123959741858868711151196425192736725144772956081408474430547006854811527851136437498461184504625093622759386842370719288204984320000000000000000000000)
(46, 46, 96, 123959741858868711151196425192736725144772956081408474430547006854811527851136437498461184504625093622759386842370719288204984320000000000000000000000)
(47, 47, 96, 123959741858868711151196425192736725144772956081408474430547006854811527851136437498461184504625093622759386842370719288204984320000000000000000000000)
(48, 48, 96, 123959741858868711151196425192736725144772956081408474430547006854811527851136437498461184504625093622759386842370719288204984320000000000000000000000)
(49, 49, 96, 41319913952956237050398808397578908381590985360469491476849002284937175950378812499487061501541697874253128947456906429401661440000000000000000000000)
(50, 50, 96, 41319913952956237050398808397578908381590985360469491476849002284937175950378812499487061501541697874253128947456906429401661440000000000000000000000)
(51, 51, 96, 41319913952956237050398808397578908381590985360469491476849002284937175950378812499487061501541697874253128947456906429401661440000000000000000000000)
(52, 52, 96, 41319913952956237050398808397578908381590985360469491476849002284937175950378812499487061501541697874253128947456906429401661440000000000000000000000)
(53, 53, 96, 41319913952956237050398808397578908381590985360469491476849002284937175950378812499487061501541697874253128947456906429401661440000000000000000000000)
(54, 54, 96, 41319913952956237050398808397578908381590985360469491476849002284937175950378812499487061501541697874253128947456906429401661440000000000000000000000)
(55, 55, 96, 41319913952956237050398808397578908381590985360469491476849002284937175950378812499487061501541697874253128947456906429401661440000000000000000000000)
(56, 56, 96, 41319913952956237050398808397578908381590985360469491476849002284937175950378812499487061501541697874253128947456906429401661440000000000000000000000)
(57, 57, 96, 41319913952956237050398808397578908381590985360469491476849002284937175950378812499487061501541697874253128947456906429401661440000000000000000000000)
(58, 58, 96, 41319913952956237050398808397578908381590985360469491476849002284937175950378812499487061501541697874253128947456906429401661440000000000000000000000)
(59, 59, 96, 41319913952956237050398808397578908381590985360469491476849002284937175950378812499487061501541697874253128947456906429401661440000000000000000000000)
(60, 60, 96, 41319913952956237050398808397578908381590985360469491476849002284937175950378812499487061501541697874253128947456906429401661440000000000000000000000)
(61, 61, 96, 41319913952956237050398808397578908381590985360469491476849002284937175950378812499487061501541697874253128947456906429401661440000000000000000000000)
(62, 62, 96, 41319913952956237050398808397578908381590985360469491476849002284937175950378812499487061501541697874253128947456906429401661440000000000000000000000)
(63, 63, 96, 41319913952956237050398808397578908381590985360469491476849002284937175950378812499487061501541697874253128947456906429401661440000000000000000000000)
(64, 64, 96, 82639827905912474100797616795157816763181970720938982953698004569874351900757624998974123003083395748506257894913812858803322880000000000000000000000)
(65, 65, 96, 20659956976478118525199404198789454190795492680234745738424501142468587975189406249743530750770848937126564473728453214700830720000000000000000000000)
(66, 66, 96, 20659956976478118525199404198789454190795492680234745738424501142468587975189406249743530750770848937126564473728453214700830720000000000000000000000)
(67, 67, 96, 20659956976478118525199404198789454190795492680234745738424501142468587975189406249743530750770848937126564473728453214700830720000000000000000000000)
(68, 68, 96, 20659956976478118525199404198789454190795492680234745738424501142468587975189406249743530750770848937126564473728453214700830720000000000000000000000)
(69, 69, 96, 20659956976478118525199404198789454190795492680234745738424501142468587975189406249743530750770848937126564473728453214700830720000000000000000000000)
(70, 70, 96, 20659956976478118525199404198789454190795492680234745738424501142468587975189406249743530750770848937126564473728453214700830720000000000000000000000)
(71, 71, 96, 20659956976478118525199404198789454190795492680234745738424501142468587975189406249743530750770848937126564473728453214700830720000000000000000000000)
(72, 72, 96, 61979870929434355575598212596368362572386478040704237215273503427405763925568218749230592252312546811379693421185359644102492160000000000000000000000)
(73, 73, 96, 12395974185886871115119642519273672514477295608140847443054700685481152785113643749846118450462509362275938684237071928820498432000000000000000000000)
(74, 74, 96, 12395974185886871115119642519273672514477295608140847443054700685481152785113643749846118450462509362275938684237071928820498432000000000000000000000)
(75, 75, 96, 12395974185886871115119642519273672514477295608140847443054700685481152785113643749846118450462509362275938684237071928820498432000000000000000000000)
(76, 76, 96, 12395974185886871115119642519273672514477295608140847443054700685481152785113643749846118450462509362275938684237071928820498432000000000000000000000)
(77, 77, 96, 16527965581182494820159523359031563352636394144187796590739600913974870380151524999794824600616679149701251578982762571760664576000000000000000000000)
(78, 78, 96, 8263982790591247410079761679515781676318197072093898295369800456987435190075762499897412300308339574850625789491381285880332288000000000000000000000)
(79, 79, 96, 8263982790591247410079761679515781676318197072093898295369800456987435190075762499897412300308339574850625789491381285880332288000000000000000000000)
(80, 80, 96, 41319913952956237050398808397578908381590985360469491476849002284937175950378812499487061501541697874253128947456906429401661440000000000000000000000)
(81, 81, 96, 5902844850422319578628401199654129768798712194352784496692714612133882278625544642783865928791671124893304135350986632771665920000000000000000000000)
(82, 82, 96, 5902844850422319578628401199654129768798712194352784496692714612133882278625544642783865928791671124893304135350986632771665920000000000000000000000)
(83, 83, 96, 4427133637816739683971300899740597326599034145764588372519535959100411708969158482087899446593753343669978101513239974578749440000000000000000000000)
(84, 84, 96, 30989935464717177787799106298184181286193239020352118607636751713702881962784109374615296126156273405689846710592679822051246080000000000000000000000)
(85, 85, 96, 3443326162746353087533234033131575698465915446705790956404083523744764662531567708290588458461808156187760745621408869116805120000000000000000000000)
(86, 86, 96, 2754660930197082470026587226505260558772732357364632765123266818995811730025254166632470766769446524950208596497127095293444096000000000000000000000)
(87, 87, 96, 2253813488343067475476298639867940457177690110571063171464491033723845960929753409062930627356819884050170669861285805240090624000000000000000000000)
(88, 88, 96, 20659956976478118525199404198789454190795492680234745738424501142468587975189406249743530750770848937126564473728453214700830720000000000000000000000)
(89, 89, 96, 1362194965482073748914246430689414562030472044850642576159857218184742064298202609873199829721154874975377877388689222947307520000000000000000000000)
(90, 90, 96, 15494967732358588893899553149092090643096619510176059303818375856851440981392054687307648063078136702844923355296339911025623040000000000000000000000)
(91, 91, 96, 1304839387988091696328383423081439212050241642962194467689968493208542398433015131562749310575000985502730387814428624086368256000000000000000000000)
(92, 92, 96, 10329978488239059262599702099394727095397746340117372869212250571234293987594703124871765375385424468563282236864226607350415360000000000000000000000)
(93, 93, 96, 7747483866179294446949776574546045321548309755088029651909187928425720490696027343653824031539068351422461677648169955512811520000000000000000000000)
(94, 94, 96, 5164989244119529631299851049697363547698873170058686434606125285617146993797351562435882687692712234281641118432113303675207680000000000000000000000)
(95, 95, 96, 5164989244119529631299851049697363547698873170058686434606125285617146993797351562435882687692712234281641118432113303675207680000000000000000000000)
(2, 2, 97, 12024094960310264981666053243695462339042976739896622019763059664916718201560234437350734896948634081407660523709959770955883479040000000000000000000000)
(3, 3, 97, 12024094960310264981666053243695462339042976739896622019763059664916718201560234437350734896948634081407660523709959770955883479040000000000000000000000)
(4, 4, 97, 12024094960310264981666053243695462339042976739896622019763059664916718201560234437350734896948634081407660523709959770955883479040000000000000000000000)
(5, 5, 97, 12024094960310264981666053243695462339042976739896622019763059664916718201560234437350734896948634081407660523709959770955883479040000000000000000000000)
(6, 6, 97, 12024094960310264981666053243695462339042976739896622019763059664916718201560234437350734896948634081407660523709959770955883479040000000000000000000000)
(7, 7, 97, 12024094960310264981666053243695462339042976739896622019763059664916718201560234437350734896948634081407660523709959770955883479040000000000000000000000)
(8, 8, 97, 12024094960310264981666053243695462339042976739896622019763059664916718201560234437350734896948634081407660523709959770955883479040000000000000000000000)
(9, 9, 97, 12024094960310264981666053243695462339042976739896622019763059664916718201560234437350734896948634081407660523709959770955883479040000000000000000000000)
(10, 10, 97, 12024094960310264981666053243695462339042976739896622019763059664916718201560234437350734896948634081407660523709959770955883479040000000000000000000000)
(11, 11, 97, 12024094960310264981666053243695462339042976739896622019763059664916718201560234437350734896948634081407660523709959770955883479040000000000000000000000)
(12, 12, 97, 12024094960310264981666053243695462339042976739896622019763059664916718201560234437350734896948634081407660523709959770955883479040000000000000000000000)
(13, 13, 97, 12024094960310264981666053243695462339042976739896622019763059664916718201560234437350734896948634081407660523709959770955883479040000000000000000000000)
(14, 14, 97, 12024094960310264981666053243695462339042976739896622019763059664916718201560234437350734896948634081407660523709959770955883479040000000000000000000000)
(15, 15, 97, 12024094960310264981666053243695462339042976739896622019763059664916718201560234437350734896948634081407660523709959770955883479040000000000000000000000)
(16, 16, 97, 12024094960310264981666053243695462339042976739896622019763059664916718201560234437350734896948634081407660523709959770955883479040000000000000000000000)
(17, 17, 97, 12024094960310264981666053243695462339042976739896622019763059664916718201560234437350734896948634081407660523709959770955883479040000000000000000000000)
(18, 18, 97, 12024094960310264981666053243695462339042976739896622019763059664916718201560234437350734896948634081407660523709959770955883479040000000000000000000000)
(19, 19, 97, 12024094960310264981666053243695462339042976739896622019763059664916718201560234437350734896948634081407660523709959770955883479040000000000000000000000)
(20, 20, 97, 12024094960310264981666053243695462339042976739896622019763059664916718201560234437350734896948634081407660523709959770955883479040000000000000000000000)
(21, 21, 97, 12024094960310264981666053243695462339042976739896622019763059664916718201560234437350734896948634081407660523709959770955883479040000000000000000000000)
(22, 22, 97, 12024094960310264981666053243695462339042976739896622019763059664916718201560234437350734896948634081407660523709959770955883479040000000000000000000000)
(23, 23, 97, 12024094960310264981666053243695462339042976739896622019763059664916718201560234437350734896948634081407660523709959770955883479040000000000000000000000)
(24, 24, 97, 12024094960310264981666053243695462339042976739896622019763059664916718201560234437350734896948634081407660523709959770955883479040000000000000000000000)
(25, 25, 97, 12024094960310264981666053243695462339042976739896622019763059664916718201560234437350734896948634081407660523709959770955883479040000000000000000000000)
(26, 26, 97, 12024094960310264981666053243695462339042976739896622019763059664916718201560234437350734896948634081407660523709959770955883479040000000000000000000000)
(27, 27, 97, 12024094960310264981666053243695462339042976739896622019763059664916718201560234437350734896948634081407660523709959770955883479040000000000000000000000)
(28, 28, 97, 12024094960310264981666053243695462339042976739896622019763059664916718201560234437350734896948634081407660523709959770955883479040000000000000000000000)
(29, 29, 97, 12024094960310264981666053243695462339042976739896622019763059664916718201560234437350734896948634081407660523709959770955883479040000000000000000000000)
(30, 30, 97, 12024094960310264981666053243695462339042976739896622019763059664916718201560234437350734896948634081407660523709959770955883479040000000000000000000000)
(31, 31, 97, 12024094960310264981666053243695462339042976739896622019763059664916718201560234437350734896948634081407660523709959770955883479040000000000000000000000)
(32, 32, 97, 12024094960310264981666053243695462339042976739896622019763059664916718201560234437350734896948634081407660523709959770955883479040000000000000000000000)
(33, 33, 97, 12024094960310264981666053243695462339042976739896622019763059664916718201560234437350734896948634081407660523709959770955883479040000000000000000000000)
(34, 34, 97, 12024094960310264981666053243695462339042976739896622019763059664916718201560234437350734896948634081407660523709959770955883479040000000000000000000000)
(35, 35, 97, 12024094960310264981666053243695462339042976739896622019763059664916718201560234437350734896948634081407660523709959770955883479040000000000000000000000)
(36, 36, 97, 12024094960310264981666053243695462339042976739896622019763059664916718201560234437350734896948634081407660523709959770955883479040000000000000000000000)
(37, 37, 97, 12024094960310264981666053243695462339042976739896622019763059664916718201560234437350734896948634081407660523709959770955883479040000000000000000000000)
(38, 38, 97, 12024094960310264981666053243695462339042976739896622019763059664916718201560234437350734896948634081407660523709959770955883479040000000000000000000000)
(39, 39, 97, 12024094960310264981666053243695462339042976739896622019763059664916718201560234437350734896948634081407660523709959770955883479040000000000000000000000)
(40, 40, 97, 12024094960310264981666053243695462339042976739896622019763059664916718201560234437350734896948634081407660523709959770955883479040000000000000000000000)
(41, 41, 97, 12024094960310264981666053243695462339042976739896622019763059664916718201560234437350734896948634081407660523709959770955883479040000000000000000000000)
(42, 42, 97, 12024094960310264981666053243695462339042976739896622019763059664916718201560234437350734896948634081407660523709959770955883479040000000000000000000000)
(43, 43, 97, 12024094960310264981666053243695462339042976739896622019763059664916718201560234437350734896948634081407660523709959770955883479040000000000000000000000)
(44, 44, 97, 12024094960310264981666053243695462339042976739896622019763059664916718201560234437350734896948634081407660523709959770955883479040000000000000000000000)
(45, 45, 97, 12024094960310264981666053243695462339042976739896622019763059664916718201560234437350734896948634081407660523709959770955883479040000000000000000000000)
(46, 46, 97, 12024094960310264981666053243695462339042976739896622019763059664916718201560234437350734896948634081407660523709959770955883479040000000000000000000000)
(47, 47, 97, 12024094960310264981666053243695462339042976739896622019763059664916718201560234437350734896948634081407660523709959770955883479040000000000000000000000)
(48, 48, 97, 12024094960310264981666053243695462339042976739896622019763059664916718201560234437350734896948634081407660523709959770955883479040000000000000000000000)
(49, 49, 97, 4008031653436754993888684414565154113014325579965540673254353221638906067186744812450244965649544693802553507903319923651961159680000000000000000000000)
(50, 50, 97, 4008031653436754993888684414565154113014325579965540673254353221638906067186744812450244965649544693802553507903319923651961159680000000000000000000000)
(51, 51, 97, 4008031653436754993888684414565154113014325579965540673254353221638906067186744812450244965649544693802553507903319923651961159680000000000000000000000)
(52, 52, 97, 4008031653436754993888684414565154113014325579965540673254353221638906067186744812450244965649544693802553507903319923651961159680000000000000000000000)
(53, 53, 97, 4008031653436754993888684414565154113014325579965540673254353221638906067186744812450244965649544693802553507903319923651961159680000000000000000000000)
(54, 54, 97, 4008031653436754993888684414565154113014325579965540673254353221638906067186744812450244965649544693802553507903319923651961159680000000000000000000000)
(55, 55, 97, 4008031653436754993888684414565154113014325579965540673254353221638906067186744812450244965649544693802553507903319923651961159680000000000000000000000)
(56, 56, 97, 4008031653436754993888684414565154113014325579965540673254353221638906067186744812450244965649544693802553507903319923651961159680000000000000000000000)
(57, 57, 97, 4008031653436754993888684414565154113014325579965540673254353221638906067186744812450244965649544693802553507903319923651961159680000000000000000000000)
(58, 58, 97, 4008031653436754993888684414565154113014325579965540673254353221638906067186744812450244965649544693802553507903319923651961159680000000000000000000000)
(59, 59, 97, 4008031653436754993888684414565154113014325579965540673254353221638906067186744812450244965649544693802553507903319923651961159680000000000000000000000)
(60, 60, 97, 4008031653436754993888684414565154113014325579965540673254353221638906067186744812450244965649544693802553507903319923651961159680000000000000000000000)
(61, 61, 97, 4008031653436754993888684414565154113014325579965540673254353221638906067186744812450244965649544693802553507903319923651961159680000000000000000000000)
(62, 62, 97, 4008031653436754993888684414565154113014325579965540673254353221638906067186744812450244965649544693802553507903319923651961159680000000000000000000000)
(63, 63, 97, 4008031653436754993888684414565154113014325579965540673254353221638906067186744812450244965649544693802553507903319923651961159680000000000000000000000)
(64, 64, 97, 4008031653436754993888684414565154113014325579965540673254353221638906067186744812450244965649544693802553507903319923651961159680000000000000000000000)
(65, 65, 97, 4008031653436754993888684414565154113014325579965540673254353221638906067186744812450244965649544693802553507903319923651961159680000000000000000000000)
(66, 66, 97, 2004015826718377496944342207282577056507162789982770336627176610819453033593372406225122482824772346901276753951659961825980579840000000000000000000000)
(67, 67, 97, 2004015826718377496944342207282577056507162789982770336627176610819453033593372406225122482824772346901276753951659961825980579840000000000000000000000)
(68, 68, 97, 2004015826718377496944342207282577056507162789982770336627176610819453033593372406225122482824772346901276753951659961825980579840000000000000000000000)
(69, 69, 97, 2004015826718377496944342207282577056507162789982770336627176610819453033593372406225122482824772346901276753951659961825980579840000000000000000000000)
(70, 70, 97, 2004015826718377496944342207282577056507162789982770336627176610819453033593372406225122482824772346901276753951659961825980579840000000000000000000000)
(71, 71, 97, 2004015826718377496944342207282577056507162789982770336627176610819453033593372406225122482824772346901276753951659961825980579840000000000000000000000)
(72, 72, 97, 2004015826718377496944342207282577056507162789982770336627176610819453033593372406225122482824772346901276753951659961825980579840000000000000000000000)
(73, 73, 97, 1202409496031026498166605324369546233904297673989662201976305966491671820156023443735073489694863408140766052370995977095588347904000000000000000000000)
(74, 74, 97, 1202409496031026498166605324369546233904297673989662201976305966491671820156023443735073489694863408140766052370995977095588347904000000000000000000000)
(75, 75, 97, 1202409496031026498166605324369546233904297673989662201976305966491671820156023443735073489694863408140766052370995977095588347904000000000000000000000)
(76, 76, 97, 1202409496031026498166605324369546233904297673989662201976305966491671820156023443735073489694863408140766052370995977095588347904000000000000000000000)
(77, 77, 97, 1202409496031026498166605324369546233904297673989662201976305966491671820156023443735073489694863408140766052370995977095588347904000000000000000000000)
(78, 78, 97, 801606330687350998777736882913030822602865115993108134650870644327781213437348962490048993129908938760510701580663984730392231936000000000000000000000)
(79, 79, 97, 801606330687350998777736882913030822602865115993108134650870644327781213437348962490048993129908938760510701580663984730392231936000000000000000000000)
(80, 80, 97, 801606330687350998777736882913030822602865115993108134650870644327781213437348962490048993129908938760510701580663984730392231936000000000000000000000)
(81, 81, 97, 572575950490964999126954916366450587573475082852220096179193317376986581026677830350034995092792099114650501129045703378851594240000000000000000000000)
(82, 82, 97, 572575950490964999126954916366450587573475082852220096179193317376986581026677830350034995092792099114650501129045703378851594240000000000000000000000)
(83, 83, 97, 1145151900981929998253909832732901175146950165704440192358386634753973162053355660700069990185584198229301002258091406757703188480000000000000000000000)
(84, 84, 97, 429431962868223749345216187274837940680106312139165072134394988032739935770008372762526246319594074335987875846784277534138695680000000000000000000000)
(85, 85, 97, 334002637786396249490723701213762842751193798330461722771196101803242172265562067704187080470795391150212792325276660304330096640000000000000000000000)
(86, 86, 97, 334002637786396249490723701213762842751193798330461722771196101803242172265562067704187080470795391150212792325276660304330096640000000000000000000000)
(87, 87, 97, 267202110229116999592578960971010274200955038664369378216956881442593737812449654163349664376636312920170233860221328243464077312000000000000000000000)
(88, 88, 97, 218619908369277545121200968067190224346235940725393127632055630271213058210186080679104270853611528752866554976544723108288790528000000000000000000000)
(89, 89, 97, 154155063593721345918795554406352081269781753075597718202090508524573310276413262017317114063444026684713596457819997063536967680000000000000000000000)
(90, 90, 97, 132132911651761153644681903776873212516955788350512329887506150163919980236925653157700383482952022872611654106702854625888829440000000000000000000000)
(91, 91, 97, 88412462943457830747544509144819576022374828969828103086493085771446457364413488509931874242269368245644562674337939492322672640000000000000000000000)
(92, 92, 97, 63284710317422447271926596019449801784436719683666431682963471920614306324001233880793341562887547796882423808999788268188860416000000000000000000000)
(93, 93, 97, 40080316534367549938886844145651541130143255799655406732543532216389060671867448124502449656495446938025535079033199236519611596800000000000000000000)
(94, 94, 97, 22772907121799744283458434173665648369399577158895117461672461486584693563561050070740028213917867578423599476723408657113415680000000000000000000000)
(95, 95, 97, 20449141088963035683105532727373235270481252959007860577828332763463806465238493941072678396171146396951803611751632263530414080000000000000000000000)
(96, 96, 97, 495838967435474844604785700770946900579091824325633897722188027419246111404545749993844738018500374491037547369482877152819937280000000000000000000000)
(2, 2, 98, 1178361306110405968203273217882155309226211720509868957936779847161838383752902974860372019900966139977950731323576057553676580945920000000000000000000000)
(3, 3, 98, 1178361306110405968203273217882155309226211720509868957936779847161838383752902974860372019900966139977950731323576057553676580945920000000000000000000000)
(4, 4, 98, 1178361306110405968203273217882155309226211720509868957936779847161838383752902974860372019900966139977950731323576057553676580945920000000000000000000000)
(5, 5, 98, 1178361306110405968203273217882155309226211720509868957936779847161838383752902974860372019900966139977950731323576057553676580945920000000000000000000000)
(6, 6, 98, 1178361306110405968203273217882155309226211720509868957936779847161838383752902974860372019900966139977950731323576057553676580945920000000000000000000000)
(7, 7, 98, 1178361306110405968203273217882155309226211720509868957936779847161838383752902974860372019900966139977950731323576057553676580945920000000000000000000000)
(8, 8, 98, 1178361306110405968203273217882155309226211720509868957936779847161838383752902974860372019900966139977950731323576057553676580945920000000000000000000000)
(9, 9, 98, 1178361306110405968203273217882155309226211720509868957936779847161838383752902974860372019900966139977950731323576057553676580945920000000000000000000000)
(10, 10, 98, 1178361306110405968203273217882155309226211720509868957936779847161838383752902974860372019900966139977950731323576057553676580945920000000000000000000000)
(11, 11, 98, 1178361306110405968203273217882155309226211720509868957936779847161838383752902974860372019900966139977950731323576057553676580945920000000000000000000000)
(12, 12, 98, 1178361306110405968203273217882155309226211720509868957936779847161838383752902974860372019900966139977950731323576057553676580945920000000000000000000000)
(13, 13, 98, 1178361306110405968203273217882155309226211720509868957936779847161838383752902974860372019900966139977950731323576057553676580945920000000000000000000000)
(14, 14, 98, 1178361306110405968203273217882155309226211720509868957936779847161838383752902974860372019900966139977950731323576057553676580945920000000000000000000000)
(15, 15, 98, 1178361306110405968203273217882155309226211720509868957936779847161838383752902974860372019900966139977950731323576057553676580945920000000000000000000000)
(16, 16, 98, 1178361306110405968203273217882155309226211720509868957936779847161838383752902974860372019900966139977950731323576057553676580945920000000000000000000000)
(17, 17, 98, 1178361306110405968203273217882155309226211720509868957936779847161838383752902974860372019900966139977950731323576057553676580945920000000000000000000000)
(18, 18, 98, 1178361306110405968203273217882155309226211720509868957936779847161838383752902974860372019900966139977950731323576057553676580945920000000000000000000000)
(19, 19, 98, 1178361306110405968203273217882155309226211720509868957936779847161838383752902974860372019900966139977950731323576057553676580945920000000000000000000000)
(20, 20, 98, 1178361306110405968203273217882155309226211720509868957936779847161838383752902974860372019900966139977950731323576057553676580945920000000000000000000000)
(21, 21, 98, 1178361306110405968203273217882155309226211720509868957936779847161838383752902974860372019900966139977950731323576057553676580945920000000000000000000000)
(22, 22, 98, 1178361306110405968203273217882155309226211720509868957936779847161838383752902974860372019900966139977950731323576057553676580945920000000000000000000000)
(23, 23, 98, 1178361306110405968203273217882155309226211720509868957936779847161838383752902974860372019900966139977950731323576057553676580945920000000000000000000000)
(24, 24, 98, 1178361306110405968203273217882155309226211720509868957936779847161838383752902974860372019900966139977950731323576057553676580945920000000000000000000000)
(25, 25, 98, 1178361306110405968203273217882155309226211720509868957936779847161838383752902974860372019900966139977950731323576057553676580945920000000000000000000000)
(26, 26, 98, 1178361306110405968203273217882155309226211720509868957936779847161838383752902974860372019900966139977950731323576057553676580945920000000000000000000000)
(27, 27, 98, 1178361306110405968203273217882155309226211720509868957936779847161838383752902974860372019900966139977950731323576057553676580945920000000000000000000000)
(28, 28, 98, 1178361306110405968203273217882155309226211720509868957936779847161838383752902974860372019900966139977950731323576057553676580945920000000000000000000000)
(29, 29, 98, 1178361306110405968203273217882155309226211720509868957936779847161838383752902974860372019900966139977950731323576057553676580945920000000000000000000000)
(30, 30, 98, 1178361306110405968203273217882155309226211720509868957936779847161838383752902974860372019900966139977950731323576057553676580945920000000000000000000000)
(31, 31, 98, 1178361306110405968203273217882155309226211720509868957936779847161838383752902974860372019900966139977950731323576057553676580945920000000000000000000000)
(32, 32, 98, 1178361306110405968203273217882155309226211720509868957936779847161838383752902974860372019900966139977950731323576057553676580945920000000000000000000000)
(33, 33, 98, 1178361306110405968203273217882155309226211720509868957936779847161838383752902974860372019900966139977950731323576057553676580945920000000000000000000000)
(34, 34, 98, 1178361306110405968203273217882155309226211720509868957936779847161838383752902974860372019900966139977950731323576057553676580945920000000000000000000000)
(35, 35, 98, 1178361306110405968203273217882155309226211720509868957936779847161838383752902974860372019900966139977950731323576057553676580945920000000000000000000000)
(36, 36, 98, 1178361306110405968203273217882155309226211720509868957936779847161838383752902974860372019900966139977950731323576057553676580945920000000000000000000000)
(37, 37, 98, 1178361306110405968203273217882155309226211720509868957936779847161838383752902974860372019900966139977950731323576057553676580945920000000000000000000000)
(38, 38, 98, 1178361306110405968203273217882155309226211720509868957936779847161838383752902974860372019900966139977950731323576057553676580945920000000000000000000000)
(39, 39, 98, 1178361306110405968203273217882155309226211720509868957936779847161838383752902974860372019900966139977950731323576057553676580945920000000000000000000000)
(40, 40, 98, 1178361306110405968203273217882155309226211720509868957936779847161838383752902974860372019900966139977950731323576057553676580945920000000000000000000000)
(41, 41, 98, 1178361306110405968203273217882155309226211720509868957936779847161838383752902974860372019900966139977950731323576057553676580945920000000000000000000000)
(42, 42, 98, 1178361306110405968203273217882155309226211720509868957936779847161838383752902974860372019900966139977950731323576057553676580945920000000000000000000000)
(43, 43, 98, 1178361306110405968203273217882155309226211720509868957936779847161838383752902974860372019900966139977950731323576057553676580945920000000000000000000000)
(44, 44, 98, 1178361306110405968203273217882155309226211720509868957936779847161838383752902974860372019900966139977950731323576057553676580945920000000000000000000000)
(45, 45, 98, 1178361306110405968203273217882155309226211720509868957936779847161838383752902974860372019900966139977950731323576057553676580945920000000000000000000000)
(46, 46, 98, 1178361306110405968203273217882155309226211720509868957936779847161838383752902974860372019900966139977950731323576057553676580945920000000000000000000000)
(47, 47, 98, 1178361306110405968203273217882155309226211720509868957936779847161838383752902974860372019900966139977950731323576057553676580945920000000000000000000000)
(48, 48, 98, 1178361306110405968203273217882155309226211720509868957936779847161838383752902974860372019900966139977950731323576057553676580945920000000000000000000000)
(49, 49, 98, 1178361306110405968203273217882155309226211720509868957936779847161838383752902974860372019900966139977950731323576057553676580945920000000000000000000000)
(50, 50, 98, 392787102036801989401091072627385103075403906836622985978926615720612794584300991620124006633655379992650243774525352517892193648640000000000000000000000)
(51, 51, 98, 392787102036801989401091072627385103075403906836622985978926615720612794584300991620124006633655379992650243774525352517892193648640000000000000000000000)
(52, 52, 98, 392787102036801989401091072627385103075403906836622985978926615720612794584300991620124006633655379992650243774525352517892193648640000000000000000000000)
(53, 53, 98, 392787102036801989401091072627385103075403906836622985978926615720612794584300991620124006633655379992650243774525352517892193648640000000000000000000000)
(54, 54, 98, 392787102036801989401091072627385103075403906836622985978926615720612794584300991620124006633655379992650243774525352517892193648640000000000000000000000)
(55, 55, 98, 392787102036801989401091072627385103075403906836622985978926615720612794584300991620124006633655379992650243774525352517892193648640000000000000000000000)
(56, 56, 98, 392787102036801989401091072627385103075403906836622985978926615720612794584300991620124006633655379992650243774525352517892193648640000000000000000000000)
(57, 57, 98, 392787102036801989401091072627385103075403906836622985978926615720612794584300991620124006633655379992650243774525352517892193648640000000000000000000000)
(58, 58, 98, 392787102036801989401091072627385103075403906836622985978926615720612794584300991620124006633655379992650243774525352517892193648640000000000000000000000)
(59, 59, 98, 392787102036801989401091072627385103075403906836622985978926615720612794584300991620124006633655379992650243774525352517892193648640000000000000000000000)
(60, 60, 98, 392787102036801989401091072627385103075403906836622985978926615720612794584300991620124006633655379992650243774525352517892193648640000000000000000000000)
(61, 61, 98, 392787102036801989401091072627385103075403906836622985978926615720612794584300991620124006633655379992650243774525352517892193648640000000000000000000000)
(62, 62, 98, 392787102036801989401091072627385103075403906836622985978926615720612794584300991620124006633655379992650243774525352517892193648640000000000000000000000)
(63, 63, 98, 392787102036801989401091072627385103075403906836622985978926615720612794584300991620124006633655379992650243774525352517892193648640000000000000000000000)
(64, 64, 98, 392787102036801989401091072627385103075403906836622985978926615720612794584300991620124006633655379992650243774525352517892193648640000000000000000000000)
(65, 65, 98, 785574204073603978802182145254770206150807813673245971957853231441225589168601983240248013267310759985300487549050705035784387297280000000000000000000000)
(66, 66, 98, 196393551018400994700545536313692551537701953418311492989463307860306397292150495810062003316827689996325121887262676258946096824320000000000000000000000)
(67, 67, 98, 196393551018400994700545536313692551537701953418311492989463307860306397292150495810062003316827689996325121887262676258946096824320000000000000000000000)
(68, 68, 98, 196393551018400994700545536313692551537701953418311492989463307860306397292150495810062003316827689996325121887262676258946096824320000000000000000000000)
(69, 69, 98, 196393551018400994700545536313692551537701953418311492989463307860306397292150495810062003316827689996325121887262676258946096824320000000000000000000000)
(70, 70, 98, 196393551018400994700545536313692551537701953418311492989463307860306397292150495810062003316827689996325121887262676258946096824320000000000000000000000)
(71, 71, 98, 196393551018400994700545536313692551537701953418311492989463307860306397292150495810062003316827689996325121887262676258946096824320000000000000000000000)
(72, 72, 98, 196393551018400994700545536313692551537701953418311492989463307860306397292150495810062003316827689996325121887262676258946096824320000000000000000000000)
(73, 73, 98, 196393551018400994700545536313692551537701953418311492989463307860306397292150495810062003316827689996325121887262676258946096824320000000000000000000000)
(74, 74, 98, 117836130611040596820327321788215530922621172050986895793677984716183838375290297486037201990096613997795073132357605755367658094592000000000000000000000)
(75, 75, 98, 117836130611040596820327321788215530922621172050986895793677984716183838375290297486037201990096613997795073132357605755367658094592000000000000000000000)
(76, 76, 98, 117836130611040596820327321788215530922621172050986895793677984716183838375290297486037201990096613997795073132357605755367658094592000000000000000000000)
(77, 77, 98, 117836130611040596820327321788215530922621172050986895793677984716183838375290297486037201990096613997795073132357605755367658094592000000000000000000000)
(78, 78, 98, 117836130611040596820327321788215530922621172050986895793677984716183838375290297486037201990096613997795073132357605755367658094592000000000000000000000)
(79, 79, 98, 78557420407360397880218214525477020615080781367324597195785323144122558916860198324024801326731075998530048754905070503578438729728000000000000000000000)
(80, 80, 98, 78557420407360397880218214525477020615080781367324597195785323144122558916860198324024801326731075998530048754905070503578438729728000000000000000000000)
(81, 81, 98, 78557420407360397880218214525477020615080781367324597195785323144122558916860198324024801326731075998530048754905070503578438729728000000000000000000000)
(82, 82, 98, 56112443148114569914441581803912157582200558119517569425560945102944684940614427374303429519093625713235749110646478931127456235520000000000000000000000)
(83, 83, 98, 56112443148114569914441581803912157582200558119517569425560945102944684940614427374303429519093625713235749110646478931127456235520000000000000000000000)
(84, 84, 98, 336674658888687419486649490823472945493203348717105416553365670617668109643686564245820577114561754279414494663878873586764737413120000000000000000000000)
(85, 85, 98, 42084332361085927435831186352934118186650418589638177069170708827208513705460820530727572139320219284926811832984859198345592176640000000000000000000000)
(86, 86, 98, 32732258503066832450090922718948758589616992236385248831577217976717732882025082635010333886137948332720853647877112709824349470720000000000000000000000)
(87, 87, 98, 65464517006133664900181845437897517179233984472770497663154435953435465764050165270020667772275896665441707295754225419648698941440000000000000000000000)
(88, 88, 98, 26185806802453465960072738175159006871693593789108199065261774381374186305620066108008267108910358666176682918301690167859479576576000000000000000000000)
(89, 89, 98, 42849502040378398843755389741169283971862244382177053015882903533157759409196471813104437087307859635561844775402765729224602943488000000000000000000000)
(90, 90, 98, 15107196232184691900041964331822503964438611801408576383804869835408184407088499677697077178217514615101932452866359712226622832640000000000000000000000)
(91, 91, 98, 168337329444343709743324745411736472746601674358552708276682835308834054821843282122910288557280877139707247331939436793382368706560000000000000000000000)
(92, 92, 98, 8664421368458867413259361896192318450192733239043154102476322405601752821712521873973323675742398088073167142085118070247621918720000000000000000000000)
(93, 93, 98, 6201901611107399832648806409906080574874798528999310304930420248220202019752120920317747473162979684094477533281979250282508320768000000000000000000000)
(94, 94, 98, 3927871020368019894010910726273851030754039068366229859789266157206127945843009916201240066336553799926502437745253525178921936486400000000000000000000)
(95, 95, 98, 4463489795872749879557853098038467080402317123143443022487802451370599938457965813865045529927902045371025497437788096794229473280000000000000000000000)
(96, 96, 98, 48096379841241059926664212974781849356171906959586488079052238659666872806240937749402939587794536325630642094839839083823533916160000000000000000000000)
(97, 97, 98, 48096379841241059926664212974781849356171906959586488079052238659666872806240937749402939587794536325630642094839839083823533916160000000000000000000000)
(2, 2, 99, 116657769304930190852124048570333375613394960330477026835741204869021999991537394511176829970195647857817122401034029697813981513646080000000000000000000000)
(3, 3, 99, 116657769304930190852124048570333375613394960330477026835741204869021999991537394511176829970195647857817122401034029697813981513646080000000000000000000000)
(4, 4, 99, 116657769304930190852124048570333375613394960330477026835741204869021999991537394511176829970195647857817122401034029697813981513646080000000000000000000000)
(5, 5, 99, 116657769304930190852124048570333375613394960330477026835741204869021999991537394511176829970195647857817122401034029697813981513646080000000000000000000000)
(6, 6, 99, 116657769304930190852124048570333375613394960330477026835741204869021999991537394511176829970195647857817122401034029697813981513646080000000000000000000000)
(7, 7, 99, 116657769304930190852124048570333375613394960330477026835741204869021999991537394511176829970195647857817122401034029697813981513646080000000000000000000000)
(8, 8, 99, 116657769304930190852124048570333375613394960330477026835741204869021999991537394511176829970195647857817122401034029697813981513646080000000000000000000000)
(9, 9, 99, 116657769304930190852124048570333375613394960330477026835741204869021999991537394511176829970195647857817122401034029697813981513646080000000000000000000000)
(10, 10, 99, 116657769304930190852124048570333375613394960330477026835741204869021999991537394511176829970195647857817122401034029697813981513646080000000000000000000000)
(11, 11, 99, 116657769304930190852124048570333375613394960330477026835741204869021999991537394511176829970195647857817122401034029697813981513646080000000000000000000000)
(12, 12, 99, 116657769304930190852124048570333375613394960330477026835741204869021999991537394511176829970195647857817122401034029697813981513646080000000000000000000000)
(13, 13, 99, 116657769304930190852124048570333375613394960330477026835741204869021999991537394511176829970195647857817122401034029697813981513646080000000000000000000000)
(14, 14, 99, 116657769304930190852124048570333375613394960330477026835741204869021999991537394511176829970195647857817122401034029697813981513646080000000000000000000000)
(15, 15, 99, 116657769304930190852124048570333375613394960330477026835741204869021999991537394511176829970195647857817122401034029697813981513646080000000000000000000000)
(16, 16, 99, 116657769304930190852124048570333375613394960330477026835741204869021999991537394511176829970195647857817122401034029697813981513646080000000000000000000000)
(17, 17, 99, 116657769304930190852124048570333375613394960330477026835741204869021999991537394511176829970195647857817122401034029697813981513646080000000000000000000000)
(18, 18, 99, 116657769304930190852124048570333375613394960330477026835741204869021999991537394511176829970195647857817122401034029697813981513646080000000000000000000000)
(19, 19, 99, 116657769304930190852124048570333375613394960330477026835741204869021999991537394511176829970195647857817122401034029697813981513646080000000000000000000000)
(20, 20, 99, 116657769304930190852124048570333375613394960330477026835741204869021999991537394511176829970195647857817122401034029697813981513646080000000000000000000000)
(21, 21, 99, 116657769304930190852124048570333375613394960330477026835741204869021999991537394511176829970195647857817122401034029697813981513646080000000000000000000000)
(22, 22, 99, 116657769304930190852124048570333375613394960330477026835741204869021999991537394511176829970195647857817122401034029697813981513646080000000000000000000000)
(23, 23, 99, 116657769304930190852124048570333375613394960330477026835741204869021999991537394511176829970195647857817122401034029697813981513646080000000000000000000000)
(24, 24, 99, 116657769304930190852124048570333375613394960330477026835741204869021999991537394511176829970195647857817122401034029697813981513646080000000000000000000000)
(25, 25, 99, 116657769304930190852124048570333375613394960330477026835741204869021999991537394511176829970195647857817122401034029697813981513646080000000000000000000000)
(26, 26, 99, 116657769304930190852124048570333375613394960330477026835741204869021999991537394511176829970195647857817122401034029697813981513646080000000000000000000000)
(27, 27, 99, 116657769304930190852124048570333375613394960330477026835741204869021999991537394511176829970195647857817122401034029697813981513646080000000000000000000000)
(28, 28, 99, 116657769304930190852124048570333375613394960330477026835741204869021999991537394511176829970195647857817122401034029697813981513646080000000000000000000000)
(29, 29, 99, 116657769304930190852124048570333375613394960330477026835741204869021999991537394511176829970195647857817122401034029697813981513646080000000000000000000000)
(30, 30, 99, 116657769304930190852124048570333375613394960330477026835741204869021999991537394511176829970195647857817122401034029697813981513646080000000000000000000000)
(31, 31, 99, 116657769304930190852124048570333375613394960330477026835741204869021999991537394511176829970195647857817122401034029697813981513646080000000000000000000000)
(32, 32, 99, 116657769304930190852124048570333375613394960330477026835741204869021999991537394511176829970195647857817122401034029697813981513646080000000000000000000000)
(33, 33, 99, 116657769304930190852124048570333375613394960330477026835741204869021999991537394511176829970195647857817122401034029697813981513646080000000000000000000000)
(34, 34, 99, 116657769304930190852124048570333375613394960330477026835741204869021999991537394511176829970195647857817122401034029697813981513646080000000000000000000000)
(35, 35, 99, 116657769304930190852124048570333375613394960330477026835741204869021999991537394511176829970195647857817122401034029697813981513646080000000000000000000000)
(36, 36, 99, 116657769304930190852124048570333375613394960330477026835741204869021999991537394511176829970195647857817122401034029697813981513646080000000000000000000000)
(37, 37, 99, 116657769304930190852124048570333375613394960330477026835741204869021999991537394511176829970195647857817122401034029697813981513646080000000000000000000000)
(38, 38, 99, 116657769304930190852124048570333375613394960330477026835741204869021999991537394511176829970195647857817122401034029697813981513646080000000000000000000000)
(39, 39, 99, 116657769304930190852124048570333375613394960330477026835741204869021999991537394511176829970195647857817122401034029697813981513646080000000000000000000000)
(40, 40, 99, 116657769304930190852124048570333375613394960330477026835741204869021999991537394511176829970195647857817122401034029697813981513646080000000000000000000000)
(41, 41, 99, 116657769304930190852124048570333375613394960330477026835741204869021999991537394511176829970195647857817122401034029697813981513646080000000000000000000000)
(42, 42, 99, 116657769304930190852124048570333375613394960330477026835741204869021999991537394511176829970195647857817122401034029697813981513646080000000000000000000000)
(43, 43, 99, 116657769304930190852124048570333375613394960330477026835741204869021999991537394511176829970195647857817122401034029697813981513646080000000000000000000000)
(44, 44, 99, 116657769304930190852124048570333375613394960330477026835741204869021999991537394511176829970195647857817122401034029697813981513646080000000000000000000000)
(45, 45, 99, 116657769304930190852124048570333375613394960330477026835741204869021999991537394511176829970195647857817122401034029697813981513646080000000000000000000000)
(46, 46, 99, 116657769304930190852124048570333375613394960330477026835741204869021999991537394511176829970195647857817122401034029697813981513646080000000000000000000000)
(47, 47, 99, 116657769304930190852124048570333375613394960330477026835741204869021999991537394511176829970195647857817122401034029697813981513646080000000000000000000000)
(48, 48, 99, 116657769304930190852124048570333375613394960330477026835741204869021999991537394511176829970195647857817122401034029697813981513646080000000000000000000000)
(49, 49, 99, 116657769304930190852124048570333375613394960330477026835741204869021999991537394511176829970195647857817122401034029697813981513646080000000000000000000000)
(50, 50, 99, 38885923101643396950708016190111125204464986776825675611913734956340666663845798170392276656731882619272374133678009899271327171215360000000000000000000000)
(51, 51, 99, 38885923101643396950708016190111125204464986776825675611913734956340666663845798170392276656731882619272374133678009899271327171215360000000000000000000000)
(52, 52, 99, 38885923101643396950708016190111125204464986776825675611913734956340666663845798170392276656731882619272374133678009899271327171215360000000000000000000000)
(53, 53, 99, 38885923101643396950708016190111125204464986776825675611913734956340666663845798170392276656731882619272374133678009899271327171215360000000000000000000000)
(54, 54, 99, 38885923101643396950708016190111125204464986776825675611913734956340666663845798170392276656731882619272374133678009899271327171215360000000000000000000000)
(55, 55, 99, 38885923101643396950708016190111125204464986776825675611913734956340666663845798170392276656731882619272374133678009899271327171215360000000000000000000000)
(56, 56, 99, 38885923101643396950708016190111125204464986776825675611913734956340666663845798170392276656731882619272374133678009899271327171215360000000000000000000000)
(57, 57, 99, 38885923101643396950708016190111125204464986776825675611913734956340666663845798170392276656731882619272374133678009899271327171215360000000000000000000000)
(58, 58, 99, 38885923101643396950708016190111125204464986776825675611913734956340666663845798170392276656731882619272374133678009899271327171215360000000000000000000000)
(59, 59, 99, 38885923101643396950708016190111125204464986776825675611913734956340666663845798170392276656731882619272374133678009899271327171215360000000000000000000000)
(60, 60, 99, 38885923101643396950708016190111125204464986776825675611913734956340666663845798170392276656731882619272374133678009899271327171215360000000000000000000000)
(61, 61, 99, 38885923101643396950708016190111125204464986776825675611913734956340666663845798170392276656731882619272374133678009899271327171215360000000000000000000000)
(62, 62, 99, 38885923101643396950708016190111125204464986776825675611913734956340666663845798170392276656731882619272374133678009899271327171215360000000000000000000000)
(63, 63, 99, 38885923101643396950708016190111125204464986776825675611913734956340666663845798170392276656731882619272374133678009899271327171215360000000000000000000000)
(64, 64, 99, 38885923101643396950708016190111125204464986776825675611913734956340666663845798170392276656731882619272374133678009899271327171215360000000000000000000000)
(65, 65, 99, 38885923101643396950708016190111125204464986776825675611913734956340666663845798170392276656731882619272374133678009899271327171215360000000000000000000000)
(66, 66, 99, 77771846203286793901416032380222250408929973553651351223827469912681333327691596340784553313463765238544748267356019798542654342430720000000000000000000000)
(67, 67, 99, 19442961550821698475354008095055562602232493388412837805956867478170333331922899085196138328365941309636187066839004949635663585607680000000000000000000000)
(68, 68, 99, 19442961550821698475354008095055562602232493388412837805956867478170333331922899085196138328365941309636187066839004949635663585607680000000000000000000000)
(69, 69, 99, 19442961550821698475354008095055562602232493388412837805956867478170333331922899085196138328365941309636187066839004949635663585607680000000000000000000000)
(70, 70, 99, 19442961550821698475354008095055562602232493388412837805956867478170333331922899085196138328365941309636187066839004949635663585607680000000000000000000000)
(71, 71, 99, 19442961550821698475354008095055562602232493388412837805956867478170333331922899085196138328365941309636187066839004949635663585607680000000000000000000000)
(72, 72, 99, 19442961550821698475354008095055562602232493388412837805956867478170333331922899085196138328365941309636187066839004949635663585607680000000000000000000000)
(73, 73, 99, 19442961550821698475354008095055562602232493388412837805956867478170333331922899085196138328365941309636187066839004949635663585607680000000000000000000000)
(74, 74, 99, 19442961550821698475354008095055562602232493388412837805956867478170333331922899085196138328365941309636187066839004949635663585607680000000000000000000000)
(75, 75, 99, 11665776930493019085212404857033337561339496033047702683574120486902199999153739451117682997019564785781712240103402969781398151364608000000000000000000000)
(76, 76, 99, 11665776930493019085212404857033337561339496033047702683574120486902199999153739451117682997019564785781712240103402969781398151364608000000000000000000000)
(77, 77, 99, 11665776930493019085212404857033337561339496033047702683574120486902199999153739451117682997019564785781712240103402969781398151364608000000000000000000000)
(78, 78, 99, 11665776930493019085212404857033337561339496033047702683574120486902199999153739451117682997019564785781712240103402969781398151364608000000000000000000000)
(79, 79, 99, 23331553860986038170424809714066675122678992066095405367148240973804399998307478902235365994039129571563424480206805939562796302729216000000000000000000000)
(80, 80, 99, 7777184620328679390141603238022225040892997355365135122382746991268133332769159634078455331346376523854474826735601979854265434243072000000000000000000000)
(81, 81, 99, 7777184620328679390141603238022225040892997355365135122382746991268133332769159634078455331346376523854474826735601979854265434243072000000000000000000000)
(82, 82, 99, 7777184620328679390141603238022225040892997355365135122382746991268133332769159634078455331346376523854474826735601979854265434243072000000000000000000000)
(83, 83, 99, 5555131871663342421529716598587303600637855253832239373130533565191523809120828310056039522390268945610339161954001414181618167316480000000000000000000000)
(84, 84, 99, 5555131871663342421529716598587303600637855253832239373130533565191523809120828310056039522390268945610339161954001414181618167316480000000000000000000000)
(85, 85, 99, 8332697807495013632294574897880955400956782880748359059695800347787285713681242465084059283585403418415508742931002121272427250974720000000000000000000000)
(86, 86, 99, 4166348903747506816147287448940477700478391440374179529847900173893642856840621232542029641792701709207754371465501060636213625487360000000000000000000000)
(87, 87, 99, 3240493591803616412559001349175927100372082231402139634326144579695055555320483180866023054727656884939364511139834158272610597601280000000000000000000000)
(88, 88, 99, 25923948734428931300472010793407416802976657851217117074609156637560444442563865446928184437821255079514916089118673266180884780810240000000000000000000000)
(89, 89, 99, 2592394873442893130047201079340741680297665785121711707460915663756044444256386544692818443782125507951491608911867326618088478081024000000000000000000000)
(90, 90, 99, 21210503509987307427658917921878795566071810969177641242862037248913090907552253547486696358217390519603113163824369035966178457026560000000000000000000000)
(91, 91, 99, 1495612426986284498104154468850427892479422568339449061996682113705410256301761468092010640643533946895091312833769611510435660431360000000000000000000000)
(92, 92, 99, 1111026374332668484305943319717460720127571050766447874626106713038304761824165662011207904478053789122067832390800282836323633463296000000000000000000000)
(93, 93, 99, 857777715477427873912676827723039526569080590665272256145155918154573529349539665523359043898497410719243547066426688954514569953280000000000000000000000)
(94, 94, 99, 613988259499632583432231834580701976912605054370931720188111604573799999955459971111456999843134988725353275794915945777968323756032000000000000000000000)
(95, 95, 99, 777718462032867939014160323802222504089299735536513512238274699126813333276915963407845533134637652385447482673560197985426543424307200000000000000000000)
(96, 96, 99, 7070167836662435809219639307292931855357270323059213747620679082971030302517417849162232119405796839867704387941456345322059485675520000000000000000000000)
(97, 97, 99, 190461664171314597309590283380136123450440751559962492793046865092280816312714113487635640767666363849497342695565762771941194307993600000000000000000000)
(98, 98, 99, 4713445224441623872813092871528621236904846882039475831747119388647353535011611899441488079603864559911802925294304230214706323783680000000000000000000000)
(2, 2, 100, 11665776930493019085212404857033337561339496033047702683574120486902199999153739451117682997019564785781712240103402969781398151364608000000000000000000000000)
(3, 3, 100, 11665776930493019085212404857033337561339496033047702683574120486902199999153739451117682997019564785781712240103402969781398151364608000000000000000000000000)
(4, 4, 100, 11665776930493019085212404857033337561339496033047702683574120486902199999153739451117682997019564785781712240103402969781398151364608000000000000000000000000)
(5, 5, 100, 11665776930493019085212404857033337561339496033047702683574120486902199999153739451117682997019564785781712240103402969781398151364608000000000000000000000000)
(6, 6, 100, 11665776930493019085212404857033337561339496033047702683574120486902199999153739451117682997019564785781712240103402969781398151364608000000000000000000000000)
(7, 7, 100, 11665776930493019085212404857033337561339496033047702683574120486902199999153739451117682997019564785781712240103402969781398151364608000000000000000000000000)
(8, 8, 100, 11665776930493019085212404857033337561339496033047702683574120486902199999153739451117682997019564785781712240103402969781398151364608000000000000000000000000)
(9, 9, 100, 11665776930493019085212404857033337561339496033047702683574120486902199999153739451117682997019564785781712240103402969781398151364608000000000000000000000000)
(10, 10, 100, 11665776930493019085212404857033337561339496033047702683574120486902199999153739451117682997019564785781712240103402969781398151364608000000000000000000000000)
(11, 11, 100, 11665776930493019085212404857033337561339496033047702683574120486902199999153739451117682997019564785781712240103402969781398151364608000000000000000000000000)
(12, 12, 100, 11665776930493019085212404857033337561339496033047702683574120486902199999153739451117682997019564785781712240103402969781398151364608000000000000000000000000)
(13, 13, 100, 11665776930493019085212404857033337561339496033047702683574120486902199999153739451117682997019564785781712240103402969781398151364608000000000000000000000000)
(14, 14, 100, 11665776930493019085212404857033337561339496033047702683574120486902199999153739451117682997019564785781712240103402969781398151364608000000000000000000000000)
(15, 15, 100, 11665776930493019085212404857033337561339496033047702683574120486902199999153739451117682997019564785781712240103402969781398151364608000000000000000000000000)
(16, 16, 100, 11665776930493019085212404857033337561339496033047702683574120486902199999153739451117682997019564785781712240103402969781398151364608000000000000000000000000)
(17, 17, 100, 11665776930493019085212404857033337561339496033047702683574120486902199999153739451117682997019564785781712240103402969781398151364608000000000000000000000000)
(18, 18, 100, 11665776930493019085212404857033337561339496033047702683574120486902199999153739451117682997019564785781712240103402969781398151364608000000000000000000000000)
(19, 19, 100, 11665776930493019085212404857033337561339496033047702683574120486902199999153739451117682997019564785781712240103402969781398151364608000000000000000000000000)
(20, 20, 100, 11665776930493019085212404857033337561339496033047702683574120486902199999153739451117682997019564785781712240103402969781398151364608000000000000000000000000)
(21, 21, 100, 11665776930493019085212404857033337561339496033047702683574120486902199999153739451117682997019564785781712240103402969781398151364608000000000000000000000000)
(22, 22, 100, 11665776930493019085212404857033337561339496033047702683574120486902199999153739451117682997019564785781712240103402969781398151364608000000000000000000000000)
(23, 23, 100, 11665776930493019085212404857033337561339496033047702683574120486902199999153739451117682997019564785781712240103402969781398151364608000000000000000000000000)
(24, 24, 100, 11665776930493019085212404857033337561339496033047702683574120486902199999153739451117682997019564785781712240103402969781398151364608000000000000000000000000)
(25, 25, 100, 11665776930493019085212404857033337561339496033047702683574120486902199999153739451117682997019564785781712240103402969781398151364608000000000000000000000000)
(26, 26, 100, 11665776930493019085212404857033337561339496033047702683574120486902199999153739451117682997019564785781712240103402969781398151364608000000000000000000000000)
(27, 27, 100, 11665776930493019085212404857033337561339496033047702683574120486902199999153739451117682997019564785781712240103402969781398151364608000000000000000000000000)
(28, 28, 100, 11665776930493019085212404857033337561339496033047702683574120486902199999153739451117682997019564785781712240103402969781398151364608000000000000000000000000)
(29, 29, 100, 11665776930493019085212404857033337561339496033047702683574120486902199999153739451117682997019564785781712240103402969781398151364608000000000000000000000000)
(30, 30, 100, 11665776930493019085212404857033337561339496033047702683574120486902199999153739451117682997019564785781712240103402969781398151364608000000000000000000000000)
(31, 31, 100, 11665776930493019085212404857033337561339496033047702683574120486902199999153739451117682997019564785781712240103402969781398151364608000000000000000000000000)
(32, 32, 100, 11665776930493019085212404857033337561339496033047702683574120486902199999153739451117682997019564785781712240103402969781398151364608000000000000000000000000)
(33, 33, 100, 11665776930493019085212404857033337561339496033047702683574120486902199999153739451117682997019564785781712240103402969781398151364608000000000000000000000000)
(34, 34, 100, 11665776930493019085212404857033337561339496033047702683574120486902199999153739451117682997019564785781712240103402969781398151364608000000000000000000000000)
(35, 35, 100, 11665776930493019085212404857033337561339496033047702683574120486902199999153739451117682997019564785781712240103402969781398151364608000000000000000000000000)
(36, 36, 100, 11665776930493019085212404857033337561339496033047702683574120486902199999153739451117682997019564785781712240103402969781398151364608000000000000000000000000)
(37, 37, 100, 11665776930493019085212404857033337561339496033047702683574120486902199999153739451117682997019564785781712240103402969781398151364608000000000000000000000000)
(38, 38, 100, 11665776930493019085212404857033337561339496033047702683574120486902199999153739451117682997019564785781712240103402969781398151364608000000000000000000000000)
(39, 39, 100, 11665776930493019085212404857033337561339496033047702683574120486902199999153739451117682997019564785781712240103402969781398151364608000000000000000000000000)
(40, 40, 100, 11665776930493019085212404857033337561339496033047702683574120486902199999153739451117682997019564785781712240103402969781398151364608000000000000000000000000)
(41, 41, 100, 11665776930493019085212404857033337561339496033047702683574120486902199999153739451117682997019564785781712240103402969781398151364608000000000000000000000000)
(42, 42, 100, 11665776930493019085212404857033337561339496033047702683574120486902199999153739451117682997019564785781712240103402969781398151364608000000000000000000000000)
(43, 43, 100, 11665776930493019085212404857033337561339496033047702683574120486902199999153739451117682997019564785781712240103402969781398151364608000000000000000000000000)
(44, 44, 100, 11665776930493019085212404857033337561339496033047702683574120486902199999153739451117682997019564785781712240103402969781398151364608000000000000000000000000)
(45, 45, 100, 11665776930493019085212404857033337561339496033047702683574120486902199999153739451117682997019564785781712240103402969781398151364608000000000000000000000000)
(46, 46, 100, 11665776930493019085212404857033337561339496033047702683574120486902199999153739451117682997019564785781712240103402969781398151364608000000000000000000000000)
(47, 47, 100, 11665776930493019085212404857033337561339496033047702683574120486902199999153739451117682997019564785781712240103402969781398151364608000000000000000000000000)
(48, 48, 100, 11665776930493019085212404857033337561339496033047702683574120486902199999153739451117682997019564785781712240103402969781398151364608000000000000000000000000)
(49, 49, 100, 11665776930493019085212404857033337561339496033047702683574120486902199999153739451117682997019564785781712240103402969781398151364608000000000000000000000000)
(50, 50, 100, 11665776930493019085212404857033337561339496033047702683574120486902199999153739451117682997019564785781712240103402969781398151364608000000000000000000000000)
(51, 51, 100, 3888592310164339695070801619011112520446498677682567561191373495634066666384579817039227665673188261927237413367800989927132717121536000000000000000000000000)
(52, 52, 100, 3888592310164339695070801619011112520446498677682567561191373495634066666384579817039227665673188261927237413367800989927132717121536000000000000000000000000)
(53, 53, 100, 3888592310164339695070801619011112520446498677682567561191373495634066666384579817039227665673188261927237413367800989927132717121536000000000000000000000000)
(54, 54, 100, 3888592310164339695070801619011112520446498677682567561191373495634066666384579817039227665673188261927237413367800989927132717121536000000000000000000000000)
(55, 55, 100, 3888592310164339695070801619011112520446498677682567561191373495634066666384579817039227665673188261927237413367800989927132717121536000000000000000000000000)
(56, 56, 100, 3888592310164339695070801619011112520446498677682567561191373495634066666384579817039227665673188261927237413367800989927132717121536000000000000000000000000)
(57, 57, 100, 3888592310164339695070801619011112520446498677682567561191373495634066666384579817039227665673188261927237413367800989927132717121536000000000000000000000000)
(58, 58, 100, 3888592310164339695070801619011112520446498677682567561191373495634066666384579817039227665673188261927237413367800989927132717121536000000000000000000000000)
(59, 59, 100, 3888592310164339695070801619011112520446498677682567561191373495634066666384579817039227665673188261927237413367800989927132717121536000000000000000000000000)
(60, 60, 100, 3888592310164339695070801619011112520446498677682567561191373495634066666384579817039227665673188261927237413367800989927132717121536000000000000000000000000)
(61, 61, 100, 3888592310164339695070801619011112520446498677682567561191373495634066666384579817039227665673188261927237413367800989927132717121536000000000000000000000000)
(62, 62, 100, 3888592310164339695070801619011112520446498677682567561191373495634066666384579817039227665673188261927237413367800989927132717121536000000000000000000000000)
(63, 63, 100, 3888592310164339695070801619011112520446498677682567561191373495634066666384579817039227665673188261927237413367800989927132717121536000000000000000000000000)
(64, 64, 100, 3888592310164339695070801619011112520446498677682567561191373495634066666384579817039227665673188261927237413367800989927132717121536000000000000000000000000)
(65, 65, 100, 3888592310164339695070801619011112520446498677682567561191373495634066666384579817039227665673188261927237413367800989927132717121536000000000000000000000000)
(66, 66, 100, 3888592310164339695070801619011112520446498677682567561191373495634066666384579817039227665673188261927237413367800989927132717121536000000000000000000000000)
(67, 67, 100, 3888592310164339695070801619011112520446498677682567561191373495634066666384579817039227665673188261927237413367800989927132717121536000000000000000000000000)
(68, 68, 100, 1944296155082169847535400809505556260223249338841283780595686747817033333192289908519613832836594130963618706683900494963566358560768000000000000000000000000)
(69, 69, 100, 1944296155082169847535400809505556260223249338841283780595686747817033333192289908519613832836594130963618706683900494963566358560768000000000000000000000000)
(70, 70, 100, 1944296155082169847535400809505556260223249338841283780595686747817033333192289908519613832836594130963618706683900494963566358560768000000000000000000000000)
(71, 71, 100, 1944296155082169847535400809505556260223249338841283780595686747817033333192289908519613832836594130963618706683900494963566358560768000000000000000000000000)
(72, 72, 100, 1944296155082169847535400809505556260223249338841283780595686747817033333192289908519613832836594130963618706683900494963566358560768000000000000000000000000)
(73, 73, 100, 1944296155082169847535400809505556260223249338841283780595686747817033333192289908519613832836594130963618706683900494963566358560768000000000000000000000000)
(74, 74, 100, 1944296155082169847535400809505556260223249338841283780595686747817033333192289908519613832836594130963618706683900494963566358560768000000000000000000000000)
(75, 75, 100, 5832888465246509542606202428516668780669748016523851341787060243451099999576869725558841498509782392890856120051701484890699075682304000000000000000000000000)
(76, 76, 100, 1166577693049301908521240485703333756133949603304770268357412048690219999915373945111768299701956478578171224010340296978139815136460800000000000000000000000)
(77, 77, 100, 1166577693049301908521240485703333756133949603304770268357412048690219999915373945111768299701956478578171224010340296978139815136460800000000000000000000000)
(78, 78, 100, 1166577693049301908521240485703333756133949603304770268357412048690219999915373945111768299701956478578171224010340296978139815136460800000000000000000000000)
(79, 79, 100, 1166577693049301908521240485703333756133949603304770268357412048690219999915373945111768299701956478578171224010340296978139815136460800000000000000000000000)
(80, 80, 100, 4666310772197207634084961942813335024535798413219081073429648194760879999661495780447073198807825914312684896041361187912559260545843200000000000000000000000)
(81, 81, 100, 777718462032867939014160323802222504089299735536513512238274699126813333276915963407845533134637652385447482673560197985426543424307200000000000000000000000)
(82, 82, 100, 777718462032867939014160323802222504089299735536513512238274699126813333276915963407845533134637652385447482673560197985426543424307200000000000000000000000)
(83, 83, 100, 777718462032867939014160323802222504089299735536513512238274699126813333276915963407845533134637652385447482673560197985426543424307200000000000000000000000)
(84, 84, 100, 555513187166334242152971659858730360063785525383223937313053356519152380912082831005603952239026894561033916195400141418161816731648000000000000000000000000)
(85, 85, 100, 555513187166334242152971659858730360063785525383223937313053356519152380912082831005603952239026894561033916195400141418161816731648000000000000000000000000)
(86, 86, 100, 416634890374750681614728744894047770047839144037417952984790017389364285684062123254202964179270170920775437146550106063621362548736000000000000000000000000)
(87, 87, 100, 416634890374750681614728744894047770047839144037417952984790017389364285684062123254202964179270170920775437146550106063621362548736000000000000000000000000)
(88, 88, 100, 324049359180361641255900134917592710037208223140213963432614457969505555532048318086602305472765688493936451113983415827261059760128000000000000000000000000)
(89, 89, 100, 518478974688578626009440215868148336059533157024342341492183132751208888851277308938563688756425101590298321782373465323617695616204800000000000000000000000)
(90, 90, 100, 2333155386098603817042480971406667512267899206609540536714824097380439999830747890223536599403912957156342448020680593956279630272921600000000000000000000000)
(91, 91, 100, 353508391833121790460981965364646592767863516152960687381033954148551515125870892458111605970289841993385219397072817266102974283776000000000000000000000000)
(92, 92, 100, 149561242698628449810415446885042789247942256833944906199668211370541025630176146809201064064353394689509131283376961151043566043136000000000000000000000000)
(93, 93, 100, 111102637433266848430594331971746072012757105076644787462610671303830476182416566201120790447805378912206783239080028283632363346329600000000000000000000000)
(94, 94, 100, 85777771547742787391267682772303952656908059066527225614515591815457352934953966552335904389849741071924354706642668895451456995328000000000000000000000000)
(95, 95, 100, 1166577693049301908521240485703333756133949603304770268357412048690219999915373945111768299701956478578171224010340296978139815136460800000000000000000000000)
(96, 96, 100, 933262154439441526816992388562667004907159682643816214685929638952175999932299156089414639761565182862536979208272237582511852109168640000000000000000000000)
(97, 97, 100, 41589222568602563583644937101723128560925119547407139691886347546888413544220104995071953643563510822751202282008566737188585209856000000000000000000000000)
(98, 98, 100, 466631077219720763408496194281333502453579841321908107342964819476087999966149578044707319880782591431268489604136118791255926054584320000000000000000000000)
(99, 99, 100, 466631077219720763408496194281333502453579841321908107342964819476087999966149578044707319880782591431268489604136118791255926054584320000000000000000000000)
