(4, 6, 9, 1)
(4, 6, 11, 1)
(4, 7, 11, 1)
(4, 8, 11, 1)
(6, 8, 11, 1)
(6, 8, 13, 1)
(6, 9, 13, 1)
(5, 10, 13, 1)
(6, 10, 13, 1)
(8, 10, 13, 1)
(6, 9, 14, 1)
(5, 10, 14, 1)
(7, 10, 14, 1)
(4, 11, 14, 1)
(6, 11, 14, 1)
(6, 8, 15, 1)
(6, 10, 15, 1)
(7, 10, 15, 1)
(8, 10, 15, 1)
(4, 11, 15, 1)
(6, 11, 15, 1)
(8, 11, 15, 1)
(4, 12, 15, 1)
(5, 12, 15, 1)
(7, 12, 15, 1)
(8, 12, 15, 1)
(10, 12, 15, 1)
(8, 11, 16, 1)
(7, 12, 16, 1)
(6, 13, 16, 1)
(6, 10, 17, 1)
(7, 10, 17, 1)
(8, 10, 17, 1)
(6, 11, 17, 1)
(6, 12, 17, 1)
(10, 12, 17, 1)
(6, 13, 17, 1)
(10, 13, 17, 1)
(4, 14, 17, 1)
(6, 14, 17, 1)
(7, 14, 17, 1)
(9, 14, 17, 1)
(10, 14, 17, 1)
(12, 14, 17, 1)
(8, 11, 18, 1)
(7, 12, 18, 1)
(6, 13, 18, 1)
(10, 13, 18, 1)
(5, 14, 18, 1)
(7, 14, 18, 1)
(9, 14, 18, 1)
(11, 14, 18, 1)
(4, 15, 18, 1)
(8, 15, 18, 1)
(10, 15, 18, 1)
(8, 10, 19, 1)
(8, 11, 19, 1)
(6, 12, 19, 1)
(7, 12, 19, 1)
(8, 12, 19, 1)
(9, 12, 19, 1)
(10, 12, 19, 1)
(6, 13, 19, 1)
(8, 13, 19, 1)
(5, 14, 19, 1)
(6, 14, 19, 1)
(7, 14, 19, 1)
(8, 14, 19, 1)
(10, 14, 19, 1)
(11, 14, 19, 1)
(12, 14, 19, 1)
(4, 15, 19, 1)
(6, 15, 19, 1)
(8, 15, 19, 1)
(10, 15, 19, 1)
(12, 15, 19, 1)
(5, 16, 19, 1)
(6, 16, 19, 1)
(8, 16, 19, 1)
(9, 16, 19, 1)
(11, 16, 19, 1)
(12, 16, 19, 1)
(14, 16, 19, 1)
(10, 13, 20, 1)
(7, 14, 20, 1)
(9, 14, 20, 1)
(6, 15, 20, 1)
(8, 15, 20, 1)
(12, 15, 20, 1)
(7, 16, 20, 1)
(11, 16, 20, 1)
(6, 17, 20, 1)
(10, 17, 20, 1)
(10, 12, 21, 1)
(10, 13, 21, 1)
(8, 14, 21, 1)
(9, 14, 21, 1)
(10, 14, 21, 1)
(11, 14, 21, 1)
(12, 14, 21, 1)
(8, 15, 21, 1)
(10, 15, 21, 1)
(7, 16, 21, 1)
(10, 16, 21, 1)
(14, 16, 21, 1)
(6, 17, 21, 1)
(10, 17, 21, 1)
(14, 17, 21, 1)
(4, 18, 21, 1)
(5, 18, 21, 1)
(7, 18, 21, 1)
(8, 18, 21, 1)
(10, 18, 21, 1)
(11, 18, 21, 1)
(13, 18, 21, 1)
(14, 18, 21, 1)
(16, 18, 21, 1)
(9, 14, 22, 1)
(11, 14, 22, 1)
(10, 15, 22, 1)
(12, 15, 22, 1)
(9, 16, 22, 1)
(11, 16, 22, 1)
(6, 17, 22, 1)
(8, 17, 22, 1)
(10, 17, 22, 1)
(14, 17, 22, 1)
(5, 18, 22, 1)
(7, 18, 22, 1)
(9, 18, 22, 1)
(11, 18, 22, 1)
(13, 18, 22, 1)
(15, 18, 22, 1)
(6, 19, 22, 1)
(8, 19, 22, 1)
(12, 19, 22, 1)
(14, 19, 22, 1)
(10, 12, 23, 1)
(10, 13, 23, 1)
(9, 14, 23, 1)
(10, 14, 23, 1)
(12, 14, 23, 1)
(8, 15, 23, 1)
(10, 15, 23, 1)
(12, 15, 23, 1)
(6, 16, 23, 1)
(7, 16, 23, 1)
(8, 16, 23, 1)
(10, 16, 23, 1)
(11, 16, 23, 1)
(12, 16, 23, 1)
(13, 16, 23, 1)
(14, 16, 23, 1)
(6, 17, 23, 1)
(10, 17, 23, 1)
(12, 17, 23, 1)
(4, 18, 23, 1)
(5, 18, 23, 1)
(6, 18, 23, 1)
(7, 18, 23, 1)
(9, 18, 23, 1)
(10, 18, 23, 1)
(11, 18, 23, 1)
(12, 18, 23, 1)
(14, 18, 23, 1)
(15, 18, 23, 1)
(16, 18, 23, 1)
(4, 19, 23, 1)
(6, 19, 23, 1)
(8, 19, 23, 1)
(10, 19, 23, 1)
(12, 19, 23, 1)
(14, 19, 23, 1)
(16, 19, 23, 1)
(4, 20, 23, 1)
(6, 20, 23, 1)
(7, 20, 23, 1)
(9, 20, 23, 1)
(10, 20, 23, 1)
(12, 20, 23, 1)
(13, 20, 23, 1)
(15, 20, 23, 1)
(16, 20, 23, 1)
(18, 20, 23, 1)
(11, 14, 24, 1)
(10, 15, 24, 1)
(11, 16, 24, 1)
(14, 17, 24, 1)
(7, 18, 24, 1)
(11, 18, 24, 1)
(13, 18, 24, 1)
(6, 19, 24, 1)
(8, 19, 24, 1)
(10, 19, 24, 1)
(12, 19, 24, 1)
(16, 19, 24, 1)
(7, 20, 24, 1)
(11, 20, 24, 1)
(15, 20, 24, 1)
(10, 21, 24, 1)
(14, 21, 24, 1)
(10, 14, 25, 1)
(11, 14, 25, 1)
(12, 14, 25, 1)
(12, 15, 25, 1)
(11, 16, 25, 1)
(14, 16, 25, 1)
(10, 17, 25, 1)
(14, 17, 25, 1)
(6, 18, 25, 1)
(7, 18, 25, 1)
(8, 18, 25, 1)
(9, 18, 25, 1)
(10, 18, 25, 1)
(12, 18, 25, 1)
(13, 18, 25, 1)
(14, 18, 25, 1)
(15, 18, 25, 1)
(16, 18, 25, 1)
(6, 19, 25, 1)
(8, 19, 25, 1)
(12, 19, 25, 1)
(14, 19, 25, 1)
(6, 20, 25, 1)
(7, 20, 25, 1)
(11, 20, 25, 1)
(14, 20, 25, 1)
(18, 20, 25, 1)
(6, 21, 25, 1)
(10, 21, 25, 1)
(14, 21, 25, 1)
(18, 21, 25, 1)
(5, 22, 25, 1)
(6, 22, 25, 1)
(8, 22, 25, 1)
(9, 22, 25, 1)
(11, 22, 25, 1)
(12, 22, 25, 1)
(14, 22, 25, 1)
(15, 22, 25, 1)
(17, 22, 25, 1)
(18, 22, 25, 1)
(20, 22, 25, 1)
(12, 15, 26, 1)
(13, 16, 26, 1)
(10, 17, 26, 1)
(12, 17, 26, 1)
(9, 18, 26, 1)
(11, 18, 26, 1)
(13, 18, 26, 1)
(15, 18, 26, 1)
(8, 19, 26, 1)
(10, 19, 26, 1)
(14, 19, 26, 1)
(16, 19, 26, 1)
(7, 20, 26, 1)
(9, 20, 26, 1)
(13, 20, 26, 1)
(15, 20, 26, 1)
(8, 21, 26, 1)
(10, 21, 26, 1)
(12, 21, 26, 1)
(14, 21, 26, 1)
(18, 21, 26, 1)
(5, 22, 26, 1)
(7, 22, 26, 1)
(9, 22, 26, 1)
(11, 22, 26, 1)
(13, 22, 26, 1)
(15, 22, 26, 1)
(17, 22, 26, 1)
(19, 22, 26, 1)
(4, 23, 26, 1)
(6, 23, 26, 1)
(10, 23, 26, 1)
(12, 23, 26, 1)
(16, 23, 26, 1)
(18, 23, 26, 1)
(12, 14, 27, 1)
(10, 16, 27, 1)
(11, 16, 27, 1)
(12, 16, 27, 1)
(13, 16, 27, 1)
(14, 16, 27, 1)
(10, 17, 27, 1)
(14, 17, 27, 1)
(10, 18, 27, 1)
(11, 18, 27, 1)
(13, 18, 27, 1)
(14, 18, 27, 1)
(16, 18, 27, 1)
(8, 19, 27, 1)
(10, 19, 27, 1)
(12, 19, 27, 1)
(14, 19, 27, 1)
(16, 19, 27, 1)
(7, 20, 27, 1)
(8, 20, 27, 1)
(9, 20, 27, 1)
(10, 20, 27, 1)
(11, 20, 27, 1)
(12, 20, 27, 1)
(14, 20, 27, 1)
(15, 20, 27, 1)
(16, 20, 27, 1)
(17, 20, 27, 1)
(18, 20, 27, 1)
(8, 21, 27, 1)
(10, 21, 27, 1)
(14, 21, 27, 1)
(16, 21, 27, 1)
(4, 22, 27, 1)
(5, 22, 27, 1)
(6, 22, 27, 1)
(8, 22, 27, 1)
(9, 22, 27, 1)
(10, 22, 27, 1)
(11, 22, 27, 1)
(13, 22, 27, 1)
(14, 22, 27, 1)
(15, 22, 27, 1)
(16, 22, 27, 1)
(18, 22, 27, 1)
(19, 22, 27, 1)
(20, 22, 27, 1)
(4, 23, 27, 1)
(6, 23, 27, 1)
(8, 23, 27, 1)
(10, 23, 27, 1)
(12, 23, 27, 1)
(14, 23, 27, 1)
(16, 23, 27, 1)
(18, 23, 27, 1)
(20, 23, 27, 1)
(4, 24, 27, 1)
(5, 24, 27, 1)
(7, 24, 27, 1)
(8, 24, 27, 1)
(10, 24, 27, 1)
(11, 24, 27, 1)
(13, 24, 27, 1)
(14, 24, 27, 1)
(16, 24, 27, 1)
(17, 24, 27, 1)
(19, 24, 27, 1)
(20, 24, 27, 1)
(22, 24, 27, 1)
(14, 17, 28, 1)
(11, 18, 28, 1)
(15, 18, 28, 1)
(12, 19, 28, 1)
(14, 19, 28, 1)
(11, 20, 28, 1)
(15, 20, 28, 1)
(10, 21, 28, 1)
(18, 21, 28, 1)
(9, 22, 28, 1)
(11, 22, 28, 1)
(15, 22, 28, 1)
(17, 22, 28, 1)
(6, 23, 28, 1)
(10, 23, 28, 1)
(12, 23, 28, 1)
(14, 23, 28, 1)
(16, 23, 28, 1)
(20, 23, 28, 1)
(7, 24, 28, 1)
(11, 24, 28, 1)
(15, 24, 28, 1)
(19, 24, 28, 1)
(6, 25, 28, 1)
(14, 25, 28, 1)
(18, 25, 28, 1)
(14, 16, 29, 1)
(10, 18, 29, 1)
(11, 18, 29, 1)
(12, 18, 29, 1)
(13, 18, 29, 1)
(14, 18, 29, 1)
(15, 18, 29, 1)
(16, 18, 29, 1)
(10, 19, 29, 1)
(12, 19, 29, 1)
(16, 19, 29, 1)
(10, 20, 29, 1)
(15, 20, 29, 1)
(18, 20, 29, 1)
(10, 21, 29, 1)
(14, 21, 29, 1)
(18, 21, 29, 1)
(6, 22, 29, 1)
(7, 22, 29, 1)
(9, 22, 29, 1)
(10, 22, 29, 1)
(11, 22, 29, 1)
(12, 22, 29, 1)
(13, 22, 29, 1)
(14, 22, 29, 1)
(16, 22, 29, 1)
(17, 22, 29, 1)
(18, 22, 29, 1)
(19, 22, 29, 1)
(20, 22, 29, 1)
(6, 23, 29, 1)
(10, 23, 29, 1)
(12, 23, 29, 1)
(16, 23, 29, 1)
(18, 23, 29, 1)
(6, 24, 29, 1)
(7, 24, 29, 1)
(10, 24, 29, 1)
(11, 24, 29, 1)
(15, 24, 29, 1)
(18, 24, 29, 1)
(22, 24, 29, 1)
(6, 25, 29, 1)
(10, 25, 29, 1)
(14, 25, 29, 1)
(18, 25, 29, 1)
(22, 25, 29, 1)
(4, 26, 29, 1)
(6, 26, 29, 1)
(7, 26, 29, 1)
(9, 26, 29, 1)
(10, 26, 29, 1)
(12, 26, 29, 1)
(13, 26, 29, 1)
(15, 26, 29, 1)
(16, 26, 29, 1)
(18, 26, 29, 1)
(19, 26, 29, 1)
(21, 26, 29, 1)
(22, 26, 29, 1)
(24, 26, 29, 1)
(14, 17, 30, 1)
(13, 18, 30, 1)
(12, 19, 30, 1)
(14, 19, 30, 1)
(16, 19, 30, 1)
(11, 20, 30, 1)
(13, 20, 30, 1)
(17, 20, 30, 1)
(10, 21, 30, 1)
(14, 21, 30, 1)
(16, 21, 30, 1)
(9, 22, 30, 1)
(11, 22, 30, 1)
(13, 22, 30, 1)
(15, 22, 30, 1)
(17, 22, 30, 1)
(19, 22, 30, 1)
(8, 23, 30, 1)
(10, 23, 30, 1)
(12, 23, 30, 1)
(14, 23, 30, 1)
(18, 23, 30, 1)
(20, 23, 30, 1)
(7, 24, 30, 1)
(11, 24, 30, 1)
(13, 24, 30, 1)
(17, 24, 30, 1)
(19, 24, 30, 1)
(6, 25, 30, 1)
(8, 25, 30, 1)
(12, 25, 30, 1)
(14, 25, 30, 1)
(16, 25, 30, 1)
(18, 25, 30, 1)
(22, 25, 30, 1)
(5, 26, 30, 1)
(7, 26, 30, 1)
(9, 26, 30, 1)
(11, 26, 30, 1)
(13, 26, 30, 1)
(15, 26, 30, 1)
(17, 26, 30, 1)
(19, 26, 30, 1)
(21, 26, 30, 1)
(23, 26, 30, 1)
(4, 27, 30, 1)
(8, 27, 30, 1)
(10, 27, 30, 1)
(14, 27, 30, 1)
(16, 27, 30, 1)
(20, 27, 30, 1)
(22, 27, 30, 1)
(14, 16, 31, 1)
(14, 17, 31, 1)
(12, 18, 31, 1)
(13, 18, 31, 1)
(14, 18, 31, 1)
(15, 18, 31, 1)
(16, 18, 31, 1)
(12, 19, 31, 1)
(14, 19, 31, 1)
(10, 20, 31, 1)
(11, 20, 31, 1)
(12, 20, 31, 1)
(13, 20, 31, 1)
(14, 20, 31, 1)
(15, 20, 31, 1)
(16, 20, 31, 1)
(17, 20, 31, 1)
(18, 20, 31, 1)
(10, 21, 31, 1)
(12, 21, 31, 1)
(14, 21, 31, 1)
(18, 21, 31, 1)
(8, 22, 31, 1)
(9, 22, 31, 1)
(11, 22, 31, 1)
(12, 22, 31, 1)
(14, 22, 31, 1)
(15, 22, 31, 1)
(17, 22, 31, 1)
(18, 22, 31, 1)
(20, 22, 31, 1)
(8, 23, 31, 1)
(10, 23, 31, 1)
(12, 23, 31, 1)
(14, 23, 31, 1)
(16, 23, 31, 1)
(18, 23, 31, 1)
(20, 23, 31, 1)
(6, 24, 31, 1)
(7, 24, 31, 1)
(8, 24, 31, 1)
(9, 24, 31, 1)
(11, 24, 31, 1)
(12, 24, 31, 1)
(13, 24, 31, 1)
(14, 24, 31, 1)
(15, 24, 31, 1)
(16, 24, 31, 1)
(18, 24, 31, 1)
(19, 24, 31, 1)
(20, 24, 31, 1)
(21, 24, 31, 1)
(22, 24, 31, 1)
(6, 25, 31, 1)
(8, 25, 31, 1)
(12, 25, 31, 1)
(14, 25, 31, 1)
(18, 25, 31, 1)
(20, 25, 31, 1)
(4, 26, 31, 1)
(5, 26, 31, 1)
(7, 26, 31, 1)
(8, 26, 31, 1)
(9, 26, 31, 1)
(10, 26, 31, 1)
(12, 26, 31, 1)
(13, 26, 31, 1)
(14, 26, 31, 1)
(15, 26, 31, 1)
(17, 26, 31, 1)
(18, 26, 31, 1)
(19, 26, 31, 1)
(20, 26, 31, 1)
(22, 26, 31, 1)
(23, 26, 31, 1)
(24, 26, 31, 1)
(4, 27, 31, 1)
(6, 27, 31, 1)
(8, 27, 31, 1)
(10, 27, 31, 1)
(12, 27, 31, 1)
(14, 27, 31, 1)
(16, 27, 31, 1)
(18, 27, 31, 1)
(20, 27, 31, 1)
(22, 27, 31, 1)
(24, 27, 31, 1)
(5, 28, 31, 1)
(6, 28, 31, 1)
(8, 28, 31, 1)
(9, 28, 31, 1)
(11, 28, 31, 1)
(12, 28, 31, 1)
(14, 28, 31, 1)
(15, 28, 31, 1)
(17, 28, 31, 1)
(18, 28, 31, 1)
(20, 28, 31, 1)
(21, 28, 31, 1)
(23, 28, 31, 1)
(24, 28, 31, 1)
(26, 28, 31, 1)
(15, 18, 32, 1)
(14, 19, 32, 1)
(16, 19, 32, 1)
(15, 20, 32, 1)
(14, 21, 32, 1)
(18, 21, 32, 1)
(11, 22, 32, 1)
(13, 22, 32, 1)
(15, 22, 32, 1)
(19, 22, 32, 1)
(10, 23, 32, 1)
(12, 23, 32, 1)
(16, 23, 32, 1)
(18, 23, 32, 1)
(11, 24, 32, 1)
(15, 24, 32, 1)
(19, 24, 32, 1)
(10, 25, 32, 1)
(14, 25, 32, 1)
(22, 25, 32, 1)
(7, 26, 32, 1)
(9, 26, 32, 1)
(13, 26, 32, 1)
(15, 26, 32, 1)
(19, 26, 32, 1)
(21, 26, 32, 1)
(6, 27, 32, 1)
(8, 27, 32, 1)
(10, 27, 32, 1)
(14, 27, 32, 1)
(16, 27, 32, 1)
(18, 27, 32, 1)
(20, 27, 32, 1)
(24, 27, 32, 1)
(7, 28, 32, 1)
(11, 28, 32, 1)
(15, 28, 32, 1)
(19, 28, 32, 1)
(23, 28, 32, 1)
(6, 29, 32, 1)
(10, 29, 32, 1)
(18, 29, 32, 1)
(22, 29, 32, 1)
(14, 18, 33, 1)
(16, 18, 33, 1)
(14, 19, 33, 1)
(16, 19, 33, 1)
(14, 20, 33, 1)
(15, 20, 33, 1)
(18, 20, 33, 1)
(14, 21, 33, 1)
(12, 22, 33, 1)
(13, 22, 33, 1)
(14, 22, 33, 1)
(15, 22, 33, 1)
(16, 22, 33, 1)
(17, 22, 33, 1)
(18, 22, 33, 1)
(19, 22, 33, 1)
(20, 22, 33, 1)
(10, 23, 33, 1)
(12, 23, 33, 1)
(14, 23, 33, 1)
(16, 23, 33, 1)
(20, 23, 33, 1)
(10, 24, 33, 1)
(11, 24, 33, 1)
(14, 24, 33, 1)
(19, 24, 33, 1)
(22, 24, 33, 1)
(10, 25, 33, 1)
(14, 25, 33, 1)
(18, 25, 33, 1)
(22, 25, 33, 1)
(6, 26, 33, 1)
(7, 26, 33, 1)
(8, 26, 33, 1)
(9, 26, 33, 1)
(10, 26, 33, 1)
(11, 26, 33, 1)
(13, 26, 33, 1)
(14, 26, 33, 1)
(15, 26, 33, 1)
(16, 26, 33, 1)
(17, 26, 33, 1)
(18, 26, 33, 1)
(20, 26, 33, 1)
(21, 26, 33, 1)
(22, 26, 33, 1)
(23, 26, 33, 1)
(24, 26, 33, 1)
(8, 27, 33, 1)
(10, 27, 33, 1)
(14, 27, 33, 1)
(16, 27, 33, 1)
(20, 27, 33, 1)
(22, 27, 33, 1)
(6, 28, 33, 1)
(7, 28, 33, 1)
(10, 28, 33, 1)
(11, 28, 33, 1)
(14, 28, 33, 1)
(15, 28, 33, 1)
(19, 28, 33, 1)
(22, 28, 33, 1)
(26, 28, 33, 1)
(6, 29, 33, 1)
(10, 29, 33, 1)
(14, 29, 33, 1)
(18, 29, 33, 1)
(22, 29, 33, 1)
(26, 29, 33, 1)
(4, 30, 33, 1)
(5, 30, 33, 1)
(7, 30, 33, 1)
(8, 30, 33, 1)
(10, 30, 33, 1)
(11, 30, 33, 1)
(13, 30, 33, 1)
(14, 30, 33, 1)
(16, 30, 33, 1)
(17, 30, 33, 1)
(19, 30, 33, 1)
(20, 30, 33, 1)
(22, 30, 33, 1)
(23, 30, 33, 1)
(25, 30, 33, 1)
(26, 30, 33, 1)
(28, 30, 33, 1)
(15, 20, 34, 1)
(17, 20, 34, 1)
(14, 21, 34, 1)
(16, 21, 34, 1)
(18, 21, 34, 1)
(15, 22, 34, 1)
(17, 22, 34, 1)
(14, 23, 34, 1)
(16, 23, 34, 1)
(18, 23, 34, 1)
(20, 23, 34, 1)
(11, 24, 34, 1)
(13, 24, 34, 1)
(15, 24, 34, 1)
(17, 24, 34, 1)
(21, 24, 34, 1)
(12, 25, 34, 1)
(14, 25, 34, 1)
(18, 25, 34, 1)
(20, 25, 34, 1)
(9, 26, 34, 1)
(11, 26, 34, 1)
(13, 26, 34, 1)
(15, 26, 34, 1)
(17, 26, 34, 1)
(19, 26, 34, 1)
(21, 26, 34, 1)
(23, 26, 34, 1)
(8, 27, 34, 1)
(10, 27, 34, 1)
(12, 27, 34, 1)
(14, 27, 34, 1)
(16, 27, 34, 1)
(18, 27, 34, 1)
(22, 27, 34, 1)
(24, 27, 34, 1)
(9, 28, 34, 1)
(11, 28, 34, 1)
(15, 28, 34, 1)
(17, 28, 34, 1)
(21, 28, 34, 1)
(23, 28, 34, 1)
(6, 29, 34, 1)
(8, 29, 34, 1)
(10, 29, 34, 1)
(12, 29, 34, 1)
(16, 29, 34, 1)
(18, 29, 34, 1)
(20, 29, 34, 1)
(22, 29, 34, 1)
(26, 29, 34, 1)
(5, 30, 34, 1)
(7, 30, 34, 1)
(9, 30, 34, 1)
(11, 30, 34, 1)
(13, 30, 34, 1)
(15, 30, 34, 1)
(17, 30, 34, 1)
(19, 30, 34, 1)
(21, 30, 34, 1)
(23, 30, 34, 1)
(25, 30, 34, 1)
(27, 30, 34, 1)
(6, 31, 34, 1)
(8, 31, 34, 1)
(12, 31, 34, 1)
(14, 31, 34, 1)
(18, 31, 34, 1)
(20, 31, 34, 1)
(24, 31, 34, 1)
(26, 31, 34, 1)
(16, 18, 35, 1)
(16, 19, 35, 1)
(16, 20, 35, 1)
(18, 20, 35, 1)
(16, 21, 35, 1)
(18, 21, 35, 1)
(12, 22, 35, 1)
(13, 22, 35, 1)
(14, 22, 35, 1)
(15, 22, 35, 1)
(16, 22, 35, 1)
(17, 22, 35, 1)
(18, 22, 35, 1)
(19, 22, 35, 1)
(20, 22, 35, 1)
(12, 23, 35, 1)
(16, 23, 35, 1)
(18, 23, 35, 1)
(10, 24, 35, 1)
(11, 24, 35, 1)
(12, 24, 35, 1)
(14, 24, 35, 1)
(15, 24, 35, 1)
(16, 24, 35, 1)
(17, 24, 35, 1)
(18, 24, 35, 1)
(19, 24, 35, 1)
(20, 24, 35, 1)
(21, 24, 35, 1)
(22, 24, 35, 1)
(12, 25, 35, 1)
(14, 25, 35, 1)
(16, 25, 35, 1)
(18, 25, 35, 1)
(22, 25, 35, 1)
(9, 26, 35, 1)
(10, 26, 35, 1)
(12, 26, 35, 1)
(13, 26, 35, 1)
(15, 26, 35, 1)
(16, 26, 35, 1)
(18, 26, 35, 1)
(19, 26, 35, 1)
(21, 26, 35, 1)
(22, 26, 35, 1)
(24, 26, 35, 1)
(8, 27, 35, 1)
(10, 27, 35, 1)
(12, 27, 35, 1)
(14, 27, 35, 1)
(16, 27, 35, 1)
(18, 27, 35, 1)
(20, 27, 35, 1)
(22, 27, 35, 1)
(24, 27, 35, 1)
(8, 28, 35, 1)
(9, 28, 35, 1)
(10, 28, 35, 1)
(11, 28, 35, 1)
(12, 28, 35, 1)
(13, 28, 35, 1)
(15, 28, 35, 1)
(16, 28, 35, 1)
(17, 28, 35, 1)
(18, 28, 35, 1)
(19, 28, 35, 1)
(20, 28, 35, 1)
(22, 28, 35, 1)
(23, 28, 35, 1)
(24, 28, 35, 1)
(25, 28, 35, 1)
(26, 28, 35, 1)
(6, 29, 35, 1)
(10, 29, 35, 1)
(12, 29, 35, 1)
(16, 29, 35, 1)
(18, 29, 35, 1)
(22, 29, 35, 1)
(24, 29, 35, 1)
(6, 30, 35, 1)
(7, 30, 35, 1)
(8, 30, 35, 1)
(9, 30, 35, 1)
(11, 30, 35, 1)
(12, 30, 35, 1)
(13, 30, 35, 1)
(14, 30, 35, 1)
(16, 30, 35, 1)
(17, 30, 35, 1)
(18, 30, 35, 1)
(19, 30, 35, 1)
(21, 30, 35, 1)
(22, 30, 35, 1)
(23, 30, 35, 1)
(24, 30, 35, 1)
(26, 30, 35, 1)
(27, 30, 35, 1)
(28, 30, 35, 1)
(4, 31, 35, 1)
(6, 31, 35, 1)
(8, 31, 35, 1)
(10, 31, 35, 1)
(12, 31, 35, 1)
(14, 31, 35, 1)
(16, 31, 35, 1)
(18, 31, 35, 1)
(20, 31, 35, 1)
(22, 31, 35, 1)
(24, 31, 35, 1)
(26, 31, 35, 1)
(28, 31, 35, 1)
(4, 32, 35, 1)
(6, 32, 35, 1)
(7, 32, 35, 1)
(9, 32, 35, 1)
(10, 32, 35, 1)
(12, 32, 35, 1)
(13, 32, 35, 1)
(15, 32, 35, 1)
(16, 32, 35, 1)
(18, 32, 35, 1)
(19, 32, 35, 1)
(21, 32, 35, 1)
(22, 32, 35, 1)
(24, 32, 35, 1)
(25, 32, 35, 1)
(27, 32, 35, 1)
(28, 32, 35, 1)
(30, 32, 35, 1)
(17, 22, 36, 1)
(19, 22, 36, 1)
(14, 23, 36, 1)
(16, 23, 36, 1)
(18, 23, 36, 1)
(20, 23, 36, 1)
(19, 24, 36, 1)
(18, 25, 36, 1)
(22, 25, 36, 1)
(13, 26, 36, 1)
(15, 26, 36, 1)
(17, 26, 36, 1)
(19, 26, 36, 1)
(23, 26, 36, 1)
(10, 27, 36, 1)
(14, 27, 36, 1)
(16, 27, 36, 1)
(20, 27, 36, 1)
(22, 27, 36, 1)
(11, 28, 36, 1)
(15, 28, 36, 1)
(19, 28, 36, 1)
(23, 28, 36, 1)
(10, 29, 36, 1)
(14, 29, 36, 1)
(18, 29, 36, 1)
(26, 29, 36, 1)
(7, 30, 36, 1)
(11, 30, 36, 1)
(13, 30, 36, 1)
(17, 30, 36, 1)
(19, 30, 36, 1)
(23, 30, 36, 1)
(25, 30, 36, 1)
(8, 31, 36, 1)
(10, 31, 36, 1)
(12, 31, 36, 1)
(14, 31, 36, 1)
(18, 31, 36, 1)
(20, 31, 36, 1)
(22, 31, 36, 1)
(24, 31, 36, 1)
(28, 31, 36, 1)
(7, 32, 36, 1)
(11, 32, 36, 1)
(15, 32, 36, 1)
(19, 32, 36, 1)
(23, 32, 36, 1)
(27, 32, 36, 1)
(10, 33, 36, 1)
(14, 33, 36, 1)
(22, 33, 36, 1)
(26, 33, 36, 1)
(18, 20, 37, 1)
(18, 21, 37, 1)
(14, 22, 37, 1)
(15, 22, 37, 1)
(18, 22, 37, 1)
(20, 22, 37, 1)
(14, 23, 37, 1)
(18, 23, 37, 1)
(20, 23, 37, 1)
(14, 24, 37, 1)
(15, 24, 37, 1)
(18, 24, 37, 1)
(19, 24, 37, 1)
(22, 24, 37, 1)
(14, 25, 37, 1)
(18, 25, 37, 1)
(10, 26, 37, 1)
(11, 26, 37, 1)
(12, 26, 37, 1)
(13, 26, 37, 1)
(14, 26, 37, 1)
(16, 26, 37, 1)
(17, 26, 37, 1)
(18, 26, 37, 1)
(19, 26, 37, 1)
(20, 26, 37, 1)
(21, 26, 37, 1)
(22, 26, 37, 1)
(23, 26, 37, 1)
(24, 26, 37, 1)
(10, 27, 37, 1)
(14, 27, 37, 1)
(16, 27, 37, 1)
(18, 27, 37, 1)
(20, 27, 37, 1)
(24, 27, 37, 1)
(11, 28, 37, 1)
(14, 28, 37, 1)
(15, 28, 37, 1)
(18, 28, 37, 1)
(23, 28, 37, 1)
(26, 28, 37, 1)
(10, 29, 37, 1)
(14, 29, 37, 1)
(18, 29, 37, 1)
(22, 29, 37, 1)
(26, 29, 37, 1)
(6, 30, 37, 1)
(7, 30, 37, 1)
(8, 30, 37, 1)
(10, 30, 37, 1)
(11, 30, 37, 1)
(12, 30, 37, 1)
(13, 30, 37, 1)
(14, 30, 37, 1)
(15, 30, 37, 1)
(17, 30, 37, 1)
(18, 30, 37, 1)
(19, 30, 37, 1)
(20, 30, 37, 1)
(21, 30, 37, 1)
(22, 30, 37, 1)
(24, 30, 37, 1)
(25, 30, 37, 1)
(26, 30, 37, 1)
(27, 30, 37, 1)
(28, 30, 37, 1)
(6, 31, 37, 1)
(8, 31, 37, 1)
(12, 31, 37, 1)
(14, 31, 37, 1)
(18, 31, 37, 1)
(20, 31, 37, 1)
(24, 31, 37, 1)
(26, 31, 37, 1)
(6, 32, 37, 1)
(10, 32, 37, 1)
(11, 32, 37, 1)
(14, 32, 37, 1)
(15, 32, 37, 1)
(18, 32, 37, 1)
(19, 32, 37, 1)
(23, 32, 37, 1)
(26, 32, 37, 1)
(30, 32, 37, 1)
(6, 33, 37, 1)
(10, 33, 37, 1)
(14, 33, 37, 1)
(18, 33, 37, 1)
(22, 33, 37, 1)
(26, 33, 37, 1)
(30, 33, 37, 1)
(5, 34, 37, 1)
(6, 34, 37, 1)
(8, 34, 37, 1)
(9, 34, 37, 1)
(11, 34, 37, 1)
(12, 34, 37, 1)
(14, 34, 37, 1)
(15, 34, 37, 1)
(17, 34, 37, 1)
(18, 34, 37, 1)
(20, 34, 37, 1)
(21, 34, 37, 1)
(23, 34, 37, 1)
(24, 34, 37, 1)
(26, 34, 37, 1)
(27, 34, 37, 1)
(29, 34, 37, 1)
(30, 34, 37, 1)
(32, 34, 37, 1)
(18, 21, 38, 1)
(17, 22, 38, 1)
(19, 22, 38, 1)
(16, 23, 38, 1)
(15, 24, 38, 1)
(19, 24, 38, 1)
(21, 24, 38, 1)
(14, 25, 38, 1)
(16, 25, 38, 1)
(18, 25, 38, 1)
(20, 25, 38, 1)
(22, 25, 38, 1)
(13, 26, 38, 1)
(15, 26, 38, 1)
(19, 26, 38, 1)
(21, 26, 38, 1)
(12, 27, 38, 1)
(14, 27, 38, 1)
(18, 27, 38, 1)
(20, 27, 38, 1)
(22, 27, 38, 1)
(24, 27, 38, 1)
(11, 28, 38, 1)
(15, 28, 38, 1)
(17, 28, 38, 1)
(19, 28, 38, 1)
(21, 28, 38, 1)
(25, 28, 38, 1)
(10, 29, 38, 1)
(12, 29, 38, 1)
(16, 29, 38, 1)
(18, 29, 38, 1)
(22, 29, 38, 1)
(24, 29, 38, 1)
(9, 30, 38, 1)
(11, 30, 38, 1)
(13, 30, 38, 1)
(15, 30, 38, 1)
(17, 30, 38, 1)
(19, 30, 38, 1)
(21, 30, 38, 1)
(23, 30, 38, 1)
(25, 30, 38, 1)
(27, 30, 38, 1)
(8, 31, 38, 1)
(12, 31, 38, 1)
(14, 31, 38, 1)
(16, 31, 38, 1)
(18, 31, 38, 1)
(20, 31, 38, 1)
(22, 31, 38, 1)
(26, 31, 38, 1)
(28, 31, 38, 1)
(7, 32, 38, 1)
(9, 32, 38, 1)
(13, 32, 38, 1)
(15, 32, 38, 1)
(19, 32, 38, 1)
(21, 32, 38, 1)
(25, 32, 38, 1)
(27, 32, 38, 1)
(6, 33, 38, 1)
(10, 33, 38, 1)
(12, 33, 38, 1)
(14, 33, 38, 1)
(16, 33, 38, 1)
(20, 33, 38, 1)
(22, 33, 38, 1)
(24, 33, 38, 1)
(26, 33, 38, 1)
(30, 33, 38, 1)
(5, 34, 38, 1)
(7, 34, 38, 1)
(9, 34, 38, 1)
(11, 34, 38, 1)
(13, 34, 38, 1)
(15, 34, 38, 1)
(17, 34, 38, 1)
(19, 34, 38, 1)
(21, 34, 38, 1)
(23, 34, 38, 1)
(25, 34, 38, 1)
(27, 34, 38, 1)
(29, 34, 38, 1)
(31, 34, 38, 1)
(4, 35, 38, 1)
(6, 35, 38, 1)
(10, 35, 38, 1)
(12, 35, 38, 1)
(16, 35, 38, 1)
(18, 35, 38, 1)
(22, 35, 38, 1)
(24, 35, 38, 1)
(28, 35, 38, 1)
(30, 35, 38, 1)
(18, 20, 39, 1)
(16, 22, 39, 1)
(17, 22, 39, 1)
(18, 22, 39, 1)
(19, 22, 39, 1)
(20, 22, 39, 1)
(16, 23, 39, 1)
(18, 23, 39, 1)
(20, 23, 39, 1)
(16, 24, 39, 1)
(17, 24, 39, 1)
(20, 24, 39, 1)
(22, 24, 39, 1)
(14, 25, 39, 1)
(16, 25, 39, 1)
(20, 25, 39, 1)
(22, 25, 39, 1)
(14, 26, 39, 1)
(15, 26, 39, 1)
(16, 26, 39, 1)
(17, 26, 39, 1)
(18, 26, 39, 1)
(19, 26, 39, 1)
(20, 26, 39, 1)
(21, 26, 39, 1)
(22, 26, 39, 1)
(23, 26, 39, 1)
(24, 26, 39, 1)
(14, 27, 39, 1)
(16, 27, 39, 1)
(20, 27, 39, 1)
(22, 27, 39, 1)
(10, 28, 39, 1)
(11, 28, 39, 1)
(12, 28, 39, 1)
(13, 28, 39, 1)
(14, 28, 39, 1)
(15, 28, 39, 1)
(16, 28, 39, 1)
(18, 28, 39, 1)
(19, 28, 39, 1)
(20, 28, 39, 1)
(21, 28, 39, 1)
(22, 28, 39, 1)
(23, 28, 39, 1)
(24, 28, 39, 1)
(25, 28, 39, 1)
(26, 28, 39, 1)
(10, 29, 39, 1)
(12, 29, 39, 1)
(16, 29, 39, 1)
(18, 29, 39, 1)
(20, 29, 39, 1)
(22, 29, 39, 1)
(26, 29, 39, 1)
(8, 30, 39, 1)
(10, 30, 39, 1)
(11, 30, 39, 1)
(13, 30, 39, 1)
(14, 30, 39, 1)
(16, 30, 39, 1)
(17, 30, 39, 1)
(19, 30, 39, 1)
(20, 30, 39, 1)
(22, 30, 39, 1)
(23, 30, 39, 1)
(25, 30, 39, 1)
(26, 30, 39, 1)
(28, 30, 39, 1)
(8, 31, 39, 1)
(10, 31, 39, 1)
(12, 31, 39, 1)
(14, 31, 39, 1)
(16, 31, 39, 1)
(18, 31, 39, 1)
(20, 31, 39, 1)
(22, 31, 39, 1)
(24, 31, 39, 1)
(26, 31, 39, 1)
(28, 31, 39, 1)
(6, 32, 39, 1)
(7, 32, 39, 1)
(8, 32, 39, 1)
(9, 32, 39, 1)
(10, 32, 39, 1)
(12, 32, 39, 1)
(13, 32, 39, 1)
(14, 32, 39, 1)
(15, 32, 39, 1)
(16, 32, 39, 1)
(17, 32, 39, 1)
(19, 32, 39, 1)
(20, 32, 39, 1)
(21, 32, 39, 1)
(22, 32, 39, 1)
(23, 32, 39, 1)
(24, 32, 39, 1)
(26, 32, 39, 1)
(27, 32, 39, 1)
(28, 32, 39, 1)
(29, 32, 39, 1)
(30, 32, 39, 1)
(8, 33, 39, 1)
(10, 33, 39, 1)
(14, 33, 39, 1)
(16, 33, 39, 1)
(20, 33, 39, 1)
(22, 33, 39, 1)
(26, 33, 39, 1)
(28, 33, 39, 1)
(5, 34, 39, 1)
(6, 34, 39, 1)
(7, 34, 39, 1)
(8, 34, 39, 1)
(10, 34, 39, 1)
(11, 34, 39, 1)
(12, 34, 39, 1)
(13, 34, 39, 1)
(15, 34, 39, 1)
(16, 34, 39, 1)
(17, 34, 39, 1)
(18, 34, 39, 1)
(20, 34, 39, 1)
(21, 34, 39, 1)
(22, 34, 39, 1)
(23, 34, 39, 1)
(25, 34, 39, 1)
(26, 34, 39, 1)
(27, 34, 39, 1)
(28, 34, 39, 1)
(30, 34, 39, 1)
(31, 34, 39, 1)
(32, 34, 39, 1)
(4, 35, 39, 1)
(6, 35, 39, 1)
(8, 35, 39, 1)
(10, 35, 39, 1)
(12, 35, 39, 1)
(14, 35, 39, 1)
(16, 35, 39, 1)
(18, 35, 39, 1)
(20, 35, 39, 1)
(22, 35, 39, 1)
(24, 35, 39, 1)
(26, 35, 39, 1)
(28, 35, 39, 1)
(30, 35, 39, 1)
(32, 35, 39, 1)
(4, 36, 39, 1)
(5, 36, 39, 1)
(7, 36, 39, 1)
(8, 36, 39, 1)
(10, 36, 39, 1)
(11, 36, 39, 1)
(13, 36, 39, 1)
(14, 36, 39, 1)
(16, 36, 39, 1)
(17, 36, 39, 1)
(19, 36, 39, 1)
(20, 36, 39, 1)
(22, 36, 39, 1)
(23, 36, 39, 1)
(25, 36, 39, 1)
(26, 36, 39, 1)
(28, 36, 39, 1)
(29, 36, 39, 1)
(31, 36, 39, 1)
(32, 36, 39, 1)
(34, 36, 39, 1)
(18, 23, 40, 1)
(20, 23, 40, 1)
(19, 24, 40, 1)
(18, 25, 40, 1)
(15, 26, 40, 1)
(17, 26, 40, 1)
(21, 26, 40, 1)
(23, 26, 40, 1)
(16, 27, 40, 1)
(18, 27, 40, 1)
(20, 27, 40, 1)
(22, 27, 40, 1)
(24, 27, 40, 1)
(15, 28, 40, 1)
(23, 28, 40, 1)
(14, 29, 40, 1)
(22, 29, 40, 1)
(26, 29, 40, 1)
(11, 30, 40, 1)
(13, 30, 40, 1)
(17, 30, 40, 1)
(19, 30, 40, 1)
(21, 30, 40, 1)
(23, 30, 40, 1)
(27, 30, 40, 1)
(12, 31, 40, 1)
(14, 31, 40, 1)
(18, 31, 40, 1)
(20, 31, 40, 1)
(24, 31, 40, 1)
(26, 31, 40, 1)
(11, 32, 40, 1)
(15, 32, 40, 1)
(19, 32, 40, 1)
(23, 32, 40, 1)
(27, 32, 40, 1)
(10, 33, 40, 1)
(14, 33, 40, 1)
(18, 33, 40, 1)
(22, 33, 40, 1)
(30, 33, 40, 1)
(9, 34, 40, 1)
(11, 34, 40, 1)
(15, 34, 40, 1)
(17, 34, 40, 1)
(21, 34, 40, 1)
(23, 34, 40, 1)
(27, 34, 40, 1)
(29, 34, 40, 1)
(6, 35, 40, 1)
(8, 35, 40, 1)
(12, 35, 40, 1)
(14, 35, 40, 1)
(16, 35, 40, 1)
(18, 35, 40, 1)
(22, 35, 40, 1)
(24, 35, 40, 1)
(26, 35, 40, 1)
(28, 35, 40, 1)
(32, 35, 40, 1)
(7, 36, 40, 1)
(11, 36, 40, 1)
(15, 36, 40, 1)
(19, 36, 40, 1)
(23, 36, 40, 1)
(27, 36, 40, 1)
(31, 36, 40, 1)
(6, 37, 40, 1)
(14, 37, 40, 1)
(18, 37, 40, 1)
(26, 37, 40, 1)
(30, 37, 40, 1)
(18, 22, 41, 1)
(19, 22, 41, 1)
(20, 22, 41, 1)
(18, 23, 41, 1)
(18, 24, 41, 1)
(19, 24, 41, 1)
(22, 24, 41, 1)
(18, 25, 41, 1)
(22, 25, 41, 1)
(15, 26, 41, 1)
(18, 26, 41, 1)
(19, 26, 41, 1)
(22, 26, 41, 1)
(24, 26, 41, 1)
(14, 27, 41, 1)
(16, 27, 41, 1)
(18, 27, 41, 1)
(22, 27, 41, 1)
(24, 27, 41, 1)
(14, 28, 41, 1)
(18, 28, 41, 1)
(19, 28, 41, 1)
(22, 28, 41, 1)
(23, 28, 41, 1)
(26, 28, 41, 1)
(18, 29, 41, 1)
(22, 29, 41, 1)
(10, 30, 41, 1)
(11, 30, 41, 1)
(12, 30, 41, 1)
(13, 30, 41, 1)
(14, 30, 41, 1)
(15, 30, 41, 1)
(16, 30, 41, 1)
(17, 30, 41, 1)
(18, 30, 41, 1)
(20, 30, 41, 1)
(21, 30, 41, 1)
(22, 30, 41, 1)
(23, 30, 41, 1)
(24, 30, 41, 1)
(25, 30, 41, 1)
(26, 30, 41, 1)
(27, 30, 41, 1)
(28, 30, 41, 1)
(10, 31, 41, 1)
(12, 31, 41, 1)
(14, 31, 41, 1)
(18, 31, 41, 1)
(20, 31, 41, 1)
(22, 31, 41, 1)
(24, 31, 41, 1)
(28, 31, 41, 1)
(10, 32, 41, 1)
(15, 32, 41, 1)
(18, 32, 41, 1)
(19, 32, 41, 1)
(22, 32, 41, 1)
(27, 32, 41, 1)
(30, 32, 41, 1)
(10, 33, 41, 1)
(14, 33, 41, 1)
(18, 33, 41, 1)
(22, 33, 41, 1)
(26, 33, 41, 1)
(30, 33, 41, 1)
(7, 34, 41, 1)
(8, 34, 41, 1)
(9, 34, 41, 1)
(10, 34, 41, 1)
(11, 34, 41, 1)
(12, 34, 41, 1)
(14, 34, 41, 1)
(15, 34, 41, 1)
(16, 34, 41, 1)
(17, 34, 41, 1)
(18, 34, 41, 1)
(19, 34, 41, 1)
(21, 34, 41, 1)
(22, 34, 41, 1)
(23, 34, 41, 1)
(24, 34, 41, 1)
(25, 34, 41, 1)
(26, 34, 41, 1)
(28, 34, 41, 1)
(29, 34, 41, 1)
(30, 34, 41, 1)
(31, 34, 41, 1)
(32, 34, 41, 1)
(6, 35, 41, 1)
(10, 35, 41, 1)
(12, 35, 41, 1)
(16, 35, 41, 1)
(18, 35, 41, 1)
(22, 35, 41, 1)
(24, 35, 41, 1)
(28, 35, 41, 1)
(30, 35, 41, 1)
(7, 36, 41, 1)
(10, 36, 41, 1)
(14, 36, 41, 1)
(15, 36, 41, 1)
(18, 36, 41, 1)
(19, 36, 41, 1)
(22, 36, 41, 1)
(23, 36, 41, 1)
(27, 36, 41, 1)
(30, 36, 41, 1)
(34, 36, 41, 1)
(6, 37, 41, 1)
(10, 37, 41, 1)
(14, 37, 41, 1)
(18, 37, 41, 1)
(22, 37, 41, 1)
(26, 37, 41, 1)
(30, 37, 41, 1)
(34, 37, 41, 1)
(4, 38, 41, 1)
(6, 38, 41, 1)
(7, 38, 41, 1)
(9, 38, 41, 1)
(10, 38, 41, 1)
(12, 38, 41, 1)
(13, 38, 41, 1)
(15, 38, 41, 1)
(16, 38, 41, 1)
(18, 38, 41, 1)
(19, 38, 41, 1)
(21, 38, 41, 1)
(22, 38, 41, 1)
(24, 38, 41, 1)
(25, 38, 41, 1)
(27, 38, 41, 1)
(28, 38, 41, 1)
(30, 38, 41, 1)
(31, 38, 41, 1)
(33, 38, 41, 1)
(34, 38, 41, 1)
(36, 38, 41, 1)
(20, 23, 42, 1)
(19, 24, 42, 1)
(18, 25, 42, 1)
(20, 25, 42, 1)
(22, 25, 42, 1)
(17, 26, 42, 1)
(19, 26, 42, 1)
(21, 26, 42, 1)
(23, 26, 42, 1)
(16, 27, 42, 1)
(20, 27, 42, 1)
(15, 28, 42, 1)
(17, 28, 42, 1)
(19, 28, 42, 1)
(23, 28, 42, 1)
(25, 28, 42, 1)
(14, 29, 42, 1)
(18, 29, 42, 1)
(20, 29, 42, 1)
(22, 29, 42, 1)
(24, 29, 42, 1)
(26, 29, 42, 1)
(13, 30, 42, 1)
(17, 30, 42, 1)
(19, 30, 42, 1)
(23, 30, 42, 1)
(25, 30, 42, 1)
(12, 31, 42, 1)
(14, 31, 42, 1)
(16, 31, 42, 1)
(18, 31, 42, 1)
(22, 31, 42, 1)
(24, 31, 42, 1)
(26, 31, 42, 1)
(28, 31, 42, 1)
(11, 32, 42, 1)
(13, 32, 42, 1)
(15, 32, 42, 1)
(19, 32, 42, 1)
(21, 32, 42, 1)
(23, 32, 42, 1)
(25, 32, 42, 1)
(29, 32, 42, 1)
(10, 33, 42, 1)
(14, 33, 42, 1)
(16, 33, 42, 1)
(20, 33, 42, 1)
(22, 33, 42, 1)
(26, 33, 42, 1)
(28, 33, 42, 1)
(9, 34, 42, 1)
(11, 34, 42, 1)
(13, 34, 42, 1)
(15, 34, 42, 1)
(17, 34, 42, 1)
(19, 34, 42, 1)
(21, 34, 42, 1)
(23, 34, 42, 1)
(25, 34, 42, 1)
(27, 34, 42, 1)
(29, 34, 42, 1)
(31, 34, 42, 1)
(8, 35, 42, 1)
(10, 35, 42, 1)
(12, 35, 42, 1)
(16, 35, 42, 1)
(18, 35, 42, 1)
(20, 35, 42, 1)
(22, 35, 42, 1)
(24, 35, 42, 1)
(26, 35, 42, 1)
(30, 35, 42, 1)
(32, 35, 42, 1)
(7, 36, 42, 1)
(11, 36, 42, 1)
(13, 36, 42, 1)
(17, 36, 42, 1)
(19, 36, 42, 1)
(23, 36, 42, 1)
(25, 36, 42, 1)
(29, 36, 42, 1)
(31, 36, 42, 1)
(6, 37, 42, 1)
(8, 37, 42, 1)
(10, 37, 42, 1)
(14, 37, 42, 1)
(16, 37, 42, 1)
(18, 37, 42, 1)
(20, 37, 42, 1)
(24, 37, 42, 1)
(26, 37, 42, 1)
(28, 37, 42, 1)
(30, 37, 42, 1)
(34, 37, 42, 1)
(5, 38, 42, 1)
(7, 38, 42, 1)
(9, 38, 42, 1)
(11, 38, 42, 1)
(13, 38, 42, 1)
(15, 38, 42, 1)
(17, 38, 42, 1)
(19, 38, 42, 1)
(21, 38, 42, 1)
(23, 38, 42, 1)
(25, 38, 42, 1)
(27, 38, 42, 1)
(29, 38, 42, 1)
(31, 38, 42, 1)
(33, 38, 42, 1)
(35, 38, 42, 1)
(4, 39, 42, 1)
(8, 39, 42, 1)
(10, 39, 42, 1)
(14, 39, 42, 1)
(16, 39, 42, 1)
(20, 39, 42, 1)
(22, 39, 42, 1)
(26, 39, 42, 1)
(28, 39, 42, 1)
(32, 39, 42, 1)
(34, 39, 42, 1)
(20, 22, 43, 1)
(20, 23, 43, 1)
(18, 24, 43, 1)
(19, 24, 43, 1)
(20, 24, 43, 1)
(21, 24, 43, 1)
(22, 24, 43, 1)
(18, 25, 43, 1)
(20, 25, 43, 1)
(16, 26, 43, 1)
(17, 26, 43, 1)
(18, 26, 43, 1)
(19, 26, 43, 1)
(20, 26, 43, 1)
(21, 26, 43, 1)
(22, 26, 43, 1)
(23, 26, 43, 1)
(24, 26, 43, 1)
(16, 27, 43, 1)
(18, 27, 43, 1)
(20, 27, 43, 1)
(22, 27, 43, 1)
(24, 27, 43, 1)
(14, 28, 43, 1)
(15, 28, 43, 1)
(17, 28, 43, 1)
(20, 28, 43, 1)
(21, 28, 43, 1)
(24, 28, 43, 1)
(26, 28, 43, 1)
(14, 29, 43, 1)
(16, 29, 43, 1)
(18, 29, 43, 1)
(20, 29, 43, 1)
(24, 29, 43, 1)
(26, 29, 43, 1)
(12, 30, 43, 1)
(13, 30, 43, 1)
(14, 30, 43, 1)
(15, 30, 43, 1)
(16, 30, 43, 1)
(18, 30, 43, 1)
(19, 30, 43, 1)
(20, 30, 43, 1)
(21, 30, 43, 1)
(22, 30, 43, 1)
(23, 30, 43, 1)
(24, 30, 43, 1)
(25, 30, 43, 1)
(26, 30, 43, 1)
(27, 30, 43, 1)
(28, 30, 43, 1)
(12, 31, 43, 1)
(14, 31, 43, 1)
(18, 31, 43, 1)
(20, 31, 43, 1)
(24, 31, 43, 1)
(26, 31, 43, 1)
(11, 32, 43, 1)
(12, 32, 43, 1)
(13, 32, 43, 1)
(14, 32, 43, 1)
(15, 32, 43, 1)
(16, 32, 43, 1)
(17, 32, 43, 1)
(18, 32, 43, 1)
(19, 32, 43, 1)
(20, 32, 43, 1)
(22, 32, 43, 1)
(23, 32, 43, 1)
(24, 32, 43, 1)
(25, 32, 43, 1)
(26, 32, 43, 1)
(27, 32, 43, 1)
(28, 32, 43, 1)
(29, 32, 43, 1)
(30, 32, 43, 1)
(10, 33, 43, 1)
(12, 33, 43, 1)
(14, 33, 43, 1)
(16, 33, 43, 1)
(20, 33, 43, 1)
(22, 33, 43, 1)
(24, 33, 43, 1)
(26, 33, 43, 1)
(30, 33, 43, 1)
(8, 34, 43, 1)
(9, 34, 43, 1)
(11, 34, 43, 1)
(12, 34, 43, 1)
(14, 34, 43, 1)
(15, 34, 43, 1)
(17, 34, 43, 1)
(18, 34, 43, 1)
(20, 34, 43, 1)
(21, 34, 43, 1)
(23, 34, 43, 1)
(24, 34, 43, 1)
(26, 34, 43, 1)
(27, 34, 43, 1)
(29, 34, 43, 1)
(30, 34, 43, 1)
(32, 34, 43, 1)
(8, 35, 43, 1)
(10, 35, 43, 1)
(12, 35, 43, 1)
(14, 35, 43, 1)
(16, 35, 43, 1)
(18, 35, 43, 1)
(20, 35, 43, 1)
(22, 35, 43, 1)
(24, 35, 43, 1)
(26, 35, 43, 1)
(28, 35, 43, 1)
(30, 35, 43, 1)
(32, 35, 43, 1)
(6, 36, 43, 1)
(7, 36, 43, 1)
(9, 36, 43, 1)
(10, 36, 43, 1)
(11, 36, 43, 1)
(12, 36, 43, 1)
(13, 36, 43, 1)
(14, 36, 43, 1)
(16, 36, 43, 1)
(17, 36, 43, 1)
(18, 36, 43, 1)
(19, 36, 43, 1)
(20, 36, 43, 1)
(21, 36, 43, 1)
(23, 36, 43, 1)
(24, 36, 43, 1)
(25, 36, 43, 1)
(26, 36, 43, 1)
(27, 36, 43, 1)
(28, 36, 43, 1)
(30, 36, 43, 1)
(31, 36, 43, 1)
(32, 36, 43, 1)
(33, 36, 43, 1)
(34, 36, 43, 1)
(6, 37, 43, 1)
(8, 37, 43, 1)
(12, 37, 43, 1)
(14, 37, 43, 1)
(18, 37, 43, 1)
(20, 37, 43, 1)
(24, 37, 43, 1)
(26, 37, 43, 1)
(30, 37, 43, 1)
(32, 37, 43, 1)
(4, 38, 43, 1)
(5, 38, 43, 1)
(6, 38, 43, 1)
(7, 38, 43, 1)
(9, 38, 43, 1)
(10, 38, 43, 1)
(11, 38, 43, 1)
(12, 38, 43, 1)
(14, 38, 43, 1)
(15, 38, 43, 1)
(16, 38, 43, 1)
(17, 38, 43, 1)
(19, 38, 43, 1)
(20, 38, 43, 1)
(21, 38, 43, 1)
(22, 38, 43, 1)
(24, 38, 43, 1)
(25, 38, 43, 1)
(26, 38, 43, 1)
(27, 38, 43, 1)
(29, 38, 43, 1)
(30, 38, 43, 1)
(31, 38, 43, 1)
(32, 38, 43, 1)
(34, 38, 43, 1)
(35, 38, 43, 1)
(36, 38, 43, 1)
(4, 39, 43, 1)
(6, 39, 43, 1)
(8, 39, 43, 1)
(10, 39, 43, 1)
(12, 39, 43, 1)
(14, 39, 43, 1)
(16, 39, 43, 1)
(18, 39, 43, 1)
(20, 39, 43, 1)
(22, 39, 43, 1)
(24, 39, 43, 1)
(26, 39, 43, 1)
(28, 39, 43, 1)
(30, 39, 43, 1)
(32, 39, 43, 1)
(34, 39, 43, 1)
(36, 39, 43, 1)
(5, 40, 43, 1)
(6, 40, 43, 1)
(8, 40, 43, 1)
(9, 40, 43, 1)
(11, 40, 43, 1)
(12, 40, 43, 1)
(14, 40, 43, 1)
(15, 40, 43, 1)
(17, 40, 43, 1)
(18, 40, 43, 1)
(20, 40, 43, 1)
(21, 40, 43, 1)
(23, 40, 43, 1)
(24, 40, 43, 1)
(26, 40, 43, 1)
(27, 40, 43, 1)
(29, 40, 43, 1)
(30, 40, 43, 1)
(32, 40, 43, 1)
(33, 40, 43, 1)
(35, 40, 43, 1)
(36, 40, 43, 1)
(38, 40, 43, 1)
(22, 25, 44, 1)
(19, 26, 44, 1)
(21, 26, 44, 1)
(18, 27, 44, 1)
(20, 27, 44, 1)
(22, 27, 44, 1)
(24, 27, 44, 1)
(19, 28, 44, 1)
(23, 28, 44, 1)
(18, 29, 44, 1)
(22, 29, 44, 1)
(15, 30, 44, 1)
(17, 30, 44, 1)
(19, 30, 44, 1)
(21, 30, 44, 1)
(25, 30, 44, 1)
(27, 30, 44, 1)
(14, 31, 44, 1)
(16, 31, 44, 1)
(20, 31, 44, 1)
(22, 31, 44, 1)
(24, 31, 44, 1)
(26, 31, 44, 1)
(28, 31, 44, 1)
(15, 32, 44, 1)
(19, 32, 44, 1)
(27, 32, 44, 1)
(14, 33, 44, 1)
(18, 33, 44, 1)
(26, 33, 44, 1)
(30, 33, 44, 1)
(11, 34, 44, 1)
(13, 34, 44, 1)
(15, 34, 44, 1)
(17, 34, 44, 1)
(21, 34, 44, 1)
(23, 34, 44, 1)
(25, 34, 44, 1)
(27, 34, 44, 1)
(31, 34, 44, 1)
(10, 35, 44, 1)
(12, 35, 44, 1)
(16, 35, 44, 1)
(18, 35, 44, 1)
(22, 35, 44, 1)
(24, 35, 44, 1)
(28, 35, 44, 1)
(30, 35, 44, 1)
(11, 36, 44, 1)
(15, 36, 44, 1)
(19, 36, 44, 1)
(23, 36, 44, 1)
(27, 36, 44, 1)
(31, 36, 44, 1)
(10, 37, 44, 1)
(14, 37, 44, 1)
(18, 37, 44, 1)
(22, 37, 44, 1)
(26, 37, 44, 1)
(34, 37, 44, 1)
(7, 38, 44, 1)
(9, 38, 44, 1)
(13, 38, 44, 1)
(15, 38, 44, 1)
(19, 38, 44, 1)
(21, 38, 44, 1)
(25, 38, 44, 1)
(27, 38, 44, 1)
(31, 38, 44, 1)
(33, 38, 44, 1)
(6, 39, 44, 1)
(8, 39, 44, 1)
(10, 39, 44, 1)
(12, 39, 44, 1)
(16, 39, 44, 1)
(18, 39, 44, 1)
(20, 39, 44, 1)
(22, 39, 44, 1)
(26, 39, 44, 1)
(28, 39, 44, 1)
(30, 39, 44, 1)
(32, 39, 44, 1)
(36, 39, 44, 1)
(7, 40, 44, 1)
(11, 40, 44, 1)
(15, 40, 44, 1)
(19, 40, 44, 1)
(23, 40, 44, 1)
(27, 40, 44, 1)
(31, 40, 44, 1)
(35, 40, 44, 1)
(6, 41, 44, 1)
(10, 41, 44, 1)
(18, 41, 44, 1)
(22, 41, 44, 1)
(30, 41, 44, 1)
(34, 41, 44, 1)
(22, 24, 45, 1)
(22, 25, 45, 1)
(18, 26, 45, 1)
(19, 26, 45, 1)
(20, 26, 45, 1)
(21, 26, 45, 1)
(22, 26, 45, 1)
(23, 26, 45, 1)
(24, 26, 45, 1)
(20, 27, 45, 1)
(22, 27, 45, 1)
(18, 28, 45, 1)
(19, 28, 45, 1)
(22, 28, 45, 1)
(23, 28, 45, 1)
(26, 28, 45, 1)
(18, 29, 45, 1)
(22, 29, 45, 1)
(26, 29, 45, 1)
(16, 30, 45, 1)
(17, 30, 45, 1)
(19, 30, 45, 1)
(22, 30, 45, 1)
(23, 30, 45, 1)
(26, 30, 45, 1)
(28, 30, 45, 1)
(14, 31, 45, 1)
(16, 31, 45, 1)
(18, 31, 45, 1)
(20, 31, 45, 1)
(22, 31, 45, 1)
(26, 31, 45, 1)
(28, 31, 45, 1)
(14, 32, 45, 1)
(15, 32, 45, 1)
(18, 32, 45, 1)
(22, 32, 45, 1)
(23, 32, 45, 1)
(26, 32, 45, 1)
(27, 32, 45, 1)
(30, 32, 45, 1)
(14, 33, 45, 1)
(22, 33, 45, 1)
(26, 33, 45, 1)
(10, 34, 45, 1)
(11, 34, 45, 1)
(13, 34, 45, 1)
(14, 34, 45, 1)
(15, 34, 45, 1)
(16, 34, 45, 1)
(17, 34, 45, 1)
(18, 34, 45, 1)
(19, 34, 45, 1)
(20, 34, 45, 1)
(21, 34, 45, 1)
(22, 34, 45, 1)
(24, 34, 45, 1)
(25, 34, 45, 1)
(26, 34, 45, 1)
(27, 34, 45, 1)
(28, 34, 45, 1)
(29, 34, 45, 1)
(30, 34, 45, 1)
(31, 34, 45, 1)
(32, 34, 45, 1)
(12, 35, 45, 1)
(14, 35, 45, 1)
(16, 35, 45, 1)
(18, 35, 45, 1)
(22, 35, 45, 1)
(24, 35, 45, 1)
(26, 35, 45, 1)
(28, 35, 45, 1)
(32, 35, 45, 1)
(10, 36, 45, 1)
(11, 36, 45, 1)
(14, 36, 45, 1)
(19, 36, 45, 1)
(22, 36, 45, 1)
(23, 36, 45, 1)
(26, 36, 45, 1)
(31, 36, 45, 1)
(34, 36, 45, 1)
(10, 37, 45, 1)
(14, 37, 45, 1)
(18, 37, 45, 1)
(22, 37, 45, 1)
(26, 37, 45, 1)
(30, 37, 45, 1)
(34, 37, 45, 1)
(6, 38, 45, 1)
(7, 38, 45, 1)
(8, 38, 45, 1)
(9, 38, 45, 1)
(11, 38, 45, 1)
(12, 38, 45, 1)
(13, 38, 45, 1)
(14, 38, 45, 1)
(15, 38, 45, 1)
(16, 38, 45, 1)
(18, 38, 45, 1)
(19, 38, 45, 1)
(20, 38, 45, 1)
(21, 38, 45, 1)
(22, 38, 45, 1)
(23, 38, 45, 1)
(25, 38, 45, 1)
(26, 38, 45, 1)
(27, 38, 45, 1)
(28, 38, 45, 1)
(29, 38, 45, 1)
(30, 38, 45, 1)
(32, 38, 45, 1)
(33, 38, 45, 1)
(34, 38, 45, 1)
(35, 38, 45, 1)
(36, 38, 45, 1)
(8, 39, 45, 1)
(10, 39, 45, 1)
(14, 39, 45, 1)
(16, 39, 45, 1)
(20, 39, 45, 1)
(22, 39, 45, 1)
(26, 39, 45, 1)
(28, 39, 45, 1)
(32, 39, 45, 1)
(34, 39, 45, 1)
(6, 40, 45, 1)
(7, 40, 45, 1)
(11, 40, 45, 1)
(14, 40, 45, 1)
(18, 40, 45, 1)
(19, 40, 45, 1)
(22, 40, 45, 1)
(23, 40, 45, 1)
(26, 40, 45, 1)
(27, 40, 45, 1)
(31, 40, 45, 1)
(34, 40, 45, 1)
(38, 40, 45, 1)
(6, 41, 45, 1)
(10, 41, 45, 1)
(14, 41, 45, 1)
(18, 41, 45, 1)
(22, 41, 45, 1)
(26, 41, 45, 1)
(30, 41, 45, 1)
(34, 41, 45, 1)
(38, 41, 45, 1)
(4, 42, 45, 1)
(5, 42, 45, 1)
(7, 42, 45, 1)
(8, 42, 45, 1)
(10, 42, 45, 1)
(11, 42, 45, 1)
(13, 42, 45, 1)
(14, 42, 45, 1)
(16, 42, 45, 1)
(17, 42, 45, 1)
(19, 42, 45, 1)
(20, 42, 45, 1)
(22, 42, 45, 1)
(23, 42, 45, 1)
(25, 42, 45, 1)
(26, 42, 45, 1)
(28, 42, 45, 1)
(29, 42, 45, 1)
(31, 42, 45, 1)
(32, 42, 45, 1)
(34, 42, 45, 1)
(35, 42, 45, 1)
(37, 42, 45, 1)
(38, 42, 45, 1)
(40, 42, 45, 1)
(23, 26, 46, 1)
(20, 27, 46, 1)
(22, 27, 46, 1)
(24, 27, 46, 1)
(21, 28, 46, 1)
(23, 28, 46, 1)
(18, 29, 46, 1)
(20, 29, 46, 1)
(22, 29, 46, 1)
(24, 29, 46, 1)
(26, 29, 46, 1)
(17, 30, 46, 1)
(19, 30, 46, 1)
(21, 30, 46, 1)
(23, 30, 46, 1)
(25, 30, 46, 1)
(27, 30, 46, 1)
(18, 31, 46, 1)
(20, 31, 46, 1)
(24, 31, 46, 1)
(15, 32, 46, 1)
(17, 32, 46, 1)
(19, 32, 46, 1)
(21, 32, 46, 1)
(23, 32, 46, 1)
(27, 32, 46, 1)
(29, 32, 46, 1)
(14, 33, 46, 1)
(16, 33, 46, 1)
(18, 33, 46, 1)
(22, 33, 46, 1)
(24, 33, 46, 1)
(26, 33, 46, 1)
(28, 33, 46, 1)
(30, 33, 46, 1)
(15, 34, 46, 1)
(17, 34, 46, 1)
(21, 34, 46, 1)
(23, 34, 46, 1)
(27, 34, 46, 1)
(29, 34, 46, 1)
(12, 35, 46, 1)
(14, 35, 46, 1)
(16, 35, 46, 1)
(18, 35, 46, 1)
(20, 35, 46, 1)
(22, 35, 46, 1)
(26, 35, 46, 1)
(28, 35, 46, 1)
(30, 35, 46, 1)
(32, 35, 46, 1)
(13, 36, 46, 1)
(15, 36, 46, 1)
(17, 36, 46, 1)
(19, 36, 46, 1)
(23, 36, 46, 1)
(25, 36, 46, 1)
(27, 36, 46, 1)
(29, 36, 46, 1)
(33, 36, 46, 1)
(12, 37, 46, 1)
(14, 37, 46, 1)
(18, 37, 46, 1)
(20, 37, 46, 1)
(24, 37, 46, 1)
(26, 37, 46, 1)
(30, 37, 46, 1)
(32, 37, 46, 1)
(9, 38, 46, 1)
(11, 38, 46, 1)
(13, 38, 46, 1)
(15, 38, 46, 1)
(17, 38, 46, 1)
(19, 38, 46, 1)
(21, 38, 46, 1)
(23, 38, 46, 1)
(25, 38, 46, 1)
(27, 38, 46, 1)
(29, 38, 46, 1)
(31, 38, 46, 1)
(33, 38, 46, 1)
(35, 38, 46, 1)
(8, 39, 46, 1)
(10, 39, 46, 1)
(12, 39, 46, 1)
(14, 39, 46, 1)
(16, 39, 46, 1)
(20, 39, 46, 1)
(22, 39, 46, 1)
(24, 39, 46, 1)
(26, 39, 46, 1)
(28, 39, 46, 1)
(30, 39, 46, 1)
(34, 39, 46, 1)
(36, 39, 46, 1)
(9, 40, 46, 1)
(11, 40, 46, 1)
(15, 40, 46, 1)
(17, 40, 46, 1)
(21, 40, 46, 1)
(23, 40, 46, 1)
(27, 40, 46, 1)
(29, 40, 46, 1)
(33, 40, 46, 1)
(35, 40, 46, 1)
(8, 41, 46, 1)
(10, 41, 46, 1)
(12, 41, 46, 1)
(14, 41, 46, 1)
(18, 41, 46, 1)
(20, 41, 46, 1)
(22, 41, 46, 1)
(24, 41, 46, 1)
(28, 41, 46, 1)
(30, 41, 46, 1)
(32, 41, 46, 1)
(34, 41, 46, 1)
(38, 41, 46, 1)
(5, 42, 46, 1)
(7, 42, 46, 1)
(9, 42, 46, 1)
(11, 42, 46, 1)
(13, 42, 46, 1)
(15, 42, 46, 1)
(17, 42, 46, 1)
(19, 42, 46, 1)
(21, 42, 46, 1)
(23, 42, 46, 1)
(25, 42, 46, 1)
(27, 42, 46, 1)
(29, 42, 46, 1)
(31, 42, 46, 1)
(33, 42, 46, 1)
(35, 42, 46, 1)
(37, 42, 46, 1)
(39, 42, 46, 1)
(6, 43, 46, 1)
(8, 43, 46, 1)
(12, 43, 46, 1)
(14, 43, 46, 1)
(18, 43, 46, 1)
(20, 43, 46, 1)
(24, 43, 46, 1)
(26, 43, 46, 1)
(30, 43, 46, 1)
(32, 43, 46, 1)
(36, 43, 46, 1)
(38, 43, 46, 1)
(22, 24, 47, 1)
(22, 25, 47, 1)
(21, 26, 47, 1)
(22, 26, 47, 1)
(24, 26, 47, 1)
(20, 27, 47, 1)
(24, 27, 47, 1)
(18, 28, 47, 1)
(19, 28, 47, 1)
(20, 28, 47, 1)
(21, 28, 47, 1)
(22, 28, 47, 1)
(23, 28, 47, 1)
(24, 28, 47, 1)
(25, 28, 47, 1)
(26, 28, 47, 1)
(18, 29, 47, 1)
(22, 29, 47, 1)
(24, 29, 47, 1)
(16, 30, 47, 1)
(17, 30, 47, 1)
(18, 30, 47, 1)
(19, 30, 47, 1)
(20, 30, 47, 1)
(21, 30, 47, 1)
(22, 30, 47, 1)
(23, 30, 47, 1)
(24, 30, 47, 1)
(25, 30, 47, 1)
(26, 30, 47, 1)
(27, 30, 47, 1)
(28, 30, 47, 1)
(16, 31, 47, 1)
(18, 31, 47, 1)
(20, 31, 47, 1)
(22, 31, 47, 1)
(24, 31, 47, 1)
(26, 31, 47, 1)
(28, 31, 47, 1)
(15, 32, 47, 1)
(16, 32, 47, 1)
(18, 32, 47, 1)
(19, 32, 47, 1)
(21, 32, 47, 1)
(24, 32, 47, 1)
(25, 32, 47, 1)
(28, 32, 47, 1)
(30, 32, 47, 1)
(14, 33, 47, 1)
(16, 33, 47, 1)
(18, 33, 47, 1)
(20, 33, 47, 1)
(22, 33, 47, 1)
(24, 33, 47, 1)
(28, 33, 47, 1)
(30, 33, 47, 1)
(12, 34, 47, 1)
(13, 34, 47, 1)
(14, 34, 47, 1)
(15, 34, 47, 1)
(16, 34, 47, 1)
(17, 34, 47, 1)
(18, 34, 47, 1)
(19, 34, 47, 1)
(20, 34, 47, 1)
(22, 34, 47, 1)
(23, 34, 47, 1)
(24, 34, 47, 1)
(25, 34, 47, 1)
(26, 34, 47, 1)
(27, 34, 47, 1)
(28, 34, 47, 1)
(29, 34, 47, 1)
(30, 34, 47, 1)
(31, 34, 47, 1)
(32, 34, 47, 1)
(12, 35, 47, 1)
(16, 35, 47, 1)
(18, 35, 47, 1)
(22, 35, 47, 1)
(24, 35, 47, 1)
(28, 35, 47, 1)
(30, 35, 47, 1)
(10, 36, 47, 1)
(11, 36, 47, 1)
(12, 36, 47, 1)
(13, 36, 47, 1)
(15, 36, 47, 1)
(16, 36, 47, 1)
(17, 36, 47, 1)
(18, 36, 47, 1)
(19, 36, 47, 1)
(20, 36, 47, 1)
(21, 36, 47, 1)
(22, 36, 47, 1)
(23, 36, 47, 1)
(24, 36, 47, 1)
(26, 36, 47, 1)
(27, 36, 47, 1)
(28, 36, 47, 1)
(29, 36, 47, 1)
(30, 36, 47, 1)
(31, 36, 47, 1)
(32, 36, 47, 1)
(33, 36, 47, 1)
(34, 36, 47, 1)
(10, 37, 47, 1)
(14, 37, 47, 1)
(16, 37, 47, 1)
(18, 37, 47, 1)
(20, 37, 47, 1)
(24, 37, 47, 1)
(26, 37, 47, 1)
(28, 37, 47, 1)
(30, 37, 47, 1)
(34, 37, 47, 1)
(9, 38, 47, 1)
(10, 38, 47, 1)
(12, 38, 47, 1)
(13, 38, 47, 1)
(15, 38, 47, 1)
(16, 38, 47, 1)
(18, 38, 47, 1)
(19, 38, 47, 1)
(21, 38, 47, 1)
(22, 38, 47, 1)
(24, 38, 47, 1)
(25, 38, 47, 1)
(27, 38, 47, 1)
(28, 38, 47, 1)
(30, 38, 47, 1)
(31, 38, 47, 1)
(33, 38, 47, 1)
(34, 38, 47, 1)
(36, 38, 47, 1)
(8, 39, 47, 1)
(10, 39, 47, 1)
(12, 39, 47, 1)
(14, 39, 47, 1)
(16, 39, 47, 1)
(18, 39, 47, 1)
(20, 39, 47, 1)
(22, 39, 47, 1)
(24, 39, 47, 1)
(26, 39, 47, 1)
(28, 39, 47, 1)
(30, 39, 47, 1)
(32, 39, 47, 1)
(34, 39, 47, 1)
(36, 39, 47, 1)
(6, 40, 47, 1)
(7, 40, 47, 1)
(8, 40, 47, 1)
(9, 40, 47, 1)
(10, 40, 47, 1)
(11, 40, 47, 1)
(13, 40, 47, 1)
(14, 40, 47, 1)
(15, 40, 47, 1)
(16, 40, 47, 1)
(17, 40, 47, 1)
(18, 40, 47, 1)
(20, 40, 47, 1)
(21, 40, 47, 1)
(22, 40, 47, 1)
(23, 40, 47, 1)
(24, 40, 47, 1)
(25, 40, 47, 1)
(27, 40, 47, 1)
(28, 40, 47, 1)
(29, 40, 47, 1)
(30, 40, 47, 1)
(31, 40, 47, 1)
(32, 40, 47, 1)
(34, 40, 47, 1)
(35, 40, 47, 1)
(36, 40, 47, 1)
(37, 40, 47, 1)
(38, 40, 47, 1)
(6, 41, 47, 1)
(10, 41, 47, 1)
(12, 41, 47, 1)
(16, 41, 47, 1)
(18, 41, 47, 1)
(22, 41, 47, 1)
(24, 41, 47, 1)
(28, 41, 47, 1)
(30, 41, 47, 1)
(34, 41, 47, 1)
(36, 41, 47, 1)
(4, 42, 47, 1)
(5, 42, 47, 1)
(6, 42, 47, 1)
(8, 42, 47, 1)
(9, 42, 47, 1)
(10, 42, 47, 1)
(11, 42, 47, 1)
(13, 42, 47, 1)
(14, 42, 47, 1)
(15, 42, 47, 1)
(16, 42, 47, 1)
(18, 42, 47, 1)
(19, 42, 47, 1)
(20, 42, 47, 1)
(21, 42, 47, 1)
(23, 42, 47, 1)
(24, 42, 47, 1)
(25, 42, 47, 1)
(26, 42, 47, 1)
(28, 42, 47, 1)
(29, 42, 47, 1)
(30, 42, 47, 1)
(31, 42, 47, 1)
(33, 42, 47, 1)
(34, 42, 47, 1)
(35, 42, 47, 1)
(36, 42, 47, 1)
(38, 42, 47, 1)
(39, 42, 47, 1)
(40, 42, 47, 1)
(4, 43, 47, 1)
(6, 43, 47, 1)
(8, 43, 47, 1)
(10, 43, 47, 1)
(12, 43, 47, 1)
(14, 43, 47, 1)
(16, 43, 47, 1)
(18, 43, 47, 1)
(20, 43, 47, 1)
(22, 43, 47, 1)
(24, 43, 47, 1)
(26, 43, 47, 1)
(28, 43, 47, 1)
(30, 43, 47, 1)
(32, 43, 47, 1)
(34, 43, 47, 1)
(36, 43, 47, 1)
(38, 43, 47, 1)
(40, 43, 47, 1)
(4, 44, 47, 1)
(6, 44, 47, 1)
(7, 44, 47, 1)
(9, 44, 47, 1)
(10, 44, 47, 1)
(12, 44, 47, 1)
(13, 44, 47, 1)
(15, 44, 47, 1)
(16, 44, 47, 1)
(18, 44, 47, 1)
(19, 44, 47, 1)
(21, 44, 47, 1)
(22, 44, 47, 1)
(24, 44, 47, 1)
(25, 44, 47, 1)
(27, 44, 47, 1)
(28, 44, 47, 1)
(30, 44, 47, 1)
(31, 44, 47, 1)
(33, 44, 47, 1)
(34, 44, 47, 1)
(36, 44, 47, 1)
(37, 44, 47, 1)
(39, 44, 47, 1)
(40, 44, 47, 1)
(42, 44, 47, 1)
(23, 26, 48, 1)
(22, 27, 48, 1)
(22, 29, 48, 1)
(26, 29, 48, 1)
(19, 30, 48, 1)
(23, 30, 48, 1)
(25, 30, 48, 1)
(18, 31, 48, 1)
(20, 31, 48, 1)
(22, 31, 48, 1)
(24, 31, 48, 1)
(26, 31, 48, 1)
(28, 31, 48, 1)
(19, 32, 48, 1)
(23, 32, 48, 1)
(27, 32, 48, 1)
(22, 33, 48, 1)
(26, 33, 48, 1)
(15, 34, 48, 1)
(17, 34, 48, 1)
(19, 34, 48, 1)
(21, 34, 48, 1)
(23, 34, 48, 1)
(25, 34, 48, 1)
(29, 34, 48, 1)
(31, 34, 48, 1)
(14, 35, 48, 1)
(16, 35, 48, 1)
(18, 35, 48, 1)
(20, 35, 48, 1)
(24, 35, 48, 1)
(26, 35, 48, 1)
(28, 35, 48, 1)
(30, 35, 48, 1)
(32, 35, 48, 1)
(19, 36, 48, 1)
(23, 36, 48, 1)
(31, 36, 48, 1)
(14, 37, 48, 1)
(18, 37, 48, 1)
(22, 37, 48, 1)
(30, 37, 48, 1)
(34, 37, 48, 1)
(11, 38, 48, 1)
(15, 38, 48, 1)
(17, 38, 48, 1)
(19, 38, 48, 1)
(21, 38, 48, 1)
(25, 38, 48, 1)
(27, 38, 48, 1)
(29, 38, 48, 1)
(31, 38, 48, 1)
(35, 38, 48, 1)
(10, 39, 48, 1)
(14, 39, 48, 1)
(16, 39, 48, 1)
(20, 39, 48, 1)
(22, 39, 48, 1)
(26, 39, 48, 1)
(28, 39, 48, 1)
(32, 39, 48, 1)
(34, 39, 48, 1)
(11, 40, 48, 1)
(15, 40, 48, 1)
(19, 40, 48, 1)
(23, 40, 48, 1)
(27, 40, 48, 1)
(31, 40, 48, 1)
(35, 40, 48, 1)
(10, 41, 48, 1)
(14, 41, 48, 1)
(18, 41, 48, 1)
(22, 41, 48, 1)
(26, 41, 48, 1)
(30, 41, 48, 1)
(38, 41, 48, 1)
(7, 42, 48, 1)
(11, 42, 48, 1)
(13, 42, 48, 1)
(17, 42, 48, 1)
(19, 42, 48, 1)
(23, 42, 48, 1)
(25, 42, 48, 1)
(29, 42, 48, 1)
(31, 42, 48, 1)
(35, 42, 48, 1)
(37, 42, 48, 1)
(6, 43, 48, 1)
(10, 43, 48, 1)
(12, 43, 48, 1)
(14, 43, 48, 1)
(16, 43, 48, 1)
(20, 43, 48, 1)
(22, 43, 48, 1)
(24, 43, 48, 1)
(26, 43, 48, 1)
(30, 43, 48, 1)
(32, 43, 48, 1)
(34, 43, 48, 1)
(36, 43, 48, 1)
(40, 43, 48, 1)
(7, 44, 48, 1)
(11, 44, 48, 1)
(15, 44, 48, 1)
(19, 44, 48, 1)
(23, 44, 48, 1)
(27, 44, 48, 1)
(31, 44, 48, 1)
(35, 44, 48, 1)
(39, 44, 48, 1)
(10, 45, 48, 1)
(14, 45, 48, 1)
(22, 45, 48, 1)
(26, 45, 48, 1)
(34, 45, 48, 1)
(38, 45, 48, 1)
(22, 26, 49, 1)
(23, 26, 49, 1)
(24, 26, 49, 1)
(22, 27, 49, 1)
(24, 27, 49, 1)
(23, 28, 49, 1)
(26, 28, 49, 1)
(22, 29, 49, 1)
(26, 29, 49, 1)
(18, 30, 49, 1)
(19, 30, 49, 1)
(20, 30, 49, 1)
(21, 30, 49, 1)
(22, 30, 49, 1)
(23, 30, 49, 1)
(24, 30, 49, 1)
(25, 30, 49, 1)
(26, 30, 49, 1)
(27, 30, 49, 1)
(28, 30, 49, 1)
(18, 31, 49, 1)
(20, 31, 49, 1)
(24, 31, 49, 1)
(26, 31, 49, 1)
(18, 32, 49, 1)
(19, 32, 49, 1)
(22, 32, 49, 1)
(23, 32, 49, 1)
(26, 32, 49, 1)
(27, 32, 49, 1)
(30, 32, 49, 1)
(18, 33, 49, 1)
(22, 33, 49, 1)
(26, 33, 49, 1)
(30, 33, 49, 1)
(15, 34, 49, 1)
(17, 34, 49, 1)
(18, 34, 49, 1)
(20, 34, 49, 1)
(21, 34, 49, 1)
(23, 34, 49, 1)
(26, 34, 49, 1)
(27, 34, 49, 1)
(30, 34, 49, 1)
(32, 34, 49, 1)
(16, 35, 49, 1)
(18, 35, 49, 1)
(20, 35, 49, 1)
(22, 35, 49, 1)
(24, 35, 49, 1)
(26, 35, 49, 1)
(30, 35, 49, 1)
(32, 35, 49, 1)
(14, 36, 49, 1)
(15, 36, 49, 1)
(18, 36, 49, 1)
(19, 36, 49, 1)
(22, 36, 49, 1)
(26, 36, 49, 1)
(27, 36, 49, 1)
(30, 36, 49, 1)
(31, 36, 49, 1)
(34, 36, 49, 1)
(14, 37, 49, 1)
(18, 37, 49, 1)
(26, 37, 49, 1)
(30, 37, 49, 1)
(10, 38, 49, 1)
(11, 38, 49, 1)
(12, 38, 49, 1)
(13, 38, 49, 1)
(14, 38, 49, 1)
(15, 38, 49, 1)
(17, 38, 49, 1)
(18, 38, 49, 1)
(19, 38, 49, 1)
(20, 38, 49, 1)
(21, 38, 49, 1)
(22, 38, 49, 1)
(23, 38, 49, 1)
(24, 38, 49, 1)
(25, 38, 49, 1)
(26, 38, 49, 1)
(28, 38, 49, 1)
(29, 38, 49, 1)
(30, 38, 49, 1)
(31, 38, 49, 1)
(32, 38, 49, 1)
(33, 38, 49, 1)
(34, 38, 49, 1)
(35, 38, 49, 1)
(36, 38, 49, 1)
(10, 39, 49, 1)
(12, 39, 49, 1)
(16, 39, 49, 1)
(18, 39, 49, 1)
(20, 39, 49, 1)
(22, 39, 49, 1)
(26, 39, 49, 1)
(28, 39, 49, 1)
(30, 39, 49, 1)
(32, 39, 49, 1)
(36, 39, 49, 1)
(11, 40, 49, 1)
(14, 40, 49, 1)
(15, 40, 49, 1)
(18, 40, 49, 1)
(23, 40, 49, 1)
(26, 40, 49, 1)
(27, 40, 49, 1)
(30, 40, 49, 1)
(35, 40, 49, 1)
(38, 40, 49, 1)
(10, 41, 49, 1)
(14, 41, 49, 1)
(18, 41, 49, 1)
(22, 41, 49, 1)
(26, 41, 49, 1)
(30, 41, 49, 1)
(34, 41, 49, 1)
(38, 41, 49, 1)
(8, 42, 49, 1)
(9, 42, 49, 1)
(10, 42, 49, 1)
(11, 42, 49, 1)
(12, 42, 49, 1)
(13, 42, 49, 1)
(15, 42, 49, 1)
(16, 42, 49, 1)
(17, 42, 49, 1)
(18, 42, 49, 1)
(19, 42, 49, 1)
(20, 42, 49, 1)
(22, 42, 49, 1)
(23, 42, 49, 1)
(24, 42, 49, 1)
(25, 42, 49, 1)
(26, 42, 49, 1)
(27, 42, 49, 1)
(29, 42, 49, 1)
(30, 42, 49, 1)
(31, 42, 49, 1)
(32, 42, 49, 1)
(33, 42, 49, 1)
(34, 42, 49, 1)
(36, 42, 49, 1)
(37, 42, 49, 1)
(38, 42, 49, 1)
(39, 42, 49, 1)
(40, 42, 49, 1)
(6, 43, 49, 1)
(8, 43, 49, 1)
(12, 43, 49, 1)
(14, 43, 49, 1)
(18, 43, 49, 1)
(20, 43, 49, 1)
(24, 43, 49, 1)
(26, 43, 49, 1)
(30, 43, 49, 1)
(32, 43, 49, 1)
(36, 43, 49, 1)
(38, 43, 49, 1)
(6, 44, 49, 1)
(7, 44, 49, 1)
(10, 44, 49, 1)
(11, 44, 49, 1)
(15, 44, 49, 1)
(18, 44, 49, 1)
(22, 44, 49, 1)
(23, 44, 49, 1)
(26, 44, 49, 1)
(27, 44, 49, 1)
(30, 44, 49, 1)
(31, 44, 49, 1)
(35, 44, 49, 1)
(38, 44, 49, 1)
(42, 44, 49, 1)
(6, 45, 49, 1)
(10, 45, 49, 1)
(14, 45, 49, 1)
(18, 45, 49, 1)
(22, 45, 49, 1)
(26, 45, 49, 1)
(30, 45, 49, 1)
(34, 45, 49, 1)
(38, 45, 49, 1)
(42, 45, 49, 1)
(5, 46, 49, 1)
(6, 46, 49, 1)
(8, 46, 49, 1)
(9, 46, 49, 1)
(11, 46, 49, 1)
(12, 46, 49, 1)
(14, 46, 49, 1)
(15, 46, 49, 1)
(17, 46, 49, 1)
(18, 46, 49, 1)
(20, 46, 49, 1)
(21, 46, 49, 1)
(23, 46, 49, 1)
(24, 46, 49, 1)
(26, 46, 49, 1)
(27, 46, 49, 1)
(29, 46, 49, 1)
(30, 46, 49, 1)
(32, 46, 49, 1)
(33, 46, 49, 1)
(35, 46, 49, 1)
(36, 46, 49, 1)
(38, 46, 49, 1)
(39, 46, 49, 1)
(41, 46, 49, 1)
(42, 46, 49, 1)
(44, 46, 49, 1)
(24, 27, 50, 1)
(23, 28, 50, 1)
(25, 28, 50, 1)
(24, 29, 50, 1)
(21, 30, 50, 1)
(23, 30, 50, 1)
(27, 30, 50, 1)
(20, 31, 50, 1)
(22, 31, 50, 1)
(24, 31, 50, 1)
(26, 31, 50, 1)
(28, 31, 50, 1)
(19, 32, 50, 1)
(21, 32, 50, 1)
(25, 32, 50, 1)
(27, 32, 50, 1)
(18, 33, 50, 1)
(20, 33, 50, 1)
(22, 33, 50, 1)
(24, 33, 50, 1)
(26, 33, 50, 1)
(28, 33, 50, 1)
(30, 33, 50, 1)
(17, 34, 50, 1)
(19, 34, 50, 1)
(21, 34, 50, 1)
(23, 34, 50, 1)
(25, 34, 50, 1)
(27, 34, 50, 1)
(29, 34, 50, 1)
(31, 34, 50, 1)
(16, 35, 50, 1)
(18, 35, 50, 1)
(22, 35, 50, 1)
(24, 35, 50, 1)
(28, 35, 50, 1)
(17, 36, 50, 1)
(19, 36, 50, 1)
(21, 36, 50, 1)
(23, 36, 50, 1)
(25, 36, 50, 1)
(27, 36, 50, 1)
(31, 36, 50, 1)
(33, 36, 50, 1)
(14, 37, 50, 1)
(16, 37, 50, 1)
(18, 37, 50, 1)
(20, 37, 50, 1)
(22, 37, 50, 1)
(26, 37, 50, 1)
(28, 37, 50, 1)
(30, 37, 50, 1)
(32, 37, 50, 1)
(34, 37, 50, 1)
(13, 38, 50, 1)
(15, 38, 50, 1)
(19, 38, 50, 1)
(21, 38, 50, 1)
(25, 38, 50, 1)
(27, 38, 50, 1)
(31, 38, 50, 1)
(33, 38, 50, 1)
(12, 39, 50, 1)
(14, 39, 50, 1)
(16, 39, 50, 1)
(18, 39, 50, 1)
(20, 39, 50, 1)
(22, 39, 50, 1)
(24, 39, 50, 1)
(26, 39, 50, 1)
(30, 39, 50, 1)
(32, 39, 50, 1)
(34, 39, 50, 1)
(36, 39, 50, 1)
(11, 40, 50, 1)
(13, 40, 50, 1)
(17, 40, 50, 1)
(19, 40, 50, 1)
(21, 40, 50, 1)
(23, 40, 50, 1)
(27, 40, 50, 1)
(29, 40, 50, 1)
(31, 40, 50, 1)
(33, 40, 50, 1)
(37, 40, 50, 1)
(10, 41, 50, 1)
(12, 41, 50, 1)
(16, 41, 50, 1)
(18, 41, 50, 1)
(22, 41, 50, 1)
(24, 41, 50, 1)
(28, 41, 50, 1)
(30, 41, 50, 1)
(34, 41, 50, 1)
(36, 41, 50, 1)
(9, 42, 50, 1)
(11, 42, 50, 1)
(13, 42, 50, 1)
(15, 42, 50, 1)
(17, 42, 50, 1)
(19, 42, 50, 1)
(21, 42, 50, 1)
(23, 42, 50, 1)
(25, 42, 50, 1)
(27, 42, 50, 1)
(29, 42, 50, 1)
(31, 42, 50, 1)
(33, 42, 50, 1)
(35, 42, 50, 1)
(37, 42, 50, 1)
(39, 42, 50, 1)
(10, 43, 50, 1)
(12, 43, 50, 1)
(14, 43, 50, 1)
(16, 43, 50, 1)
(18, 43, 50, 1)
(20, 43, 50, 1)
(24, 43, 50, 1)
(26, 43, 50, 1)
(28, 43, 50, 1)
(30, 43, 50, 1)
(32, 43, 50, 1)
(34, 43, 50, 1)
(38, 43, 50, 1)
(40, 43, 50, 1)
(7, 44, 50, 1)
(9, 44, 50, 1)
(13, 44, 50, 1)
(15, 44, 50, 1)
(19, 44, 50, 1)
(21, 44, 50, 1)
(25, 44, 50, 1)
(27, 44, 50, 1)
(31, 44, 50, 1)
(33, 44, 50, 1)
(37, 44, 50, 1)
(39, 44, 50, 1)
(6, 45, 50, 1)
(8, 45, 50, 1)
(12, 45, 50, 1)
(14, 45, 50, 1)
(16, 45, 50, 1)
(18, 45, 50, 1)
(22, 45, 50, 1)
(24, 45, 50, 1)
(26, 45, 50, 1)
(28, 45, 50, 1)
(32, 45, 50, 1)
(34, 45, 50, 1)
(36, 45, 50, 1)
(38, 45, 50, 1)
(42, 45, 50, 1)
(5, 46, 50, 1)
(7, 46, 50, 1)
(9, 46, 50, 1)
(11, 46, 50, 1)
(13, 46, 50, 1)
(15, 46, 50, 1)
(17, 46, 50, 1)
(19, 46, 50, 1)
(21, 46, 50, 1)
(23, 46, 50, 1)
(25, 46, 50, 1)
(27, 46, 50, 1)
(29, 46, 50, 1)
(31, 46, 50, 1)
(33, 46, 50, 1)
(35, 46, 50, 1)
(37, 46, 50, 1)
(39, 46, 50, 1)
(41, 46, 50, 1)
(43, 46, 50, 1)
(4, 47, 50, 1)
(6, 47, 50, 1)
(10, 47, 50, 1)
(12, 47, 50, 1)
(16, 47, 50, 1)
(18, 47, 50, 1)
(22, 47, 50, 1)
(24, 47, 50, 1)
(28, 47, 50, 1)
(30, 47, 50, 1)
(34, 47, 50, 1)
(36, 47, 50, 1)
(40, 47, 50, 1)
(42, 47, 50, 1)
(24, 26, 51, 1)
(22, 28, 51, 1)
(23, 28, 51, 1)
(24, 28, 51, 1)
(25, 28, 51, 1)
(26, 28, 51, 1)
(22, 29, 51, 1)
(24, 29, 51, 1)
(26, 29, 51, 1)
(20, 30, 51, 1)
(22, 30, 51, 1)
(25, 30, 51, 1)
(26, 30, 51, 1)
(28, 30, 51, 1)
(20, 31, 51, 1)
(22, 31, 51, 1)
(24, 31, 51, 1)
(28, 31, 51, 1)
(18, 32, 51, 1)
(19, 32, 51, 1)
(20, 32, 51, 1)
(21, 32, 51, 1)
(22, 32, 51, 1)
(23, 32, 51, 1)
(24, 32, 51, 1)
(25, 32, 51, 1)
(26, 32, 51, 1)
(27, 32, 51, 1)
(28, 32, 51, 1)
(29, 32, 51, 1)
(30, 32, 51, 1)
(20, 33, 51, 1)
(22, 33, 51, 1)
(26, 33, 51, 1)
(28, 33, 51, 1)
(18, 34, 51, 1)
(19, 34, 51, 1)
(20, 34, 51, 1)
(21, 34, 51, 1)
(22, 34, 51, 1)
(23, 34, 51, 1)
(24, 34, 51, 1)
(25, 34, 51, 1)
(26, 34, 51, 1)
(27, 34, 51, 1)
(28, 34, 51, 1)
(29, 34, 51, 1)
(30, 34, 51, 1)
(31, 34, 51, 1)
(32, 34, 51, 1)
(16, 35, 51, 1)
(18, 35, 51, 1)
(20, 35, 51, 1)
(22, 35, 51, 1)
(24, 35, 51, 1)
(26, 35, 51, 1)
(28, 35, 51, 1)
(30, 35, 51, 1)
(32, 35, 51, 1)
(14, 36, 51, 1)
(17, 36, 51, 1)
(19, 36, 51, 1)
(20, 36, 51, 1)
(22, 36, 51, 1)
(23, 36, 51, 1)
(25, 36, 51, 1)
(28, 36, 51, 1)
(29, 36, 51, 1)
(32, 36, 51, 1)
(34, 36, 51, 1)
(14, 37, 51, 1)
(18, 37, 51, 1)
(20, 37, 51, 1)
(22, 37, 51, 1)
(24, 37, 51, 1)
(26, 37, 51, 1)
(28, 37, 51, 1)
(32, 37, 51, 1)
(34, 37, 51, 1)
(13, 38, 51, 1)
(14, 38, 51, 1)
(15, 38, 51, 1)
(16, 38, 51, 1)
(17, 38, 51, 1)
(18, 38, 51, 1)
(19, 38, 51, 1)
(20, 38, 51, 1)
(21, 38, 51, 1)
(22, 38, 51, 1)
(23, 38, 51, 1)
(24, 38, 51, 1)
(26, 38, 51, 1)
(27, 38, 51, 1)
(28, 38, 51, 1)
(29, 38, 51, 1)
(30, 38, 51, 1)
(31, 38, 51, 1)
(32, 38, 51, 1)
(33, 38, 51, 1)
(34, 38, 51, 1)
(35, 38, 51, 1)
(36, 38, 51, 1)
(14, 39, 51, 1)
(16, 39, 51, 1)
(20, 39, 51, 1)
(22, 39, 51, 1)
(26, 39, 51, 1)
(28, 39, 51, 1)
(32, 39, 51, 1)
(34, 39, 51, 1)
(10, 40, 51, 1)
(11, 40, 51, 1)
(12, 40, 51, 1)
(13, 40, 51, 1)
(14, 40, 51, 1)
(15, 40, 51, 1)
(16, 40, 51, 1)
(17, 40, 51, 1)
(19, 40, 51, 1)
(20, 40, 51, 1)
(21, 40, 51, 1)
(22, 40, 51, 1)
(23, 40, 51, 1)
(24, 40, 51, 1)
(25, 40, 51, 1)
(26, 40, 51, 1)
(27, 40, 51, 1)
(28, 40, 51, 1)
(30, 40, 51, 1)
(31, 40, 51, 1)
(32, 40, 51, 1)
(33, 40, 51, 1)
(34, 40, 51, 1)
(35, 40, 51, 1)
(36, 40, 51, 1)
(37, 40, 51, 1)
(38, 40, 51, 1)
(10, 41, 51, 1)
(12, 41, 51, 1)
(14, 41, 51, 1)
(18, 41, 51, 1)
(20, 41, 51, 1)
(22, 41, 51, 1)
(24, 41, 51, 1)
(28, 41, 51, 1)
(30, 41, 51, 1)
(32, 41, 51, 1)
(34, 41, 51, 1)
(38, 41, 51, 1)
(8, 42, 51, 1)
(10, 42, 51, 1)
(11, 42, 51, 1)
(13, 42, 51, 1)
(14, 42, 51, 1)
(16, 42, 51, 1)
(17, 42, 51, 1)
(19, 42, 51, 1)
(20, 42, 51, 1)
(22, 42, 51, 1)
(23, 42, 51, 1)
(25, 42, 51, 1)
(26, 42, 51, 1)
(28, 42, 51, 1)
(29, 42, 51, 1)
(31, 42, 51, 1)
(32, 42, 51, 1)
(34, 42, 51, 1)
(35, 42, 51, 1)
(37, 42, 51, 1)
(38, 42, 51, 1)
(40, 42, 51, 1)
(8, 43, 51, 1)
(10, 43, 51, 1)
(12, 43, 51, 1)
(14, 43, 51, 1)
(16, 43, 51, 1)
(18, 43, 51, 1)
(20, 43, 51, 1)
(22, 43, 51, 1)
(24, 43, 51, 1)
(26, 43, 51, 1)
(28, 43, 51, 1)
(30, 43, 51, 1)
(32, 43, 51, 1)
(34, 43, 51, 1)
(36, 43, 51, 1)
(38, 43, 51, 1)
(40, 43, 51, 1)
(6, 44, 51, 1)
(7, 44, 51, 1)
(8, 44, 51, 1)
(10, 44, 51, 1)
(11, 44, 51, 1)
(12, 44, 51, 1)
(13, 44, 51, 1)
(14, 44, 51, 1)
(15, 44, 51, 1)
(17, 44, 51, 1)
(18, 44, 51, 1)
(19, 44, 51, 1)
(20, 44, 51, 1)
(21, 44, 51, 1)
(22, 44, 51, 1)
(24, 44, 51, 1)
(25, 44, 51, 1)
(26, 44, 51, 1)
(27, 44, 51, 1)
(28, 44, 51, 1)
(29, 44, 51, 1)
(31, 44, 51, 1)
(32, 44, 51, 1)
(33, 44, 51, 1)
(34, 44, 51, 1)
(35, 44, 51, 1)
(36, 44, 51, 1)
(38, 44, 51, 1)
(39, 44, 51, 1)
(40, 44, 51, 1)
(41, 44, 51, 1)
(42, 44, 51, 1)
(8, 45, 51, 1)
(10, 45, 51, 1)
(14, 45, 51, 1)
(16, 45, 51, 1)
(20, 45, 51, 1)
(22, 45, 51, 1)
(26, 45, 51, 1)
(28, 45, 51, 1)
(32, 45, 51, 1)
(34, 45, 51, 1)
(38, 45, 51, 1)
(40, 45, 51, 1)
(4, 46, 51, 1)
(5, 46, 51, 1)
(7, 46, 51, 1)
(8, 46, 51, 1)
(9, 46, 51, 1)
(10, 46, 51, 1)
(12, 46, 51, 1)
(13, 46, 51, 1)
(14, 46, 51, 1)
(15, 46, 51, 1)
(17, 46, 51, 1)
(18, 46, 51, 1)
(19, 46, 51, 1)
(20, 46, 51, 1)
(22, 46, 51, 1)
(23, 46, 51, 1)
(24, 46, 51, 1)
(25, 46, 51, 1)
(27, 46, 51, 1)
(28, 46, 51, 1)
(29, 46, 51, 1)
(30, 46, 51, 1)
(32, 46, 51, 1)
(33, 46, 51, 1)
(34, 46, 51, 1)
(35, 46, 51, 1)
(37, 46, 51, 1)
(38, 46, 51, 1)
(39, 46, 51, 1)
(40, 46, 51, 1)
(42, 46, 51, 1)
(43, 46, 51, 1)
(44, 46, 51, 1)
(4, 47, 51, 1)
(6, 47, 51, 1)
(8, 47, 51, 1)
(10, 47, 51, 1)
(12, 47, 51, 1)
(14, 47, 51, 1)
(16, 47, 51, 1)
(18, 47, 51, 1)
(20, 47, 51, 1)
(22, 47, 51, 1)
(24, 47, 51, 1)
(26, 47, 51, 1)
(28, 47, 51, 1)
(30, 47, 51, 1)
(32, 47, 51, 1)
(34, 47, 51, 1)
(36, 47, 51, 1)
(38, 47, 51, 1)
(40, 47, 51, 1)
(42, 47, 51, 1)
(44, 47, 51, 1)
(4, 48, 51, 1)
(5, 48, 51, 1)
(7, 48, 51, 1)
(8, 48, 51, 1)
(10, 48, 51, 1)
(11, 48, 51, 1)
(13, 48, 51, 1)
(14, 48, 51, 1)
(16, 48, 51, 1)
(17, 48, 51, 1)
(19, 48, 51, 1)
(20, 48, 51, 1)
(22, 48, 51, 1)
(23, 48, 51, 1)
(25, 48, 51, 1)
(26, 48, 51, 1)
(28, 48, 51, 1)
(29, 48, 51, 1)
(31, 48, 51, 1)
(32, 48, 51, 1)
(34, 48, 51, 1)
(35, 48, 51, 1)
(37, 48, 51, 1)
(38, 48, 51, 1)
(40, 48, 51, 1)
(41, 48, 51, 1)
(43, 48, 51, 1)
(44, 48, 51, 1)
(46, 48, 51, 1)
(26, 29, 52, 1)
(23, 30, 52, 1)
(25, 30, 52, 1)
(27, 30, 52, 1)
(26, 31, 52, 1)
(23, 32, 52, 1)
(22, 33, 52, 1)
(26, 33, 52, 1)
(30, 33, 52, 1)
(21, 34, 52, 1)
(23, 34, 52, 1)
(27, 34, 52, 1)
(29, 34, 52, 1)
(20, 35, 52, 1)
(22, 35, 52, 1)
(24, 35, 52, 1)
(26, 35, 52, 1)
(28, 35, 52, 1)
(30, 35, 52, 1)
(32, 35, 52, 1)
(19, 36, 52, 1)
(23, 36, 52, 1)
(27, 36, 52, 1)
(31, 36, 52, 1)
(18, 37, 52, 1)
(26, 37, 52, 1)
(30, 37, 52, 1)
(15, 38, 52, 1)
(19, 38, 52, 1)
(21, 38, 52, 1)
(23, 38, 52, 1)
(25, 38, 52, 1)
(27, 38, 52, 1)
(29, 38, 52, 1)
(33, 38, 52, 1)
(35, 38, 52, 1)
(14, 39, 52, 1)
(16, 39, 52, 1)
(18, 39, 52, 1)
(20, 39, 52, 1)
(22, 39, 52, 1)
(24, 39, 52, 1)
(28, 39, 52, 1)
(30, 39, 52, 1)
(32, 39, 52, 1)
(34, 39, 52, 1)
(36, 39, 52, 1)
(15, 40, 52, 1)
(23, 40, 52, 1)
(27, 40, 52, 1)
(35, 40, 52, 1)
(14, 41, 52, 1)
(18, 41, 52, 1)
(22, 41, 52, 1)
(26, 41, 52, 1)
(34, 41, 52, 1)
(38, 41, 52, 1)
(11, 42, 52, 1)
(13, 42, 52, 1)
(15, 42, 52, 1)
(19, 42, 52, 1)
(21, 42, 52, 1)
(23, 42, 52, 1)
(25, 42, 52, 1)
(29, 42, 52, 1)
(31, 42, 52, 1)
(33, 42, 52, 1)
(35, 42, 52, 1)
(39, 42, 52, 1)
(12, 43, 52, 1)
(14, 43, 52, 1)
(18, 43, 52, 1)
(20, 43, 52, 1)
(24, 43, 52, 1)
(26, 43, 52, 1)
(30, 43, 52, 1)
(32, 43, 52, 1)
(36, 43, 52, 1)
(38, 43, 52, 1)
(11, 44, 52, 1)
(15, 44, 52, 1)
(19, 44, 52, 1)
(23, 44, 52, 1)
(27, 44, 52, 1)
(31, 44, 52, 1)
(35, 44, 52, 1)
(39, 44, 52, 1)
(14, 45, 52, 1)
(18, 45, 52, 1)
(22, 45, 52, 1)
(26, 45, 52, 1)
(30, 45, 52, 1)
(34, 45, 52, 1)
(42, 45, 52, 1)
(9, 46, 52, 1)
(11, 46, 52, 1)
(15, 46, 52, 1)
(17, 46, 52, 1)
(21, 46, 52, 1)
(23, 46, 52, 1)
(27, 46, 52, 1)
(29, 46, 52, 1)
(33, 46, 52, 1)
(35, 46, 52, 1)
(39, 46, 52, 1)
(41, 46, 52, 1)
(6, 47, 52, 1)
(8, 47, 52, 1)
(10, 47, 52, 1)
(14, 47, 52, 1)
(16, 47, 52, 1)
(18, 47, 52, 1)
(20, 47, 52, 1)
(24, 47, 52, 1)
(26, 47, 52, 1)
(28, 47, 52, 1)
(30, 47, 52, 1)
(34, 47, 52, 1)
(36, 47, 52, 1)
(38, 47, 52, 1)
(40, 47, 52, 1)
(44, 47, 52, 1)
(7, 48, 52, 1)
(11, 48, 52, 1)
(15, 48, 52, 1)
(19, 48, 52, 1)
(23, 48, 52, 1)
(27, 48, 52, 1)
(31, 48, 52, 1)
(35, 48, 52, 1)
(39, 48, 52, 1)
(43, 48, 52, 1)
(6, 49, 52, 1)
(14, 49, 52, 1)
(18, 49, 52, 1)
(26, 49, 52, 1)
(30, 49, 52, 1)
(38, 49, 52, 1)
(42, 49, 52, 1)
(26, 28, 53, 1)
(22, 30, 53, 1)
(23, 30, 53, 1)
(24, 30, 53, 1)
(25, 30, 53, 1)
(26, 30, 53, 1)
(27, 30, 53, 1)
(28, 30, 53, 1)
(22, 31, 53, 1)
(24, 31, 53, 1)
(26, 31, 53, 1)
(28, 31, 53, 1)
(22, 32, 53, 1)
(27, 32, 53, 1)
(30, 32, 53, 1)
(22, 33, 53, 1)
(26, 33, 53, 1)
(30, 33, 53, 1)
(18, 34, 53, 1)
(19, 34, 53, 1)
(20, 34, 53, 1)
(21, 34, 53, 1)
(22, 34, 53, 1)
(23, 34, 53, 1)
(24, 34, 53, 1)
(25, 34, 53, 1)
(26, 34, 53, 1)
(27, 34, 53, 1)
(28, 34, 53, 1)
(29, 34, 53, 1)
(30, 34, 53, 1)
(31, 34, 53, 1)
(32, 34, 53, 1)
(18, 35, 53, 1)
(22, 35, 53, 1)
(24, 35, 53, 1)
(28, 35, 53, 1)
(30, 35, 53, 1)
(18, 36, 53, 1)
(22, 36, 53, 1)
(23, 36, 53, 1)
(26, 36, 53, 1)
(27, 36, 53, 1)
(30, 36, 53, 1)
(31, 36, 53, 1)
(34, 36, 53, 1)
(18, 37, 53, 1)
(22, 37, 53, 1)
(26, 37, 53, 1)
(30, 37, 53, 1)
(34, 37, 53, 1)
(15, 38, 53, 1)
(16, 38, 53, 1)
(19, 38, 53, 1)
(21, 38, 53, 1)
(22, 38, 53, 1)
(24, 38, 53, 1)
(25, 38, 53, 1)
(27, 38, 53, 1)
(30, 38, 53, 1)
(31, 38, 53, 1)
(34, 38, 53, 1)
(36, 38, 53, 1)
(14, 39, 53, 1)
(16, 39, 53, 1)
(20, 39, 53, 1)
(22, 39, 53, 1)
(24, 39, 53, 1)
(26, 39, 53, 1)
(28, 39, 53, 1)
(30, 39, 53, 1)
(34, 39, 53, 1)
(36, 39, 53, 1)
(15, 40, 53, 1)
(18, 40, 53, 1)
(19, 40, 53, 1)
(22, 40, 53, 1)
(23, 40, 53, 1)
(26, 40, 53, 1)
(30, 40, 53, 1)
(31, 40, 53, 1)
(34, 40, 53, 1)
(35, 40, 53, 1)
(38, 40, 53, 1)
(18, 41, 53, 1)
(22, 41, 53, 1)
(30, 41, 53, 1)
(34, 41, 53, 1)
(10, 42, 53, 1)
(11, 42, 53, 1)
(12, 42, 53, 1)
(13, 42, 53, 1)
(14, 42, 53, 1)
(15, 42, 53, 1)
(16, 42, 53, 1)
(17, 42, 53, 1)
(18, 42, 53, 1)
(19, 42, 53, 1)
(21, 42, 53, 1)
(22, 42, 53, 1)
(23, 42, 53, 1)
(24, 42, 53, 1)
(25, 42, 53, 1)
(26, 42, 53, 1)
(27, 42, 53, 1)
(28, 42, 53, 1)
(29, 42, 53, 1)
(30, 42, 53, 1)
(32, 42, 53, 1)
(33, 42, 53, 1)
(34, 42, 53, 1)
(35, 42, 53, 1)
(36, 42, 53, 1)
(37, 42, 53, 1)
(38, 42, 53, 1)
(39, 42, 53, 1)
(40, 42, 53, 1)
(10, 43, 53, 1)
(12, 43, 53, 1)
(14, 43, 53, 1)
(16, 43, 53, 1)
(20, 43, 53, 1)
(22, 43, 53, 1)
(24, 43, 53, 1)
(26, 43, 53, 1)
(30, 43, 53, 1)
(32, 43, 53, 1)
(34, 43, 53, 1)
(36, 43, 53, 1)
(40, 43, 53, 1)
(10, 44, 53, 1)
(15, 44, 53, 1)
(18, 44, 53, 1)
(19, 44, 53, 1)
(22, 44, 53, 1)
(27, 44, 53, 1)
(30, 44, 53, 1)
(31, 44, 53, 1)
(34, 44, 53, 1)
(39, 44, 53, 1)
(42, 44, 53, 1)
(10, 45, 53, 1)
(14, 45, 53, 1)
(18, 45, 53, 1)
(22, 45, 53, 1)
(26, 45, 53, 1)
(30, 45, 53, 1)
(34, 45, 53, 1)
(38, 45, 53, 1)
(42, 45, 53, 1)
(6, 46, 53, 1)
(7, 46, 53, 1)
(8, 46, 53, 1)
(9, 46, 53, 1)
(10, 46, 53, 1)
(12, 46, 53, 1)
(13, 46, 53, 1)
(14, 46, 53, 1)
(15, 46, 53, 1)
(16, 46, 53, 1)
(17, 46, 53, 1)
(19, 46, 53, 1)
(20, 46, 53, 1)
(21, 46, 53, 1)
(22, 46, 53, 1)
(23, 46, 53, 1)
(24, 46, 53, 1)
(26, 46, 53, 1)
(27, 46, 53, 1)
(28, 46, 53, 1)
(29, 46, 53, 1)
(30, 46, 53, 1)
(31, 46, 53, 1)
(33, 46, 53, 1)
(34, 46, 53, 1)
(35, 46, 53, 1)
(36, 46, 53, 1)
(37, 46, 53, 1)
(38, 46, 53, 1)
(40, 46, 53, 1)
(41, 46, 53, 1)
(42, 46, 53, 1)
(43, 46, 53, 1)
(44, 46, 53, 1)
(6, 47, 53, 1)
(10, 47, 53, 1)
(12, 47, 53, 1)
(16, 47, 53, 1)
(18, 47, 53, 1)
(22, 47, 53, 1)
(24, 47, 53, 1)
(28, 47, 53, 1)
(30, 47, 53, 1)
(34, 47, 53, 1)
(36, 47, 53, 1)
(40, 47, 53, 1)
(42, 47, 53, 1)
(6, 48, 53, 1)
(7, 48, 53, 1)
(10, 48, 53, 1)
(11, 48, 53, 1)
(14, 48, 53, 1)
(15, 48, 53, 1)
(19, 48, 53, 1)
(22, 48, 53, 1)
(26, 48, 53, 1)
(27, 48, 53, 1)
(30, 48, 53, 1)
(31, 48, 53, 1)
(34, 48, 53, 1)
(35, 48, 53, 1)
(39, 48, 53, 1)
(42, 48, 53, 1)
(46, 48, 53, 1)
(6, 49, 53, 1)
(10, 49, 53, 1)
(14, 49, 53, 1)
(18, 49, 53, 1)
(22, 49, 53, 1)
(26, 49, 53, 1)
(30, 49, 53, 1)
(34, 49, 53, 1)
(38, 49, 53, 1)
(42, 49, 53, 1)
(46, 49, 53, 1)
(4, 50, 53, 1)
(6, 50, 53, 1)
(7, 50, 53, 1)
(9, 50, 53, 1)
(10, 50, 53, 1)
(12, 50, 53, 1)
(13, 50, 53, 1)
(15, 50, 53, 1)
(16, 50, 53, 1)
(18, 50, 53, 1)
(19, 50, 53, 1)
(21, 50, 53, 1)
(22, 50, 53, 1)
(24, 50, 53, 1)
(25, 50, 53, 1)
(27, 50, 53, 1)
(28, 50, 53, 1)
(30, 50, 53, 1)
(31, 50, 53, 1)
(33, 50, 53, 1)
(34, 50, 53, 1)
(36, 50, 53, 1)
(37, 50, 53, 1)
(39, 50, 53, 1)
(40, 50, 53, 1)
(42, 50, 53, 1)
(43, 50, 53, 1)
(45, 50, 53, 1)
(46, 50, 53, 1)
(48, 50, 53, 1)
(26, 29, 54, 1)
(25, 30, 54, 1)
(24, 31, 54, 1)
(26, 31, 54, 1)
(28, 31, 54, 1)
(23, 32, 54, 1)
(25, 32, 54, 1)
(27, 32, 54, 1)
(29, 32, 54, 1)
(22, 33, 54, 1)
(28, 33, 54, 1)
(21, 34, 54, 1)
(23, 34, 54, 1)
(25, 34, 54, 1)
(27, 34, 54, 1)
(31, 34, 54, 1)
(20, 35, 54, 1)
(22, 35, 54, 1)
(24, 35, 54, 1)
(26, 35, 54, 1)
(28, 35, 54, 1)
(30, 35, 54, 1)
(32, 35, 54, 1)
(19, 36, 54, 1)
(23, 36, 54, 1)
(25, 36, 54, 1)
(29, 36, 54, 1)
(31, 36, 54, 1)
(18, 37, 54, 1)
(22, 37, 54, 1)
(24, 37, 54, 1)
(26, 37, 54, 1)
(28, 37, 54, 1)
(30, 37, 54, 1)
(32, 37, 54, 1)
(34, 37, 54, 1)
(17, 38, 54, 1)
(19, 38, 54, 1)
(21, 38, 54, 1)
(23, 38, 54, 1)
(25, 38, 54, 1)
(27, 38, 54, 1)
(29, 38, 54, 1)
(31, 38, 54, 1)
(33, 38, 54, 1)
(35, 38, 54, 1)
(16, 39, 54, 1)
(20, 39, 54, 1)
(22, 39, 54, 1)
(26, 39, 54, 1)
(28, 39, 54, 1)
(32, 39, 54, 1)
(15, 40, 54, 1)
(17, 40, 54, 1)
(21, 40, 54, 1)
(23, 40, 54, 1)
(25, 40, 54, 1)
(27, 40, 54, 1)
(29, 40, 54, 1)
(31, 40, 54, 1)
(35, 40, 54, 1)
(37, 40, 54, 1)
(14, 41, 54, 1)
(16, 41, 54, 1)
(18, 41, 54, 1)
(20, 41, 54, 1)
(22, 41, 54, 1)
(24, 41, 54, 1)
(26, 41, 54, 1)
(30, 41, 54, 1)
(32, 41, 54, 1)
(34, 41, 54, 1)
(36, 41, 54, 1)
(38, 41, 54, 1)
(13, 42, 54, 1)
(17, 42, 54, 1)
(19, 42, 54, 1)
(23, 42, 54, 1)
(25, 42, 54, 1)
(29, 42, 54, 1)
(31, 42, 54, 1)
(35, 42, 54, 1)
(37, 42, 54, 1)
(12, 43, 54, 1)
(14, 43, 54, 1)
(16, 43, 54, 1)
(18, 43, 54, 1)
(20, 43, 54, 1)
(22, 43, 54, 1)
(24, 43, 54, 1)
(26, 43, 54, 1)
(28, 43, 54, 1)
(30, 43, 54, 1)
(34, 43, 54, 1)
(36, 43, 54, 1)
(38, 43, 54, 1)
(40, 43, 54, 1)
(11, 44, 54, 1)
(13, 44, 54, 1)
(15, 44, 54, 1)
(17, 44, 54, 1)
(21, 44, 54, 1)
(23, 44, 54, 1)
(25, 44, 54, 1)
(27, 44, 54, 1)
(31, 44, 54, 1)
(33, 44, 54, 1)
(35, 44, 54, 1)
(37, 44, 54, 1)
(41, 44, 54, 1)
(10, 45, 54, 1)
(14, 45, 54, 1)
(16, 45, 54, 1)
(20, 45, 54, 1)
(22, 45, 54, 1)
(26, 45, 54, 1)
(28, 45, 54, 1)
(32, 45, 54, 1)
(34, 45, 54, 1)
(38, 45, 54, 1)
(40, 45, 54, 1)
(9, 46, 54, 1)
(11, 46, 54, 1)
(13, 46, 54, 1)
(15, 46, 54, 1)
(17, 46, 54, 1)
(19, 46, 54, 1)
(21, 46, 54, 1)
(23, 46, 54, 1)
(25, 46, 54, 1)
(27, 46, 54, 1)
(29, 46, 54, 1)
(31, 46, 54, 1)
(33, 46, 54, 1)
(35, 46, 54, 1)
(37, 46, 54, 1)
(39, 46, 54, 1)
(41, 46, 54, 1)
(43, 46, 54, 1)
(8, 47, 54, 1)
(10, 47, 54, 1)
(14, 47, 54, 1)
(16, 47, 54, 1)
(18, 47, 54, 1)
(20, 47, 54, 1)
(22, 47, 54, 1)
(24, 47, 54, 1)
(28, 47, 54, 1)
(30, 47, 54, 1)
(32, 47, 54, 1)
(34, 47, 54, 1)
(36, 47, 54, 1)
(38, 47, 54, 1)
(42, 47, 54, 1)
(44, 47, 54, 1)
(7, 48, 54, 1)
(11, 48, 54, 1)
(13, 48, 54, 1)
(17, 48, 54, 1)
(19, 48, 54, 1)
(23, 48, 54, 1)
(25, 48, 54, 1)
(29, 48, 54, 1)
(31, 48, 54, 1)
(35, 48, 54, 1)
(37, 48, 54, 1)
(41, 48, 54, 1)
(43, 48, 54, 1)
(6, 49, 54, 1)
(8, 49, 54, 1)
(10, 49, 54, 1)
(12, 49, 54, 1)
(16, 49, 54, 1)
(18, 49, 54, 1)
(20, 49, 54, 1)
(22, 49, 54, 1)
(26, 49, 54, 1)
(28, 49, 54, 1)
(30, 49, 54, 1)
(32, 49, 54, 1)
(36, 49, 54, 1)
(38, 49, 54, 1)
(40, 49, 54, 1)
(42, 49, 54, 1)
(46, 49, 54, 1)
(5, 50, 54, 1)
(7, 50, 54, 1)
(9, 50, 54, 1)
(11, 50, 54, 1)
(13, 50, 54, 1)
(15, 50, 54, 1)
(17, 50, 54, 1)
(19, 50, 54, 1)
(21, 50, 54, 1)
(23, 50, 54, 1)
(25, 50, 54, 1)
(27, 50, 54, 1)
(29, 50, 54, 1)
(31, 50, 54, 1)
(33, 50, 54, 1)
(35, 50, 54, 1)
(37, 50, 54, 1)
(39, 50, 54, 1)
(41, 50, 54, 1)
(43, 50, 54, 1)
(45, 50, 54, 1)
(47, 50, 54, 1)
(4, 51, 54, 1)
(8, 51, 54, 1)
(10, 51, 54, 1)
(14, 51, 54, 1)
(16, 51, 54, 1)
(20, 51, 54, 1)
(22, 51, 54, 1)
(26, 51, 54, 1)
(28, 51, 54, 1)
(32, 51, 54, 1)
(34, 51, 54, 1)
(38, 51, 54, 1)
(40, 51, 54, 1)
(44, 51, 54, 1)
(46, 51, 54, 1)
(26, 28, 55, 1)
(26, 29, 55, 1)
(24, 30, 55, 1)
(26, 30, 55, 1)
(27, 30, 55, 1)
(28, 30, 55, 1)
(24, 31, 55, 1)
(26, 31, 55, 1)
(22, 32, 55, 1)
(23, 32, 55, 1)
(24, 32, 55, 1)
(25, 32, 55, 1)
(26, 32, 55, 1)
(27, 32, 55, 1)
(28, 32, 55, 1)
(29, 32, 55, 1)
(30, 32, 55, 1)
(24, 33, 55, 1)
(26, 33, 55, 1)
(28, 33, 55, 1)
(30, 33, 55, 1)
(21, 34, 55, 1)
(23, 34, 55, 1)
(24, 34, 55, 1)
(26, 34, 55, 1)
(29, 34, 55, 1)
(30, 34, 55, 1)
(32, 34, 55, 1)
(22, 35, 55, 1)
(24, 35, 55, 1)
(26, 35, 55, 1)
(28, 35, 55, 1)
(32, 35, 55, 1)
(18, 36, 55, 1)
(19, 36, 55, 1)
(20, 36, 55, 1)
(21, 36, 55, 1)
(22, 36, 55, 1)
(23, 36, 55, 1)
(24, 36, 55, 1)
(25, 36, 55, 1)
(26, 36, 55, 1)
(27, 36, 55, 1)
(28, 36, 55, 1)
(29, 36, 55, 1)
(30, 36, 55, 1)
(31, 36, 55, 1)
(32, 36, 55, 1)
(33, 36, 55, 1)
(34, 36, 55, 1)
(18, 37, 55, 1)
(20, 37, 55, 1)
(24, 37, 55, 1)
(26, 37, 55, 1)
(30, 37, 55, 1)
(32, 37, 55, 1)
(16, 38, 55, 1)
(17, 38, 55, 1)
(18, 38, 55, 1)
(19, 38, 55, 1)
(20, 38, 55, 1)
(22, 38, 55, 1)
(23, 38, 55, 1)
(24, 38, 55, 1)
(25, 38, 55, 1)
(26, 38, 55, 1)
(27, 38, 55, 1)
(28, 38, 55, 1)
(29, 38, 55, 1)
(30, 38, 55, 1)
(31, 38, 55, 1)
(32, 38, 55, 1)
(33, 38, 55, 1)
(34, 38, 55, 1)
(35, 38, 55, 1)
(36, 38, 55, 1)
(16, 39, 55, 1)
(18, 39, 55, 1)
(20, 39, 55, 1)
(22, 39, 55, 1)
(24, 39, 55, 1)
(26, 39, 55, 1)
(28, 39, 55, 1)
(30, 39, 55, 1)
(32, 39, 55, 1)
(34, 39, 55, 1)
(36, 39, 55, 1)
(14, 40, 55, 1)
(17, 40, 55, 1)
(18, 40, 55, 1)
(21, 40, 55, 1)
(23, 40, 55, 1)
(24, 40, 55, 1)
(26, 40, 55, 1)
(27, 40, 55, 1)
(29, 40, 55, 1)
(32, 40, 55, 1)
(33, 40, 55, 1)
(36, 40, 55, 1)
(38, 40, 55, 1)
(14, 41, 55, 1)
(16, 41, 55, 1)
(18, 41, 55, 1)
(22, 41, 55, 1)
(24, 41, 55, 1)
(26, 41, 55, 1)
(28, 41, 55, 1)
(30, 41, 55, 1)
(32, 41, 55, 1)
(36, 41, 55, 1)
(38, 41, 55, 1)
(12, 42, 55, 1)
(13, 42, 55, 1)
(14, 42, 55, 1)
(15, 42, 55, 1)
(17, 42, 55, 1)
(18, 42, 55, 1)
(19, 42, 55, 1)
(20, 42, 55, 1)
(21, 42, 55, 1)
(22, 42, 55, 1)
(23, 42, 55, 1)
(24, 42, 55, 1)
(25, 42, 55, 1)
(26, 42, 55, 1)
(27, 42, 55, 1)
(28, 42, 55, 1)
(30, 42, 55, 1)
(31, 42, 55, 1)
(32, 42, 55, 1)
(33, 42, 55, 1)
(34, 42, 55, 1)
(35, 42, 55, 1)
(36, 42, 55, 1)
(37, 42, 55, 1)
(38, 42, 55, 1)
(39, 42, 55, 1)
(40, 42, 55, 1)
(12, 43, 55, 1)
(14, 43, 55, 1)
(18, 43, 55, 1)
(20, 43, 55, 1)
(24, 43, 55, 1)
(26, 43, 55, 1)
(30, 43, 55, 1)
(32, 43, 55, 1)
(36, 43, 55, 1)
(38, 43, 55, 1)
(12, 44, 55, 1)
(13, 44, 55, 1)
(14, 44, 55, 1)
(15, 44, 55, 1)
(16, 44, 55, 1)
(17, 44, 55, 1)
(18, 44, 55, 1)
(19, 44, 55, 1)
(20, 44, 55, 1)
(21, 44, 55, 1)
(23, 44, 55, 1)
(24, 44, 55, 1)
(25, 44, 55, 1)
(26, 44, 55, 1)
(27, 44, 55, 1)
(28, 44, 55, 1)
(29, 44, 55, 1)
(30, 44, 55, 1)
(31, 44, 55, 1)
(32, 44, 55, 1)
(34, 44, 55, 1)
(35, 44, 55, 1)
(36, 44, 55, 1)
(37, 44, 55, 1)
(38, 44, 55, 1)
(39, 44, 55, 1)
(40, 44, 55, 1)
(41, 44, 55, 1)
(42, 44, 55, 1)
(12, 45, 55, 1)
(14, 45, 55, 1)
(16, 45, 55, 1)
(18, 45, 55, 1)
(22, 45, 55, 1)
(24, 45, 55, 1)
(26, 45, 55, 1)
(28, 45, 55, 1)
(32, 45, 55, 1)
(34, 45, 55, 1)
(36, 45, 55, 1)
(38, 45, 55, 1)
(42, 45, 55, 1)
(8, 46, 55, 1)
(9, 46, 55, 1)
(11, 46, 55, 1)
(12, 46, 55, 1)
(14, 46, 55, 1)
(15, 46, 55, 1)
(17, 46, 55, 1)
(18, 46, 55, 1)
(20, 46, 55, 1)
(21, 46, 55, 1)
(23, 46, 55, 1)
(24, 46, 55, 1)
(26, 46, 55, 1)
(27, 46, 55, 1)
(29, 46, 55, 1)
(30, 46, 55, 1)
(32, 46, 55, 1)
(33, 46, 55, 1)
(35, 46, 55, 1)
(36, 46, 55, 1)
(38, 46, 55, 1)
(39, 46, 55, 1)
(41, 46, 55, 1)
(42, 46, 55, 1)
(44, 46, 55, 1)
(8, 47, 55, 1)
(10, 47, 55, 1)
(12, 47, 55, 1)
(14, 47, 55, 1)
(16, 47, 55, 1)
(18, 47, 55, 1)
(20, 47, 55, 1)
(22, 47, 55, 1)
(24, 47, 55, 1)
(26, 47, 55, 1)
(28, 47, 55, 1)
(30, 47, 55, 1)
(32, 47, 55, 1)
(34, 47, 55, 1)
(36, 47, 55, 1)
(38, 47, 55, 1)
(40, 47, 55, 1)
(42, 47, 55, 1)
(44, 47, 55, 1)
(7, 48, 55, 1)
(8, 48, 55, 1)
(9, 48, 55, 1)
(10, 48, 55, 1)
(11, 48, 55, 1)
(12, 48, 55, 1)
(14, 48, 55, 1)
(15, 48, 55, 1)
(16, 48, 55, 1)
(17, 48, 55, 1)
(18, 48, 55, 1)
(19, 48, 55, 1)
(21, 48, 55, 1)
(22, 48, 55, 1)
(23, 48, 55, 1)
(24, 48, 55, 1)
(25, 48, 55, 1)
(26, 48, 55, 1)
(28, 48, 55, 1)
(29, 48, 55, 1)
(30, 48, 55, 1)
(31, 48, 55, 1)
(32, 48, 55, 1)
(33, 48, 55, 1)
(35, 48, 55, 1)
(36, 48, 55, 1)
(37, 48, 55, 1)
(38, 48, 55, 1)
(39, 48, 55, 1)
(40, 48, 55, 1)
(42, 48, 55, 1)
(43, 48, 55, 1)
(44, 48, 55, 1)
(45, 48, 55, 1)
(46, 48, 55, 1)
(6, 49, 55, 1)
(8, 49, 55, 1)
(12, 49, 55, 1)
(14, 49, 55, 1)
(18, 49, 55, 1)
(20, 49, 55, 1)
(24, 49, 55, 1)
(26, 49, 55, 1)
(30, 49, 55, 1)
(32, 49, 55, 1)
(36, 49, 55, 1)
(38, 49, 55, 1)
(42, 49, 55, 1)
(44, 49, 55, 1)
(6, 50, 55, 1)
(7, 50, 55, 1)
(8, 50, 55, 1)
(9, 50, 55, 1)
(11, 50, 55, 1)
(12, 50, 55, 1)
(13, 50, 55, 1)
(14, 50, 55, 1)
(16, 50, 55, 1)
(17, 50, 55, 1)
(18, 50, 55, 1)
(19, 50, 55, 1)
(21, 50, 55, 1)
(22, 50, 55, 1)
(23, 50, 55, 1)
(24, 50, 55, 1)
(26, 50, 55, 1)
(27, 50, 55, 1)
(28, 50, 55, 1)
(29, 50, 55, 1)
(31, 50, 55, 1)
(32, 50, 55, 1)
(33, 50, 55, 1)
(34, 50, 55, 1)
(36, 50, 55, 1)
(37, 50, 55, 1)
(38, 50, 55, 1)
(39, 50, 55, 1)
(41, 50, 55, 1)
(42, 50, 55, 1)
(43, 50, 55, 1)
(44, 50, 55, 1)
(46, 50, 55, 1)
(47, 50, 55, 1)
(48, 50, 55, 1)
(4, 51, 55, 1)
(6, 51, 55, 1)
(8, 51, 55, 1)
(10, 51, 55, 1)
(12, 51, 55, 1)
(14, 51, 55, 1)
(16, 51, 55, 1)
(18, 51, 55, 1)
(20, 51, 55, 1)
(22, 51, 55, 1)
(24, 51, 55, 1)
(26, 51, 55, 1)
(28, 51, 55, 1)
(30, 51, 55, 1)
(32, 51, 55, 1)
(34, 51, 55, 1)
(36, 51, 55, 1)
(38, 51, 55, 1)
(40, 51, 55, 1)
(42, 51, 55, 1)
(44, 51, 55, 1)
(46, 51, 55, 1)
(48, 51, 55, 1)
(5, 52, 55, 1)
(6, 52, 55, 1)
(8, 52, 55, 1)
(9, 52, 55, 1)
(11, 52, 55, 1)
(12, 52, 55, 1)
(14, 52, 55, 1)
(15, 52, 55, 1)
(17, 52, 55, 1)
(18, 52, 55, 1)
(20, 52, 55, 1)
(21, 52, 55, 1)
(23, 52, 55, 1)
(24, 52, 55, 1)
(26, 52, 55, 1)
(27, 52, 55, 1)
(29, 52, 55, 1)
(30, 52, 55, 1)
(32, 52, 55, 1)
(33, 52, 55, 1)
(35, 52, 55, 1)
(36, 52, 55, 1)
(38, 52, 55, 1)
(39, 52, 55, 1)
(41, 52, 55, 1)
(42, 52, 55, 1)
(44, 52, 55, 1)
(45, 52, 55, 1)
(47, 52, 55, 1)
(48, 52, 55, 1)
(50, 52, 55, 1)
(27, 30, 56, 1)
(28, 31, 56, 1)
(27, 32, 56, 1)
(26, 33, 56, 1)
(30, 33, 56, 1)
(25, 34, 56, 1)
(27, 34, 56, 1)
(29, 34, 56, 1)
(31, 34, 56, 1)
(22, 35, 56, 1)
(24, 35, 56, 1)
(30, 35, 56, 1)
(23, 36, 56, 1)
(27, 36, 56, 1)
(22, 37, 56, 1)
(26, 37, 56, 1)
(30, 37, 56, 1)
(34, 37, 56, 1)
(19, 38, 56, 1)
(21, 38, 56, 1)
(25, 38, 56, 1)
(27, 38, 56, 1)
(31, 38, 56, 1)
(33, 38, 56, 1)
(18, 39, 56, 1)
(20, 39, 56, 1)
(24, 39, 56, 1)
(26, 39, 56, 1)
(28, 39, 56, 1)
(30, 39, 56, 1)
(32, 39, 56, 1)
(34, 39, 56, 1)
(36, 39, 56, 1)
(19, 40, 56, 1)
(23, 40, 56, 1)
(27, 40, 56, 1)
(31, 40, 56, 1)
(35, 40, 56, 1)
(18, 41, 56, 1)
(22, 41, 56, 1)
(30, 41, 56, 1)
(34, 41, 56, 1)
(15, 42, 56, 1)
(17, 42, 56, 1)
(19, 42, 56, 1)
(23, 42, 56, 1)
(25, 42, 56, 1)
(27, 42, 56, 1)
(29, 42, 56, 1)
(31, 42, 56, 1)
(33, 42, 56, 1)
(37, 42, 56, 1)
(39, 42, 56, 1)
(14, 43, 56, 1)
(16, 43, 56, 1)
(18, 43, 56, 1)
(20, 43, 56, 1)
(22, 43, 56, 1)
(24, 43, 56, 1)
(26, 43, 56, 1)
(28, 43, 56, 1)
(32, 43, 56, 1)
(34, 43, 56, 1)
(36, 43, 56, 1)
(38, 43, 56, 1)
(40, 43, 56, 1)
(15, 44, 56, 1)
(19, 44, 56, 1)
(27, 44, 56, 1)
(31, 44, 56, 1)
(39, 44, 56, 1)
(14, 45, 56, 1)
(18, 45, 56, 1)
(22, 45, 56, 1)
(26, 45, 56, 1)
(30, 45, 56, 1)
(38, 45, 56, 1)
(42, 45, 56, 1)
(13, 46, 56, 1)
(15, 46, 56, 1)
(17, 46, 56, 1)
(19, 46, 56, 1)
(23, 46, 56, 1)
(25, 46, 56, 1)
(27, 46, 56, 1)
(29, 46, 56, 1)
(33, 46, 56, 1)
(35, 46, 56, 1)
(37, 46, 56, 1)
(39, 46, 56, 1)
(43, 46, 56, 1)
(10, 47, 56, 1)
(12, 47, 56, 1)
(16, 47, 56, 1)
(18, 47, 56, 1)
(22, 47, 56, 1)
(24, 47, 56, 1)
(28, 47, 56, 1)
(30, 47, 56, 1)
(34, 47, 56, 1)
(36, 47, 56, 1)
(40, 47, 56, 1)
(42, 47, 56, 1)
(11, 48, 56, 1)
(15, 48, 56, 1)
(19, 48, 56, 1)
(23, 48, 56, 1)
(27, 48, 56, 1)
(31, 48, 56, 1)
(35, 48, 56, 1)
(39, 48, 56, 1)
(43, 48, 56, 1)
(10, 49, 56, 1)
(18, 49, 56, 1)
(22, 49, 56, 1)
(26, 49, 56, 1)
(30, 49, 56, 1)
(34, 49, 56, 1)
(38, 49, 56, 1)
(46, 49, 56, 1)
(7, 50, 56, 1)
(9, 50, 56, 1)
(13, 50, 56, 1)
(15, 50, 56, 1)
(19, 50, 56, 1)
(21, 50, 56, 1)
(25, 50, 56, 1)
(27, 50, 56, 1)
(31, 50, 56, 1)
(33, 50, 56, 1)
(37, 50, 56, 1)
(39, 50, 56, 1)
(43, 50, 56, 1)
(45, 50, 56, 1)
(8, 51, 56, 1)
(10, 51, 56, 1)
(12, 51, 56, 1)
(14, 51, 56, 1)
(18, 51, 56, 1)
(20, 51, 56, 1)
(22, 51, 56, 1)
(24, 51, 56, 1)
(28, 51, 56, 1)
(30, 51, 56, 1)
(32, 51, 56, 1)
(34, 51, 56, 1)
(38, 51, 56, 1)
(40, 51, 56, 1)
(42, 51, 56, 1)
(44, 51, 56, 1)
(48, 51, 56, 1)
(7, 52, 56, 1)
(11, 52, 56, 1)
(15, 52, 56, 1)
(19, 52, 56, 1)
(23, 52, 56, 1)
(27, 52, 56, 1)
(31, 52, 56, 1)
(35, 52, 56, 1)
(39, 52, 56, 1)
(43, 52, 56, 1)
(47, 52, 56, 1)
(6, 53, 56, 1)
(10, 53, 56, 1)
(18, 53, 56, 1)
(22, 53, 56, 1)
(30, 53, 56, 1)
(34, 53, 56, 1)
(42, 53, 56, 1)
(46, 53, 56, 1)
(26, 30, 57, 1)
(28, 30, 57, 1)
(26, 31, 57, 1)
(28, 31, 57, 1)
(26, 32, 57, 1)
(30, 32, 57, 1)
(26, 33, 57, 1)
(22, 34, 57, 1)
(23, 34, 57, 1)
(24, 34, 57, 1)
(25, 34, 57, 1)
(26, 34, 57, 1)
(27, 34, 57, 1)
(28, 34, 57, 1)
(29, 34, 57, 1)
(30, 34, 57, 1)
(31, 34, 57, 1)
(32, 34, 57, 1)
(22, 35, 57, 1)
(26, 35, 57, 1)
(28, 35, 57, 1)
(30, 35, 57, 1)
(32, 35, 57, 1)
(23, 36, 57, 1)
(26, 36, 57, 1)
(31, 36, 57, 1)
(34, 36, 57, 1)
(26, 37, 57, 1)
(30, 37, 57, 1)
(34, 37, 57, 1)
(20, 38, 57, 1)
(21, 38, 57, 1)
(22, 38, 57, 1)
(23, 38, 57, 1)
(24, 38, 57, 1)
(25, 38, 57, 1)
(26, 38, 57, 1)
(27, 38, 57, 1)
(28, 38, 57, 1)
(29, 38, 57, 1)
(30, 38, 57, 1)
(31, 38, 57, 1)
(32, 38, 57, 1)
(33, 38, 57, 1)
(34, 38, 57, 1)
(35, 38, 57, 1)
(36, 38, 57, 1)
(20, 39, 57, 1)
(22, 39, 57, 1)
(26, 39, 57, 1)
(28, 39, 57, 1)
(32, 39, 57, 1)
(34, 39, 57, 1)
(18, 40, 57, 1)
(19, 40, 57, 1)
(22, 40, 57, 1)
(26, 40, 57, 1)
(27, 40, 57, 1)
(30, 40, 57, 1)
(31, 40, 57, 1)
(34, 40, 57, 1)
(35, 40, 57, 1)
(38, 40, 57, 1)
(18, 41, 57, 1)
(22, 41, 57, 1)
(26, 41, 57, 1)
(30, 41, 57, 1)
(34, 41, 57, 1)
(38, 41, 57, 1)
(14, 42, 57, 1)
(16, 42, 57, 1)
(19, 42, 57, 1)
(20, 42, 57, 1)
(23, 42, 57, 1)
(25, 42, 57, 1)
(26, 42, 57, 1)
(28, 42, 57, 1)
(29, 42, 57, 1)
(31, 42, 57, 1)
(34, 42, 57, 1)
(35, 42, 57, 1)
(38, 42, 57, 1)
(40, 42, 57, 1)
(14, 43, 57, 1)
(16, 43, 57, 1)
(18, 43, 57, 1)
(20, 43, 57, 1)
(24, 43, 57, 1)
(26, 43, 57, 1)
(28, 43, 57, 1)
(30, 43, 57, 1)
(32, 43, 57, 1)
(34, 43, 57, 1)
(38, 43, 57, 1)
(40, 43, 57, 1)
(14, 44, 57, 1)
(15, 44, 57, 1)
(19, 44, 57, 1)
(22, 44, 57, 1)
(23, 44, 57, 1)
(26, 44, 57, 1)
(27, 44, 57, 1)
(30, 44, 57, 1)
(34, 44, 57, 1)
(35, 44, 57, 1)
(38, 44, 57, 1)
(39, 44, 57, 1)
(42, 44, 57, 1)
(14, 45, 57, 1)
(22, 45, 57, 1)
(26, 45, 57, 1)
(34, 45, 57, 1)
(38, 45, 57, 1)
(10, 46, 57, 1)
(11, 46, 57, 1)
(12, 46, 57, 1)
(14, 46, 57, 1)
(15, 46, 57, 1)
(16, 46, 57, 1)
(17, 46, 57, 1)
(18, 46, 57, 1)
(19, 46, 57, 1)
(20, 46, 57, 1)
(21, 46, 57, 1)
(22, 46, 57, 1)
(23, 46, 57, 1)
(25, 46, 57, 1)
(26, 46, 57, 1)
(27, 46, 57, 1)
(28, 46, 57, 1)
(29, 46, 57, 1)
(30, 46, 57, 1)
(31, 46, 57, 1)
(32, 46, 57, 1)
(33, 46, 57, 1)
(34, 46, 57, 1)
(36, 46, 57, 1)
(37, 46, 57, 1)
(38, 46, 57, 1)
(39, 46, 57, 1)
(40, 46, 57, 1)
(41, 46, 57, 1)
(42, 46, 57, 1)
(43, 46, 57, 1)
(44, 46, 57, 1)
(10, 47, 57, 1)
(14, 47, 57, 1)
(16, 47, 57, 1)
(18, 47, 57, 1)
(20, 47, 57, 1)
(24, 47, 57, 1)
(26, 47, 57, 1)
(28, 47, 57, 1)
(30, 47, 57, 1)
(34, 47, 57, 1)
(36, 47, 57, 1)
(38, 47, 57, 1)
(40, 47, 57, 1)
(44, 47, 57, 1)
(10, 48, 57, 1)
(11, 48, 57, 1)
(14, 48, 57, 1)
(19, 48, 57, 1)
(22, 48, 57, 1)
(23, 48, 57, 1)
(26, 48, 57, 1)
(31, 48, 57, 1)
(34, 48, 57, 1)
(35, 48, 57, 1)
(38, 48, 57, 1)
(43, 48, 57, 1)
(46, 48, 57, 1)
(10, 49, 57, 1)
(14, 49, 57, 1)
(18, 49, 57, 1)
(22, 49, 57, 1)
(26, 49, 57, 1)
(30, 49, 57, 1)
(34, 49, 57, 1)
(38, 49, 57, 1)
(42, 49, 57, 1)
(46, 49, 57, 1)
(6, 50, 57, 1)
(7, 50, 57, 1)
(9, 50, 57, 1)
(10, 50, 57, 1)
(11, 50, 57, 1)
(12, 50, 57, 1)
(13, 50, 57, 1)
(14, 50, 57, 1)
(16, 50, 57, 1)
(17, 50, 57, 1)
(18, 50, 57, 1)
(19, 50, 57, 1)
(20, 50, 57, 1)
(21, 50, 57, 1)
(23, 50, 57, 1)
(24, 50, 57, 1)
(25, 50, 57, 1)
(26, 50, 57, 1)
(27, 50, 57, 1)
(28, 50, 57, 1)
(30, 50, 57, 1)
(31, 50, 57, 1)
(32, 50, 57, 1)
(33, 50, 57, 1)
(34, 50, 57, 1)
(35, 50, 57, 1)
(37, 50, 57, 1)
(38, 50, 57, 1)
(39, 50, 57, 1)
(40, 50, 57, 1)
(41, 50, 57, 1)
(42, 50, 57, 1)
(44, 50, 57, 1)
(45, 50, 57, 1)
(46, 50, 57, 1)
(47, 50, 57, 1)
(48, 50, 57, 1)
(8, 51, 57, 1)
(10, 51, 57, 1)
(14, 51, 57, 1)
(16, 51, 57, 1)
(20, 51, 57, 1)
(22, 51, 57, 1)
(26, 51, 57, 1)
(28, 51, 57, 1)
(32, 51, 57, 1)
(34, 51, 57, 1)
(38, 51, 57, 1)
(40, 51, 57, 1)
(44, 51, 57, 1)
(46, 51, 57, 1)
(6, 52, 57, 1)
(10, 52, 57, 1)
(11, 52, 57, 1)
(14, 52, 57, 1)
(15, 52, 57, 1)
(18, 52, 57, 1)
(19, 52, 57, 1)
(23, 52, 57, 1)
(26, 52, 57, 1)
(30, 52, 57, 1)
(31, 52, 57, 1)
(34, 52, 57, 1)
(35, 52, 57, 1)
(38, 52, 57, 1)
(39, 52, 57, 1)
(43, 52, 57, 1)
(46, 52, 57, 1)
(50, 52, 57, 1)
(6, 53, 57, 1)
(10, 53, 57, 1)
(14, 53, 57, 1)
(18, 53, 57, 1)
(22, 53, 57, 1)
(26, 53, 57, 1)
(30, 53, 57, 1)
(34, 53, 57, 1)
(38, 53, 57, 1)
(42, 53, 57, 1)
(46, 53, 57, 1)
(50, 53, 57, 1)
(4, 54, 57, 1)
(5, 54, 57, 1)
(7, 54, 57, 1)
(8, 54, 57, 1)
(10, 54, 57, 1)
(11, 54, 57, 1)
(13, 54, 57, 1)
(14, 54, 57, 1)
(16, 54, 57, 1)
(17, 54, 57, 1)
(19, 54, 57, 1)
(20, 54, 57, 1)
(22, 54, 57, 1)
(23, 54, 57, 1)
(25, 54, 57, 1)
(26, 54, 57, 1)
(28, 54, 57, 1)
(29, 54, 57, 1)
(31, 54, 57, 1)
(32, 54, 57, 1)
(34, 54, 57, 1)
(35, 54, 57, 1)
(37, 54, 57, 1)
(38, 54, 57, 1)
(40, 54, 57, 1)
(41, 54, 57, 1)
(43, 54, 57, 1)
(44, 54, 57, 1)
(46, 54, 57, 1)
(47, 54, 57, 1)
(49, 54, 57, 1)
(50, 54, 57, 1)
(52, 54, 57, 1)
(27, 32, 58, 1)
(29, 32, 58, 1)
(26, 33, 58, 1)
(30, 33, 58, 1)
(27, 34, 58, 1)
(29, 34, 58, 1)
(24, 35, 58, 1)
(26, 35, 58, 1)
(28, 35, 58, 1)
(30, 35, 58, 1)
(32, 35, 58, 1)
(23, 36, 58, 1)
(27, 36, 58, 1)
(29, 36, 58, 1)
(31, 36, 58, 1)
(33, 36, 58, 1)
(24, 37, 58, 1)
(26, 37, 58, 1)
(32, 37, 58, 1)
(21, 38, 58, 1)
(25, 38, 58, 1)
(27, 38, 58, 1)
(29, 38, 58, 1)
(31, 38, 58, 1)
(35, 38, 58, 1)
(22, 39, 58, 1)
(24, 39, 58, 1)
(26, 39, 58, 1)
(28, 39, 58, 1)
(30, 39, 58, 1)
(32, 39, 58, 1)
(34, 39, 58, 1)
(36, 39, 58, 1)
(21, 40, 58, 1)
(23, 40, 58, 1)
(27, 40, 58, 1)
(29, 40, 58, 1)
(33, 40, 58, 1)
(35, 40, 58, 1)
(18, 41, 58, 1)
(20, 41, 58, 1)
(22, 41, 58, 1)
(26, 41, 58, 1)
(28, 41, 58, 1)
(30, 41, 58, 1)
(32, 41, 58, 1)
(34, 41, 58, 1)
(36, 41, 58, 1)
(38, 41, 58, 1)
(17, 42, 58, 1)
(19, 42, 58, 1)
(21, 42, 58, 1)
(23, 42, 58, 1)
(25, 42, 58, 1)
(27, 42, 58, 1)
(29, 42, 58, 1)
(31, 42, 58, 1)
(33, 42, 58, 1)
(35, 42, 58, 1)
(37, 42, 58, 1)
(39, 42, 58, 1)
(20, 43, 58, 1)
(24, 43, 58, 1)
(26, 43, 58, 1)
(30, 43, 58, 1)
(32, 43, 58, 1)
(36, 43, 58, 1)
(15, 44, 58, 1)
(17, 44, 58, 1)
(19, 44, 58, 1)
(21, 44, 58, 1)
(25, 44, 58, 1)
(27, 44, 58, 1)
(29, 44, 58, 1)
(31, 44, 58, 1)
(33, 44, 58, 1)
(35, 44, 58, 1)
(39, 44, 58, 1)
(41, 44, 58, 1)
(14, 45, 58, 1)
(16, 45, 58, 1)
(18, 45, 58, 1)
(20, 45, 58, 1)
(22, 45, 58, 1)
(24, 45, 58, 1)
(26, 45, 58, 1)
(28, 45, 58, 1)
(30, 45, 58, 1)
(34, 45, 58, 1)
(36, 45, 58, 1)
(38, 45, 58, 1)
(40, 45, 58, 1)
(42, 45, 58, 1)
(15, 46, 58, 1)
(17, 46, 58, 1)
(21, 46, 58, 1)
(23, 46, 58, 1)
(27, 46, 58, 1)
(29, 46, 58, 1)
(33, 46, 58, 1)
(35, 46, 58, 1)
(39, 46, 58, 1)
(41, 46, 58, 1)
(12, 47, 58, 1)
(16, 47, 58, 1)
(18, 47, 58, 1)
(20, 47, 58, 1)
(22, 47, 58, 1)
(24, 47, 58, 1)
(26, 47, 58, 1)
(28, 47, 58, 1)
(30, 47, 58, 1)
(32, 47, 58, 1)
(34, 47, 58, 1)
(38, 47, 58, 1)
(40, 47, 58, 1)
(42, 47, 58, 1)
(44, 47, 58, 1)
(11, 48, 58, 1)
(15, 48, 58, 1)
(17, 48, 58, 1)
(19, 48, 58, 1)
(21, 48, 58, 1)
(25, 48, 58, 1)
(27, 48, 58, 1)
(29, 48, 58, 1)
(31, 48, 58, 1)
(35, 48, 58, 1)
(37, 48, 58, 1)
(39, 48, 58, 1)
(41, 48, 58, 1)
(45, 48, 58, 1)
(12, 49, 58, 1)
(14, 49, 58, 1)
(18, 49, 58, 1)
(20, 49, 58, 1)
(24, 49, 58, 1)
(26, 49, 58, 1)
(30, 49, 58, 1)
(32, 49, 58, 1)
(36, 49, 58, 1)
(38, 49, 58, 1)
(42, 49, 58, 1)
(44, 49, 58, 1)
(9, 50, 58, 1)
(11, 50, 58, 1)
(13, 50, 58, 1)
(15, 50, 58, 1)
(17, 50, 58, 1)
(19, 50, 58, 1)
(21, 50, 58, 1)
(23, 50, 58, 1)
(25, 50, 58, 1)
(27, 50, 58, 1)
(29, 50, 58, 1)
(31, 50, 58, 1)
(33, 50, 58, 1)
(35, 50, 58, 1)
(37, 50, 58, 1)
(39, 50, 58, 1)
(41, 50, 58, 1)
(43, 50, 58, 1)
(45, 50, 58, 1)
(47, 50, 58, 1)
(8, 51, 58, 1)
(10, 51, 58, 1)
(12, 51, 58, 1)
(14, 51, 58, 1)
(18, 51, 58, 1)
(20, 51, 58, 1)
(22, 51, 58, 1)
(24, 51, 58, 1)
(26, 51, 58, 1)
(28, 51, 58, 1)
(32, 51, 58, 1)
(34, 51, 58, 1)
(36, 51, 58, 1)
(38, 51, 58, 1)
(40, 51, 58, 1)
(42, 51, 58, 1)
(46, 51, 58, 1)
(48, 51, 58, 1)
(9, 52, 58, 1)
(11, 52, 58, 1)
(15, 52, 58, 1)
(17, 52, 58, 1)
(21, 52, 58, 1)
(23, 52, 58, 1)
(27, 52, 58, 1)
(29, 52, 58, 1)
(33, 52, 58, 1)
(35, 52, 58, 1)
(39, 52, 58, 1)
(41, 52, 58, 1)
(45, 52, 58, 1)
(47, 52, 58, 1)
(6, 53, 58, 1)
(10, 53, 58, 1)
(12, 53, 58, 1)
(14, 53, 58, 1)
(16, 53, 58, 1)
(20, 53, 58, 1)
(22, 53, 58, 1)
(24, 53, 58, 1)
(26, 53, 58, 1)
(30, 53, 58, 1)
(32, 53, 58, 1)
(34, 53, 58, 1)
(36, 53, 58, 1)
(40, 53, 58, 1)
(42, 53, 58, 1)
(44, 53, 58, 1)
(46, 53, 58, 1)
(50, 53, 58, 1)
(5, 54, 58, 1)
(7, 54, 58, 1)
(9, 54, 58, 1)
(11, 54, 58, 1)
(13, 54, 58, 1)
(15, 54, 58, 1)
(17, 54, 58, 1)
(19, 54, 58, 1)
(21, 54, 58, 1)
(23, 54, 58, 1)
(25, 54, 58, 1)
(27, 54, 58, 1)
(29, 54, 58, 1)
(31, 54, 58, 1)
(33, 54, 58, 1)
(35, 54, 58, 1)
(37, 54, 58, 1)
(39, 54, 58, 1)
(41, 54, 58, 1)
(43, 54, 58, 1)
(45, 54, 58, 1)
(47, 54, 58, 1)
(49, 54, 58, 1)
(51, 54, 58, 1)
(6, 55, 58, 1)
(8, 55, 58, 1)
(12, 55, 58, 1)
(14, 55, 58, 1)
(18, 55, 58, 1)
(20, 55, 58, 1)
(24, 55, 58, 1)
(26, 55, 58, 1)
(30, 55, 58, 1)
(32, 55, 58, 1)
(36, 55, 58, 1)
(38, 55, 58, 1)
(42, 55, 58, 1)
(44, 55, 58, 1)
(48, 55, 58, 1)
(50, 55, 58, 1)
(28, 30, 59, 1)
(28, 31, 59, 1)
(27, 32, 59, 1)
(28, 32, 59, 1)
(30, 32, 59, 1)
(26, 33, 59, 1)
(28, 33, 59, 1)
(30, 33, 59, 1)
(25, 34, 59, 1)
(26, 34, 59, 1)
(27, 34, 59, 1)
(28, 34, 59, 1)
(30, 34, 59, 1)
(31, 34, 59, 1)
(32, 34, 59, 1)
(24, 35, 59, 1)
(28, 35, 59, 1)
(30, 35, 59, 1)
(22, 36, 59, 1)
(23, 36, 59, 1)
(24, 36, 59, 1)
(25, 36, 59, 1)
(26, 36, 59, 1)
(27, 36, 59, 1)
(28, 36, 59, 1)
(29, 36, 59, 1)
(30, 36, 59, 1)
(31, 36, 59, 1)
(32, 36, 59, 1)
(33, 36, 59, 1)
(34, 36, 59, 1)
(22, 37, 59, 1)
(24, 37, 59, 1)
(28, 37, 59, 1)
(30, 37, 59, 1)
(32, 37, 59, 1)
(34, 37, 59, 1)
(21, 38, 59, 1)
(22, 38, 59, 1)
(25, 38, 59, 1)
(27, 38, 59, 1)
(28, 38, 59, 1)
(30, 38, 59, 1)
(33, 38, 59, 1)
(34, 38, 59, 1)
(36, 38, 59, 1)
(20, 39, 59, 1)
(22, 39, 59, 1)
(26, 39, 59, 1)
(28, 39, 59, 1)
(30, 39, 59, 1)
(32, 39, 59, 1)
(36, 39, 59, 1)
(18, 40, 59, 1)
(19, 40, 59, 1)
(20, 40, 59, 1)
(22, 40, 59, 1)
(23, 40, 59, 1)
(24, 40, 59, 1)
(25, 40, 59, 1)
(26, 40, 59, 1)
(27, 40, 59, 1)
(28, 40, 59, 1)
(29, 40, 59, 1)
(30, 40, 59, 1)
(31, 40, 59, 1)
(32, 40, 59, 1)
(33, 40, 59, 1)
(34, 40, 59, 1)
(35, 40, 59, 1)
(36, 40, 59, 1)
(37, 40, 59, 1)
(38, 40, 59, 1)
(18, 41, 59, 1)
(22, 41, 59, 1)
(24, 41, 59, 1)
(28, 41, 59, 1)
(30, 41, 59, 1)
(34, 41, 59, 1)
(36, 41, 59, 1)
(16, 42, 59, 1)
(17, 42, 59, 1)
(18, 42, 59, 1)
(19, 42, 59, 1)
(20, 42, 59, 1)
(21, 42, 59, 1)
(22, 42, 59, 1)
(23, 42, 59, 1)
(24, 42, 59, 1)
(26, 42, 59, 1)
(27, 42, 59, 1)
(28, 42, 59, 1)
(29, 42, 59, 1)
(30, 42, 59, 1)
(31, 42, 59, 1)
(32, 42, 59, 1)
(33, 42, 59, 1)
(34, 42, 59, 1)
(35, 42, 59, 1)
(36, 42, 59, 1)
(37, 42, 59, 1)
(38, 42, 59, 1)
(39, 42, 59, 1)
(40, 42, 59, 1)
(16, 43, 59, 1)
(18, 43, 59, 1)
(20, 43, 59, 1)
(22, 43, 59, 1)
(24, 43, 59, 1)
(26, 43, 59, 1)
(28, 43, 59, 1)
(30, 43, 59, 1)
(32, 43, 59, 1)
(34, 43, 59, 1)
(36, 43, 59, 1)
(38, 43, 59, 1)
(40, 43, 59, 1)
(15, 44, 59, 1)
(16, 44, 59, 1)
(18, 44, 59, 1)
(21, 44, 59, 1)
(22, 44, 59, 1)
(25, 44, 59, 1)
(27, 44, 59, 1)
(28, 44, 59, 1)
(30, 44, 59, 1)
(31, 44, 59, 1)
(33, 44, 59, 1)
(36, 44, 59, 1)
(37, 44, 59, 1)
(40, 44, 59, 1)
(42, 44, 59, 1)
(14, 45, 59, 1)
(16, 45, 59, 1)
(18, 45, 59, 1)
(20, 45, 59, 1)
(22, 45, 59, 1)
(26, 45, 59, 1)
(28, 45, 59, 1)
(30, 45, 59, 1)
(32, 45, 59, 1)
(34, 45, 59, 1)
(36, 45, 59, 1)
(40, 45, 59, 1)
(42, 45, 59, 1)
(12, 46, 59, 1)
(13, 46, 59, 1)
(14, 46, 59, 1)
(15, 46, 59, 1)
(16, 46, 59, 1)
(17, 46, 59, 1)
(18, 46, 59, 1)
(19, 46, 59, 1)
(21, 46, 59, 1)
(22, 46, 59, 1)
(23, 46, 59, 1)
(24, 46, 59, 1)
(25, 46, 59, 1)
(26, 46, 59, 1)
(27, 46, 59, 1)
(28, 46, 59, 1)
(29, 46, 59, 1)
(30, 46, 59, 1)
(31, 46, 59, 1)
(32, 46, 59, 1)
(34, 46, 59, 1)
(35, 46, 59, 1)
(36, 46, 59, 1)
(37, 46, 59, 1)
(38, 46, 59, 1)
(39, 46, 59, 1)
(40, 46, 59, 1)
(41, 46, 59, 1)
(42, 46, 59, 1)
(43, 46, 59, 1)
(44, 46, 59, 1)
(12, 47, 59, 1)
(16, 47, 59, 1)
(18, 47, 59, 1)
(22, 47, 59, 1)
(24, 47, 59, 1)
(28, 47, 59, 1)
(30, 47, 59, 1)
(34, 47, 59, 1)
(36, 47, 59, 1)
(40, 47, 59, 1)
(42, 47, 59, 1)
(10, 48, 59, 1)
(11, 48, 59, 1)
(12, 48, 59, 1)
(13, 48, 59, 1)
(14, 48, 59, 1)
(16, 48, 59, 1)
(17, 48, 59, 1)
(18, 48, 59, 1)
(19, 48, 59, 1)
(20, 48, 59, 1)
(21, 48, 59, 1)
(22, 48, 59, 1)
(23, 48, 59, 1)
(24, 48, 59, 1)
(25, 48, 59, 1)
(27, 48, 59, 1)
(28, 48, 59, 1)
(29, 48, 59, 1)
(30, 48, 59, 1)
(31, 48, 59, 1)
(32, 48, 59, 1)
(33, 48, 59, 1)
(34, 48, 59, 1)
(35, 48, 59, 1)
(36, 48, 59, 1)
(38, 48, 59, 1)
(39, 48, 59, 1)
(40, 48, 59, 1)
(41, 48, 59, 1)
(42, 48, 59, 1)
(43, 48, 59, 1)
(44, 48, 59, 1)
(45, 48, 59, 1)
(46, 48, 59, 1)
(10, 49, 59, 1)
(12, 49, 59, 1)
(16, 49, 59, 1)
(18, 49, 59, 1)
(20, 49, 59, 1)
(22, 49, 59, 1)
(26, 49, 59, 1)
(28, 49, 59, 1)
(30, 49, 59, 1)
(32, 49, 59, 1)
(36, 49, 59, 1)
(38, 49, 59, 1)
(40, 49, 59, 1)
(42, 49, 59, 1)
(46, 49, 59, 1)
(9, 50, 59, 1)
(10, 50, 59, 1)
(12, 50, 59, 1)
(13, 50, 59, 1)
(15, 50, 59, 1)
(16, 50, 59, 1)
(18, 50, 59, 1)
(19, 50, 59, 1)
(21, 50, 59, 1)
(22, 50, 59, 1)
(24, 50, 59, 1)
(25, 50, 59, 1)
(27, 50, 59, 1)
(28, 50, 59, 1)
(30, 50, 59, 1)
(31, 50, 59, 1)
(33, 50, 59, 1)
(34, 50, 59, 1)
(36, 50, 59, 1)
(37, 50, 59, 1)
(39, 50, 59, 1)
(40, 50, 59, 1)
(42, 50, 59, 1)
(43, 50, 59, 1)
(45, 50, 59, 1)
(46, 50, 59, 1)
(48, 50, 59, 1)
(8, 51, 59, 1)
(10, 51, 59, 1)
(12, 51, 59, 1)
(14, 51, 59, 1)
(16, 51, 59, 1)
(18, 51, 59, 1)
(20, 51, 59, 1)
(22, 51, 59, 1)
(24, 51, 59, 1)
(26, 51, 59, 1)
(28, 51, 59, 1)
(30, 51, 59, 1)
(32, 51, 59, 1)
(34, 51, 59, 1)
(36, 51, 59, 1)
(38, 51, 59, 1)
(40, 51, 59, 1)
(42, 51, 59, 1)
(44, 51, 59, 1)
(46, 51, 59, 1)
(48, 51, 59, 1)
(6, 52, 59, 1)
(7, 52, 59, 1)
(8, 52, 59, 1)
(9, 52, 59, 1)
(11, 52, 59, 1)
(12, 52, 59, 1)
(13, 52, 59, 1)
(14, 52, 59, 1)
(15, 52, 59, 1)
(16, 52, 59, 1)
(18, 52, 59, 1)
(19, 52, 59, 1)
(20, 52, 59, 1)
(21, 52, 59, 1)
(22, 52, 59, 1)
(23, 52, 59, 1)
(25, 52, 59, 1)
(26, 52, 59, 1)
(27, 52, 59, 1)
(28, 52, 59, 1)
(29, 52, 59, 1)
(30, 52, 59, 1)
(32, 52, 59, 1)
(33, 52, 59, 1)
(34, 52, 59, 1)
(35, 52, 59, 1)
(36, 52, 59, 1)
(37, 52, 59, 1)
(39, 52, 59, 1)
(40, 52, 59, 1)
(41, 52, 59, 1)
(42, 52, 59, 1)
(43, 52, 59, 1)
(44, 52, 59, 1)
(46, 52, 59, 1)
(47, 52, 59, 1)
(48, 52, 59, 1)
(49, 52, 59, 1)
(50, 52, 59, 1)
(6, 53, 59, 1)
(10, 53, 59, 1)
(12, 53, 59, 1)
(16, 53, 59, 1)
(18, 53, 59, 1)
(22, 53, 59, 1)
(24, 53, 59, 1)
(28, 53, 59, 1)
(30, 53, 59, 1)
(34, 53, 59, 1)
(36, 53, 59, 1)
(40, 53, 59, 1)
(42, 53, 59, 1)
(46, 53, 59, 1)
(48, 53, 59, 1)
(5, 54, 59, 1)
(6, 54, 59, 1)
(7, 54, 59, 1)
(8, 54, 59, 1)
(10, 54, 59, 1)
(11, 54, 59, 1)
(12, 54, 59, 1)
(13, 54, 59, 1)
(15, 54, 59, 1)
(16, 54, 59, 1)
(17, 54, 59, 1)
(18, 54, 59, 1)
(20, 54, 59, 1)
(21, 54, 59, 1)
(22, 54, 59, 1)
(23, 54, 59, 1)
(25, 54, 59, 1)
(26, 54, 59, 1)
(27, 54, 59, 1)
(28, 54, 59, 1)
(30, 54, 59, 1)
(31, 54, 59, 1)
(32, 54, 59, 1)
(33, 54, 59, 1)
(35, 54, 59, 1)
(36, 54, 59, 1)
(37, 54, 59, 1)
(38, 54, 59, 1)
(40, 54, 59, 1)
(41, 54, 59, 1)
(42, 54, 59, 1)
(43, 54, 59, 1)
(45, 54, 59, 1)
(46, 54, 59, 1)
(47, 54, 59, 1)
(48, 54, 59, 1)
(50, 54, 59, 1)
(51, 54, 59, 1)
(52, 54, 59, 1)
(4, 55, 59, 1)
(6, 55, 59, 1)
(8, 55, 59, 1)
(10, 55, 59, 1)
(12, 55, 59, 1)
(14, 55, 59, 1)
(16, 55, 59, 1)
(18, 55, 59, 1)
(20, 55, 59, 1)
(22, 55, 59, 1)
(24, 55, 59, 1)
(26, 55, 59, 1)
(28, 55, 59, 1)
(30, 55, 59, 1)
(32, 55, 59, 1)
(34, 55, 59, 1)
(36, 55, 59, 1)
(38, 55, 59, 1)
(40, 55, 59, 1)
(42, 55, 59, 1)
(44, 55, 59, 1)
(46, 55, 59, 1)
(48, 55, 59, 1)
(50, 55, 59, 1)
(52, 55, 59, 1)
(4, 56, 59, 1)
(6, 56, 59, 1)
(7, 56, 59, 1)
(9, 56, 59, 1)
(10, 56, 59, 1)
(12, 56, 59, 1)
(13, 56, 59, 1)
(15, 56, 59, 1)
(16, 56, 59, 1)
(18, 56, 59, 1)
(19, 56, 59, 1)
(21, 56, 59, 1)
(22, 56, 59, 1)
(24, 56, 59, 1)
(25, 56, 59, 1)
(27, 56, 59, 1)
(28, 56, 59, 1)
(30, 56, 59, 1)
(31, 56, 59, 1)
(33, 56, 59, 1)
(34, 56, 59, 1)
(36, 56, 59, 1)
(37, 56, 59, 1)
(39, 56, 59, 1)
(40, 56, 59, 1)
(42, 56, 59, 1)
(43, 56, 59, 1)
(45, 56, 59, 1)
(46, 56, 59, 1)
(48, 56, 59, 1)
(49, 56, 59, 1)
(51, 56, 59, 1)
(52, 56, 59, 1)
(54, 56, 59, 1)
(27, 34, 60, 1)
(29, 34, 60, 1)
(31, 34, 60, 1)
(26, 35, 60, 1)
(28, 35, 60, 1)
(32, 35, 60, 1)
(31, 36, 60, 1)
(26, 37, 60, 1)
(30, 37, 60, 1)
(34, 37, 60, 1)
(23, 38, 60, 1)
(25, 38, 60, 1)
(29, 38, 60, 1)
(31, 38, 60, 1)
(33, 38, 60, 1)
(35, 38, 60, 1)
(22, 39, 60, 1)
(26, 39, 60, 1)
(28, 39, 60, 1)
(34, 39, 60, 1)
(23, 40, 60, 1)
(27, 40, 60, 1)
(31, 40, 60, 1)
(26, 41, 60, 1)
(30, 41, 60, 1)
(34, 41, 60, 1)
(38, 41, 60, 1)
(19, 42, 60, 1)
(23, 42, 60, 1)
(25, 42, 60, 1)
(29, 42, 60, 1)
(31, 42, 60, 1)
(35, 42, 60, 1)
(37, 42, 60, 1)
(18, 43, 60, 1)
(20, 43, 60, 1)
(22, 43, 60, 1)
(24, 43, 60, 1)
(28, 43, 60, 1)
(30, 43, 60, 1)
(32, 43, 60, 1)
(34, 43, 60, 1)
(36, 43, 60, 1)
(38, 43, 60, 1)
(40, 43, 60, 1)
(19, 44, 60, 1)
(23, 44, 60, 1)
(27, 44, 60, 1)
(31, 44, 60, 1)
(35, 44, 60, 1)
(39, 44, 60, 1)
(22, 45, 60, 1)
(26, 45, 60, 1)
(34, 45, 60, 1)
(38, 45, 60, 1)
(15, 46, 60, 1)
(17, 46, 60, 1)
(19, 46, 60, 1)
(21, 46, 60, 1)
(23, 46, 60, 1)
(27, 46, 60, 1)
(29, 46, 60, 1)
(31, 46, 60, 1)
(33, 46, 60, 1)
(35, 46, 60, 1)
(37, 46, 60, 1)
(41, 46, 60, 1)
(43, 46, 60, 1)
(14, 47, 60, 1)
(16, 47, 60, 1)
(18, 47, 60, 1)
(20, 47, 60, 1)
(22, 47, 60, 1)
(24, 47, 60, 1)
(26, 47, 60, 1)
(28, 47, 60, 1)
(30, 47, 60, 1)
(32, 47, 60, 1)
(36, 47, 60, 1)
(38, 47, 60, 1)
(40, 47, 60, 1)
(42, 47, 60, 1)
(44, 47, 60, 1)
(19, 48, 60, 1)
(23, 48, 60, 1)
(31, 48, 60, 1)
(35, 48, 60, 1)
(43, 48, 60, 1)
(14, 49, 60, 1)
(18, 49, 60, 1)
(22, 49, 60, 1)
(26, 49, 60, 1)
(30, 49, 60, 1)
(34, 49, 60, 1)
(42, 49, 60, 1)
(46, 49, 60, 1)
(11, 50, 60, 1)
(13, 50, 60, 1)
(17, 50, 60, 1)
(19, 50, 60, 1)
(21, 50, 60, 1)
(23, 50, 60, 1)
(27, 50, 60, 1)
(29, 50, 60, 1)
(31, 50, 60, 1)
(33, 50, 60, 1)
(37, 50, 60, 1)
(39, 50, 60, 1)
(41, 50, 60, 1)
(43, 50, 60, 1)
(47, 50, 60, 1)
(10, 51, 60, 1)
(14, 51, 60, 1)
(16, 51, 60, 1)
(20, 51, 60, 1)
(22, 51, 60, 1)
(26, 51, 60, 1)
(28, 51, 60, 1)
(32, 51, 60, 1)
(34, 51, 60, 1)
(38, 51, 60, 1)
(40, 51, 60, 1)
(44, 51, 60, 1)
(46, 51, 60, 1)
(11, 52, 60, 1)
(15, 52, 60, 1)
(19, 52, 60, 1)
(23, 52, 60, 1)
(27, 52, 60, 1)
(31, 52, 60, 1)
(35, 52, 60, 1)
(39, 52, 60, 1)
(43, 52, 60, 1)
(47, 52, 60, 1)
(10, 53, 60, 1)
(14, 53, 60, 1)
(22, 53, 60, 1)
(26, 53, 60, 1)
(30, 53, 60, 1)
(34, 53, 60, 1)
(38, 53, 60, 1)
(42, 53, 60, 1)
(50, 53, 60, 1)
(7, 54, 60, 1)
(11, 54, 60, 1)
(13, 54, 60, 1)
(17, 54, 60, 1)
(19, 54, 60, 1)
(23, 54, 60, 1)
(25, 54, 60, 1)
(29, 54, 60, 1)
(31, 54, 60, 1)
(35, 54, 60, 1)
(37, 54, 60, 1)
(41, 54, 60, 1)
(43, 54, 60, 1)
(47, 54, 60, 1)
(49, 54, 60, 1)
(6, 55, 60, 1)
(8, 55, 60, 1)
(12, 55, 60, 1)
(14, 55, 60, 1)
(16, 55, 60, 1)
(18, 55, 60, 1)
(22, 55, 60, 1)
(24, 55, 60, 1)
(26, 55, 60, 1)
(28, 55, 60, 1)
(32, 55, 60, 1)
(34, 55, 60, 1)
(36, 55, 60, 1)
(38, 55, 60, 1)
(42, 55, 60, 1)
(44, 55, 60, 1)
(46, 55, 60, 1)
(48, 55, 60, 1)
(52, 55, 60, 1)
(7, 56, 60, 1)
(11, 56, 60, 1)
(15, 56, 60, 1)
(19, 56, 60, 1)
(23, 56, 60, 1)
(27, 56, 60, 1)
(31, 56, 60, 1)
(35, 56, 60, 1)
(39, 56, 60, 1)
(43, 56, 60, 1)
(47, 56, 60, 1)
(51, 56, 60, 1)
(10, 57, 60, 1)
(14, 57, 60, 1)
(22, 57, 60, 1)
(26, 57, 60, 1)
(34, 57, 60, 1)
(38, 57, 60, 1)
(46, 57, 60, 1)
(50, 57, 60, 1)
(30, 32, 61, 1)
(30, 33, 61, 1)
(26, 34, 61, 1)
(27, 34, 61, 1)
(29, 34, 61, 1)
(30, 34, 61, 1)
(32, 34, 61, 1)
(26, 35, 61, 1)
(28, 35, 61, 1)
(30, 35, 61, 1)
(32, 35, 61, 1)
(27, 36, 61, 1)
(30, 36, 61, 1)
(34, 36, 61, 1)
(26, 37, 61, 1)
(30, 37, 61, 1)
(22, 38, 61, 1)
(23, 38, 61, 1)
(24, 38, 61, 1)
(25, 38, 61, 1)
(26, 38, 61, 1)
(27, 38, 61, 1)
(28, 38, 61, 1)
(29, 38, 61, 1)
(30, 38, 61, 1)
(31, 38, 61, 1)
(32, 38, 61, 1)
(33, 38, 61, 1)
(34, 38, 61, 1)
(35, 38, 61, 1)
(36, 38, 61, 1)
(22, 39, 61, 1)
(24, 39, 61, 1)
(26, 39, 61, 1)
(30, 39, 61, 1)
(32, 39, 61, 1)
(34, 39, 61, 1)
(36, 39, 61, 1)
(23, 40, 61, 1)
(27, 40, 61, 1)
(30, 40, 61, 1)
(35, 40, 61, 1)
(38, 40, 61, 1)
(22, 41, 61, 1)
(30, 41, 61, 1)
(34, 41, 61, 1)
(38, 41, 61, 1)
(18, 42, 61, 1)
(19, 42, 61, 1)
(20, 42, 61, 1)
(21, 42, 61, 1)
(22, 42, 61, 1)
(24, 42, 61, 1)
(25, 42, 61, 1)
(26, 42, 61, 1)
(27, 42, 61, 1)
(28, 42, 61, 1)
(29, 42, 61, 1)
(30, 42, 61, 1)
(31, 42, 61, 1)
(32, 42, 61, 1)
(33, 42, 61, 1)
(34, 42, 61, 1)
(35, 42, 61, 1)
(36, 42, 61, 1)
(37, 42, 61, 1)
(38, 42, 61, 1)
(39, 42, 61, 1)
(40, 42, 61, 1)
(18, 43, 61, 1)
(20, 43, 61, 1)
(24, 43, 61, 1)
(26, 43, 61, 1)
(30, 43, 61, 1)
(32, 43, 61, 1)
(36, 43, 61, 1)
(38, 43, 61, 1)
(18, 44, 61, 1)
(19, 44, 61, 1)
(22, 44, 61, 1)
(23, 44, 61, 1)
(26, 44, 61, 1)
(30, 44, 61, 1)
(31, 44, 61, 1)
(34, 44, 61, 1)
(35, 44, 61, 1)
(38, 44, 61, 1)
(39, 44, 61, 1)
(42, 44, 61, 1)
(18, 45, 61, 1)
(22, 45, 61, 1)
(26, 45, 61, 1)
(30, 45, 61, 1)
(34, 45, 61, 1)
(38, 45, 61, 1)
(42, 45, 61, 1)
(14, 46, 61, 1)
(15, 46, 61, 1)
(17, 46, 61, 1)
(18, 46, 61, 1)
(20, 46, 61, 1)
(23, 46, 61, 1)
(24, 46, 61, 1)
(27, 46, 61, 1)
(29, 46, 61, 1)
(30, 46, 61, 1)
(32, 46, 61, 1)
(33, 46, 61, 1)
(35, 46, 61, 1)
(38, 46, 61, 1)
(39, 46, 61, 1)
(42, 46, 61, 1)
(44, 46, 61, 1)
(14, 47, 61, 1)
(16, 47, 61, 1)
(18, 47, 61, 1)
(20, 47, 61, 1)
(22, 47, 61, 1)
(24, 47, 61, 1)
(28, 47, 61, 1)
(30, 47, 61, 1)
(32, 47, 61, 1)
(34, 47, 61, 1)
(36, 47, 61, 1)
(38, 47, 61, 1)
(42, 47, 61, 1)
(44, 47, 61, 1)
(14, 48, 61, 1)
(15, 48, 61, 1)
(18, 48, 61, 1)
(19, 48, 61, 1)
(23, 48, 61, 1)
(26, 48, 61, 1)
(27, 48, 61, 1)
(30, 48, 61, 1)
(31, 48, 61, 1)
(34, 48, 61, 1)
(38, 48, 61, 1)
(39, 48, 61, 1)
(42, 48, 61, 1)
(43, 48, 61, 1)
(46, 48, 61, 1)
(14, 49, 61, 1)
(18, 49, 61, 1)
(26, 49, 61, 1)
(30, 49, 61, 1)
(38, 49, 61, 1)
(42, 49, 61, 1)
(10, 50, 61, 1)
(11, 50, 61, 1)
(12, 50, 61, 1)
(13, 50, 61, 1)
(14, 50, 61, 1)
(15, 50, 61, 1)
(16, 50, 61, 1)
(18, 50, 61, 1)
(19, 50, 61, 1)
(20, 50, 61, 1)
(21, 50, 61, 1)
(22, 50, 61, 1)
(23, 50, 61, 1)
(24, 50, 61, 1)
(25, 50, 61, 1)
(26, 50, 61, 1)
(27, 50, 61, 1)
(29, 50, 61, 1)
(30, 50, 61, 1)
(31, 50, 61, 1)
(32, 50, 61, 1)
(33, 50, 61, 1)
(34, 50, 61, 1)
(35, 50, 61, 1)
(36, 50, 61, 1)
(37, 50, 61, 1)
(38, 50, 61, 1)
(40, 50, 61, 1)
(41, 50, 61, 1)
(42, 50, 61, 1)
(43, 50, 61, 1)
(44, 50, 61, 1)
(45, 50, 61, 1)
(46, 50, 61, 1)
(47, 50, 61, 1)
(48, 50, 61, 1)
(10, 51, 61, 1)
(12, 51, 61, 1)
(14, 51, 61, 1)
(18, 51, 61, 1)
(20, 51, 61, 1)
(22, 51, 61, 1)
(24, 51, 61, 1)
(28, 51, 61, 1)
(30, 51, 61, 1)
(32, 51, 61, 1)
(34, 51, 61, 1)
(38, 51, 61, 1)
(40, 51, 61, 1)
(42, 51, 61, 1)
(44, 51, 61, 1)
(48, 51, 61, 1)
(11, 52, 61, 1)
(14, 52, 61, 1)
(15, 52, 61, 1)
(18, 52, 61, 1)
(23, 52, 61, 1)
(26, 52, 61, 1)
(27, 52, 61, 1)
(30, 52, 61, 1)
(35, 52, 61, 1)
(38, 52, 61, 1)
(39, 52, 61, 1)
(42, 52, 61, 1)
(47, 52, 61, 1)
(50, 52, 61, 1)
(10, 53, 61, 1)
(14, 53, 61, 1)
(18, 53, 61, 1)
(22, 53, 61, 1)
(26, 53, 61, 1)
(30, 53, 61, 1)
(34, 53, 61, 1)
(38, 53, 61, 1)
(42, 53, 61, 1)
(46, 53, 61, 1)
(50, 53, 61, 1)
(6, 54, 61, 1)
(7, 54, 61, 1)
(8, 54, 61, 1)
(9, 54, 61, 1)
(10, 54, 61, 1)
(11, 54, 61, 1)
(13, 54, 61, 1)
(14, 54, 61, 1)
(15, 54, 61, 1)
(16, 54, 61, 1)
(17, 54, 61, 1)
(18, 54, 61, 1)
(20, 54, 61, 1)
(21, 54, 61, 1)
(22, 54, 61, 1)
(23, 54, 61, 1)
(24, 54, 61, 1)
(25, 54, 61, 1)
(27, 54, 61, 1)
(28, 54, 61, 1)
(29, 54, 61, 1)
(30, 54, 61, 1)
(31, 54, 61, 1)
(32, 54, 61, 1)
(34, 54, 61, 1)
(35, 54, 61, 1)
(36, 54, 61, 1)
(37, 54, 61, 1)
(38, 54, 61, 1)
(39, 54, 61, 1)
(41, 54, 61, 1)
(42, 54, 61, 1)
(43, 54, 61, 1)
(44, 54, 61, 1)
(45, 54, 61, 1)
(46, 54, 61, 1)
(48, 54, 61, 1)
(49, 54, 61, 1)
(50, 54, 61, 1)
(51, 54, 61, 1)
(52, 54, 61, 1)
(6, 55, 61, 1)
(8, 55, 61, 1)
(12, 55, 61, 1)
(14, 55, 61, 1)
(18, 55, 61, 1)
(20, 55, 61, 1)
(24, 55, 61, 1)
(26, 55, 61, 1)
(30, 55, 61, 1)
(32, 55, 61, 1)
(36, 55, 61, 1)
(38, 55, 61, 1)
(42, 55, 61, 1)
(44, 55, 61, 1)
(48, 55, 61, 1)
(50, 55, 61, 1)
(7, 56, 61, 1)
(10, 56, 61, 1)
(14, 56, 61, 1)
(15, 56, 61, 1)
(18, 56, 61, 1)
(19, 56, 61, 1)
(22, 56, 61, 1)
(23, 56, 61, 1)
(27, 56, 61, 1)
(30, 56, 61, 1)
(34, 56, 61, 1)
(35, 56, 61, 1)
(38, 56, 61, 1)
(39, 56, 61, 1)
(42, 56, 61, 1)
(43, 56, 61, 1)
(47, 56, 61, 1)
(50, 56, 61, 1)
(54, 56, 61, 1)
(6, 57, 61, 1)
(10, 57, 61, 1)
(14, 57, 61, 1)
(18, 57, 61, 1)
(22, 57, 61, 1)
(26, 57, 61, 1)
(30, 57, 61, 1)
(34, 57, 61, 1)
(38, 57, 61, 1)
(42, 57, 61, 1)
(46, 57, 61, 1)
(50, 57, 61, 1)
(54, 57, 61, 1)
(5, 58, 61, 1)
(6, 58, 61, 1)
(8, 58, 61, 1)
(9, 58, 61, 1)
(11, 58, 61, 1)
(12, 58, 61, 1)
(14, 58, 61, 1)
(15, 58, 61, 1)
(17, 58, 61, 1)
(18, 58, 61, 1)
(20, 58, 61, 1)
(21, 58, 61, 1)
(23, 58, 61, 1)
(24, 58, 61, 1)
(26, 58, 61, 1)
(27, 58, 61, 1)
(29, 58, 61, 1)
(30, 58, 61, 1)
(32, 58, 61, 1)
(33, 58, 61, 1)
(35, 58, 61, 1)
(36, 58, 61, 1)
(38, 58, 61, 1)
(39, 58, 61, 1)
(41, 58, 61, 1)
(42, 58, 61, 1)
(44, 58, 61, 1)
(45, 58, 61, 1)
(47, 58, 61, 1)
(48, 58, 61, 1)
(50, 58, 61, 1)
(51, 58, 61, 1)
(53, 58, 61, 1)
(54, 58, 61, 1)
(56, 58, 61, 1)
(30, 33, 62, 1)
(29, 34, 62, 1)
(31, 34, 62, 1)
(28, 35, 62, 1)
(30, 35, 62, 1)
(27, 36, 62, 1)
(29, 36, 62, 1)
(31, 36, 62, 1)
(33, 36, 62, 1)
(26, 37, 62, 1)
(28, 37, 62, 1)
(30, 37, 62, 1)
(34, 37, 62, 1)
(25, 38, 62, 1)
(27, 38, 62, 1)
(31, 38, 62, 1)
(33, 38, 62, 1)
(24, 39, 62, 1)
(26, 39, 62, 1)
(28, 39, 62, 1)
(30, 39, 62, 1)
(32, 39, 62, 1)
(34, 39, 62, 1)
(36, 39, 62, 1)
(23, 40, 62, 1)
(25, 40, 62, 1)
(27, 40, 62, 1)
(31, 40, 62, 1)
(33, 40, 62, 1)
(35, 40, 62, 1)
(37, 40, 62, 1)
(22, 41, 62, 1)
(24, 41, 62, 1)
(28, 41, 62, 1)
(30, 41, 62, 1)
(36, 41, 62, 1)
(21, 42, 62, 1)
(23, 42, 62, 1)
(25, 42, 62, 1)
(29, 42, 62, 1)
(31, 42, 62, 1)
(33, 42, 62, 1)
(35, 42, 62, 1)
(39, 42, 62, 1)
(20, 43, 62, 1)
(22, 43, 62, 1)
(26, 43, 62, 1)
(28, 43, 62, 1)
(30, 43, 62, 1)
(32, 43, 62, 1)
(34, 43, 62, 1)
(36, 43, 62, 1)
(38, 43, 62, 1)
(40, 43, 62, 1)
(19, 44, 62, 1)
(21, 44, 62, 1)
(25, 44, 62, 1)
(27, 44, 62, 1)
(31, 44, 62, 1)
(33, 44, 62, 1)
(37, 44, 62, 1)
(39, 44, 62, 1)
(18, 45, 62, 1)
(20, 45, 62, 1)
(22, 45, 62, 1)
(24, 45, 62, 1)
(26, 45, 62, 1)
(30, 45, 62, 1)
(32, 45, 62, 1)
(34, 45, 62, 1)
(36, 45, 62, 1)
(38, 45, 62, 1)
(40, 45, 62, 1)
(42, 45, 62, 1)
(17, 46, 62, 1)
(19, 46, 62, 1)
(21, 46, 62, 1)
(23, 46, 62, 1)
(25, 46, 62, 1)
(27, 46, 62, 1)
(29, 46, 62, 1)
(31, 46, 62, 1)
(33, 46, 62, 1)
(35, 46, 62, 1)
(37, 46, 62, 1)
(39, 46, 62, 1)
(41, 46, 62, 1)
(43, 46, 62, 1)
(16, 47, 62, 1)
(18, 47, 62, 1)
(24, 47, 62, 1)
(28, 47, 62, 1)
(30, 47, 62, 1)
(34, 47, 62, 1)
(36, 47, 62, 1)
(40, 47, 62, 1)
(15, 48, 62, 1)
(17, 48, 62, 1)
(19, 48, 62, 1)
(21, 48, 62, 1)
(23, 48, 62, 1)
(25, 48, 62, 1)
(29, 48, 62, 1)
(31, 48, 62, 1)
(33, 48, 62, 1)
(35, 48, 62, 1)
(37, 48, 62, 1)
(39, 48, 62, 1)
(43, 48, 62, 1)
(45, 48, 62, 1)
(14, 49, 62, 1)
(16, 49, 62, 1)
(18, 49, 62, 1)
(20, 49, 62, 1)
(22, 49, 62, 1)
(24, 49, 62, 1)
(26, 49, 62, 1)
(28, 49, 62, 1)
(30, 49, 62, 1)
(32, 49, 62, 1)
(34, 49, 62, 1)
(38, 49, 62, 1)
(40, 49, 62, 1)
(42, 49, 62, 1)
(44, 49, 62, 1)
(46, 49, 62, 1)
(13, 50, 62, 1)
(15, 50, 62, 1)
(19, 50, 62, 1)
(21, 50, 62, 1)
(25, 50, 62, 1)
(27, 50, 62, 1)
(31, 50, 62, 1)
(33, 50, 62, 1)
(37, 50, 62, 1)
(39, 50, 62, 1)
(43, 50, 62, 1)
(45, 50, 62, 1)
(12, 51, 62, 1)
(14, 51, 62, 1)
(16, 51, 62, 1)
(20, 51, 62, 1)
(22, 51, 62, 1)
(24, 51, 62, 1)
(26, 51, 62, 1)
(28, 51, 62, 1)
(30, 51, 62, 1)
(32, 51, 62, 1)
(34, 51, 62, 1)
(36, 51, 62, 1)
(38, 51, 62, 1)
(42, 51, 62, 1)
(44, 51, 62, 1)
(46, 51, 62, 1)
(48, 51, 62, 1)
(11, 52, 62, 1)
(13, 52, 62, 1)
(15, 52, 62, 1)
(19, 52, 62, 1)
(21, 52, 62, 1)
(23, 52, 62, 1)
(25, 52, 62, 1)
(29, 52, 62, 1)
(31, 52, 62, 1)
(33, 52, 62, 1)
(35, 52, 62, 1)
(39, 52, 62, 1)
(41, 52, 62, 1)
(43, 52, 62, 1)
(45, 52, 62, 1)
(49, 52, 62, 1)
(10, 53, 62, 1)
(12, 53, 62, 1)
(16, 53, 62, 1)
(18, 53, 62, 1)
(22, 53, 62, 1)
(24, 53, 62, 1)
(28, 53, 62, 1)
(30, 53, 62, 1)
(34, 53, 62, 1)
(36, 53, 62, 1)
(40, 53, 62, 1)
(42, 53, 62, 1)
(46, 53, 62, 1)
(48, 53, 62, 1)
(9, 54, 62, 1)
(11, 54, 62, 1)
(13, 54, 62, 1)
(15, 54, 62, 1)
(17, 54, 62, 1)
(19, 54, 62, 1)
(21, 54, 62, 1)
(23, 54, 62, 1)
(25, 54, 62, 1)
(27, 54, 62, 1)
(29, 54, 62, 1)
(31, 54, 62, 1)
(33, 54, 62, 1)
(35, 54, 62, 1)
(37, 54, 62, 1)
(39, 54, 62, 1)
(41, 54, 62, 1)
(43, 54, 62, 1)
(45, 54, 62, 1)
(47, 54, 62, 1)
(49, 54, 62, 1)
(51, 54, 62, 1)
(8, 55, 62, 1)
(10, 55, 62, 1)
(12, 55, 62, 1)
(14, 55, 62, 1)
(16, 55, 62, 1)
(18, 55, 62, 1)
(22, 55, 62, 1)
(24, 55, 62, 1)
(26, 55, 62, 1)
(28, 55, 62, 1)
(30, 55, 62, 1)
(32, 55, 62, 1)
(36, 55, 62, 1)
(38, 55, 62, 1)
(40, 55, 62, 1)
(42, 55, 62, 1)
(44, 55, 62, 1)
(46, 55, 62, 1)
(50, 55, 62, 1)
(52, 55, 62, 1)
(7, 56, 62, 1)
(9, 56, 62, 1)
(13, 56, 62, 1)
(15, 56, 62, 1)
(19, 56, 62, 1)
(21, 56, 62, 1)
(25, 56, 62, 1)
(27, 56, 62, 1)
(31, 56, 62, 1)
(33, 56, 62, 1)
(37, 56, 62, 1)
(39, 56, 62, 1)
(43, 56, 62, 1)
(45, 56, 62, 1)
(49, 56, 62, 1)
(51, 56, 62, 1)
(6, 57, 62, 1)
(8, 57, 62, 1)
(10, 57, 62, 1)
(14, 57, 62, 1)
(16, 57, 62, 1)
(18, 57, 62, 1)
(20, 57, 62, 1)
(24, 57, 62, 1)
(26, 57, 62, 1)
(28, 57, 62, 1)
(30, 57, 62, 1)
(34, 57, 62, 1)
(36, 57, 62, 1)
(38, 57, 62, 1)
(40, 57, 62, 1)
(44, 57, 62, 1)
(46, 57, 62, 1)
(48, 57, 62, 1)
(50, 57, 62, 1)
(54, 57, 62, 1)
(5, 58, 62, 1)
(7, 58, 62, 1)
(9, 58, 62, 1)
(11, 58, 62, 1)
(13, 58, 62, 1)
(15, 58, 62, 1)
(17, 58, 62, 1)
(19, 58, 62, 1)
(21, 58, 62, 1)
(23, 58, 62, 1)
(25, 58, 62, 1)
(27, 58, 62, 1)
(29, 58, 62, 1)
(31, 58, 62, 1)
(33, 58, 62, 1)
(35, 58, 62, 1)
(37, 58, 62, 1)
(39, 58, 62, 1)
(41, 58, 62, 1)
(43, 58, 62, 1)
(45, 58, 62, 1)
(47, 58, 62, 1)
(49, 58, 62, 1)
(51, 58, 62, 1)
(53, 58, 62, 1)
(55, 58, 62, 1)
(4, 59, 62, 1)
(6, 59, 62, 1)
(10, 59, 62, 1)
(12, 59, 62, 1)
(16, 59, 62, 1)
(18, 59, 62, 1)
(22, 59, 62, 1)
(24, 59, 62, 1)
(28, 59, 62, 1)
(30, 59, 62, 1)
(34, 59, 62, 1)
(36, 59, 62, 1)
(40, 59, 62, 1)
(42, 59, 62, 1)
(46, 59, 62, 1)
(48, 59, 62, 1)
(52, 59, 62, 1)
(54, 59, 62, 1)
(30, 32, 63, 1)
(28, 34, 63, 1)
(29, 34, 63, 1)
(30, 34, 63, 1)
(31, 34, 63, 1)
(32, 34, 63, 1)
(30, 35, 63, 1)
(32, 35, 63, 1)
(26, 36, 63, 1)
(28, 36, 63, 1)
(29, 36, 63, 1)
(31, 36, 63, 1)
(32, 36, 63, 1)
(34, 36, 63, 1)
(26, 37, 63, 1)
(28, 37, 63, 1)
(30, 37, 63, 1)
(32, 37, 63, 1)
(34, 37, 63, 1)
(24, 38, 63, 1)
(25, 38, 63, 1)
(26, 38, 63, 1)
(27, 38, 63, 1)
(29, 38, 63, 1)
(30, 38, 63, 1)
(31, 38, 63, 1)
(32, 38, 63, 1)
(34, 38, 63, 1)
(35, 38, 63, 1)
(36, 38, 63, 1)
(26, 39, 63, 1)
(28, 39, 63, 1)
(32, 39, 63, 1)
(34, 39, 63, 1)
(22, 40, 63, 1)
(23, 40, 63, 1)
(24, 40, 63, 1)
(25, 40, 63, 1)
(26, 40, 63, 1)
(27, 40, 63, 1)
(28, 40, 63, 1)
(29, 40, 63, 1)
(30, 40, 63, 1)
(31, 40, 63, 1)
(32, 40, 63, 1)
(33, 40, 63, 1)
(34, 40, 63, 1)
(35, 40, 63, 1)
(36, 40, 63, 1)
(37, 40, 63, 1)
(38, 40, 63, 1)
(22, 41, 63, 1)
(24, 41, 63, 1)
(26, 41, 63, 1)
(28, 41, 63, 1)
(32, 41, 63, 1)
(34, 41, 63, 1)
(36, 41, 63, 1)
(38, 41, 63, 1)
(22, 42, 63, 1)
(23, 42, 63, 1)
(25, 42, 63, 1)
(26, 42, 63, 1)
(29, 42, 63, 1)
(31, 42, 63, 1)
(32, 42, 63, 1)
(34, 42, 63, 1)
(37, 42, 63, 1)
(38, 42, 63, 1)
(40, 42, 63, 1)
(20, 43, 63, 1)
(22, 43, 63, 1)
(24, 43, 63, 1)
(26, 43, 63, 1)
(30, 43, 63, 1)
(32, 43, 63, 1)
(34, 43, 63, 1)
(36, 43, 63, 1)
(40, 43, 63, 1)
(18, 44, 63, 1)
(19, 44, 63, 1)
(20, 44, 63, 1)
(21, 44, 63, 1)
(22, 44, 63, 1)
(23, 44, 63, 1)
(24, 44, 63, 1)
(26, 44, 63, 1)
(27, 44, 63, 1)
(28, 44, 63, 1)
(29, 44, 63, 1)
(30, 44, 63, 1)
(31, 44, 63, 1)
(32, 44, 63, 1)
(33, 44, 63, 1)
(34, 44, 63, 1)
(35, 44, 63, 1)
(36, 44, 63, 1)
(37, 44, 63, 1)
(38, 44, 63, 1)
(39, 44, 63, 1)
(40, 44, 63, 1)
(41, 44, 63, 1)
(42, 44, 63, 1)
(20, 45, 63, 1)
(22, 45, 63, 1)
(26, 45, 63, 1)
(28, 45, 63, 1)
(32, 45, 63, 1)
(34, 45, 63, 1)
(38, 45, 63, 1)
(40, 45, 63, 1)
(16, 46, 63, 1)
(17, 46, 63, 1)
(18, 46, 63, 1)
(19, 46, 63, 1)
(20, 46, 63, 1)
(21, 46, 63, 1)
(22, 46, 63, 1)
(23, 46, 63, 1)
(24, 46, 63, 1)
(25, 46, 63, 1)
(26, 46, 63, 1)
(27, 46, 63, 1)
(28, 46, 63, 1)
(30, 46, 63, 1)
(31, 46, 63, 1)
(32, 46, 63, 1)
(33, 46, 63, 1)
(34, 46, 63, 1)
(35, 46, 63, 1)
(36, 46, 63, 1)
(37, 46, 63, 1)
(38, 46, 63, 1)
(39, 46, 63, 1)
(40, 46, 63, 1)
(41, 46, 63, 1)
(42, 46, 63, 1)
(43, 46, 63, 1)
(44, 46, 63, 1)
(16, 47, 63, 1)
(18, 47, 63, 1)
(20, 47, 63, 1)
(22, 47, 63, 1)
(24, 47, 63, 1)
(26, 47, 63, 1)
(28, 47, 63, 1)
(30, 47, 63, 1)
(32, 47, 63, 1)
(34, 47, 63, 1)
(36, 47, 63, 1)
(38, 47, 63, 1)
(40, 47, 63, 1)
(42, 47, 63, 1)
(44, 47, 63, 1)
(14, 48, 63, 1)
(16, 48, 63, 1)
(17, 48, 63, 1)
(19, 48, 63, 1)
(20, 48, 63, 1)
(22, 48, 63, 1)
(25, 48, 63, 1)
(26, 48, 63, 1)
(29, 48, 63, 1)
(31, 48, 63, 1)
(32, 48, 63, 1)
(34, 48, 63, 1)
(35, 48, 63, 1)
(37, 48, 63, 1)
(40, 48, 63, 1)
(41, 48, 63, 1)
(44, 48, 63, 1)
(46, 48, 63, 1)
(16, 49, 63, 1)
(18, 49, 63, 1)
(20, 49, 63, 1)
(22, 49, 63, 1)
(24, 49, 63, 1)
(26, 49, 63, 1)
(30, 49, 63, 1)
(32, 49, 63, 1)
(34, 49, 63, 1)
(36, 49, 63, 1)
(38, 49, 63, 1)
(40, 49, 63, 1)
(44, 49, 63, 1)
(46, 49, 63, 1)
(12, 50, 63, 1)
(13, 50, 63, 1)
(14, 50, 63, 1)
(15, 50, 63, 1)
(16, 50, 63, 1)
(17, 50, 63, 1)
(18, 50, 63, 1)
(19, 50, 63, 1)
(20, 50, 63, 1)
(21, 50, 63, 1)
(22, 50, 63, 1)
(23, 50, 63, 1)
(25, 50, 63, 1)
(26, 50, 63, 1)
(27, 50, 63, 1)
(28, 50, 63, 1)
(29, 50, 63, 1)
(30, 50, 63, 1)
(31, 50, 63, 1)
(32, 50, 63, 1)
(33, 50, 63, 1)
(34, 50, 63, 1)
(35, 50, 63, 1)
(36, 50, 63, 1)
(38, 50, 63, 1)
(39, 50, 63, 1)
(40, 50, 63, 1)
(41, 50, 63, 1)
(42, 50, 63, 1)
(43, 50, 63, 1)
(44, 50, 63, 1)
(45, 50, 63, 1)
(46, 50, 63, 1)
(47, 50, 63, 1)
(48, 50, 63, 1)
(14, 51, 63, 1)
(16, 51, 63, 1)
(20, 51, 63, 1)
(22, 51, 63, 1)
(26, 51, 63, 1)
(28, 51, 63, 1)
(32, 51, 63, 1)
(34, 51, 63, 1)
(38, 51, 63, 1)
(40, 51, 63, 1)
(44, 51, 63, 1)
(46, 51, 63, 1)
(10, 52, 63, 1)
(11, 52, 63, 1)
(12, 52, 63, 1)
(13, 52, 63, 1)
(14, 52, 63, 1)
(15, 52, 63, 1)
(16, 52, 63, 1)
(17, 52, 63, 1)
(18, 52, 63, 1)
(20, 52, 63, 1)
(21, 52, 63, 1)
(22, 52, 63, 1)
(23, 52, 63, 1)
(24, 52, 63, 1)
(25, 52, 63, 1)
(26, 52, 63, 1)
(27, 52, 63, 1)
(28, 52, 63, 1)
(29, 52, 63, 1)
(31, 52, 63, 1)
(32, 52, 63, 1)
(33, 52, 63, 1)
(34, 52, 63, 1)
(35, 52, 63, 1)
(36, 52, 63, 1)
(37, 52, 63, 1)
(38, 52, 63, 1)
(39, 52, 63, 1)
(40, 52, 63, 1)
(42, 52, 63, 1)
(43, 52, 63, 1)
(44, 52, 63, 1)
(45, 52, 63, 1)
(46, 52, 63, 1)
(47, 52, 63, 1)
(48, 52, 63, 1)
(49, 52, 63, 1)
(50, 52, 63, 1)
(10, 53, 63, 1)
(12, 53, 63, 1)
(14, 53, 63, 1)
(16, 53, 63, 1)
(20, 53, 63, 1)
(22, 53, 63, 1)
(24, 53, 63, 1)
(26, 53, 63, 1)
(30, 53, 63, 1)
(32, 53, 63, 1)
(34, 53, 63, 1)
(36, 53, 63, 1)
(40, 53, 63, 1)
(42, 53, 63, 1)
(44, 53, 63, 1)
(46, 53, 63, 1)
(50, 53, 63, 1)
(10, 54, 63, 1)
(11, 54, 63, 1)
(13, 54, 63, 1)
(14, 54, 63, 1)
(16, 54, 63, 1)
(17, 54, 63, 1)
(19, 54, 63, 1)
(20, 54, 63, 1)
(22, 54, 63, 1)
(23, 54, 63, 1)
(25, 54, 63, 1)
(26, 54, 63, 1)
(28, 54, 63, 1)
(29, 54, 63, 1)
(31, 54, 63, 1)
(32, 54, 63, 1)
(34, 54, 63, 1)
(35, 54, 63, 1)
(37, 54, 63, 1)
(38, 54, 63, 1)
(40, 54, 63, 1)
(41, 54, 63, 1)
(43, 54, 63, 1)
(44, 54, 63, 1)
(46, 54, 63, 1)
(47, 54, 63, 1)
(49, 54, 63, 1)
(50, 54, 63, 1)
(52, 54, 63, 1)
(8, 55, 63, 1)
(10, 55, 63, 1)
(12, 55, 63, 1)
(14, 55, 63, 1)
(16, 55, 63, 1)
(18, 55, 63, 1)
(20, 55, 63, 1)
(22, 55, 63, 1)
(24, 55, 63, 1)
(26, 55, 63, 1)
(28, 55, 63, 1)
(30, 55, 63, 1)
(32, 55, 63, 1)
(34, 55, 63, 1)
(36, 55, 63, 1)
(38, 55, 63, 1)
(40, 55, 63, 1)
(42, 55, 63, 1)
(44, 55, 63, 1)
(46, 55, 63, 1)
(48, 55, 63, 1)
(50, 55, 63, 1)
(52, 55, 63, 1)
(8, 56, 63, 1)
(9, 56, 63, 1)
(10, 56, 63, 1)
(11, 56, 63, 1)
(12, 56, 63, 1)
(13, 56, 63, 1)
(15, 56, 63, 1)
(16, 56, 63, 1)
(17, 56, 63, 1)
(18, 56, 63, 1)
(19, 56, 63, 1)
(20, 56, 63, 1)
(22, 56, 63, 1)
(23, 56, 63, 1)
(24, 56, 63, 1)
(25, 56, 63, 1)
(26, 56, 63, 1)
(27, 56, 63, 1)
(29, 56, 63, 1)
(30, 56, 63, 1)
(31, 56, 63, 1)
(32, 56, 63, 1)
(33, 56, 63, 1)
(34, 56, 63, 1)
(36, 56, 63, 1)
(37, 56, 63, 1)
(38, 56, 63, 1)
(39, 56, 63, 1)
(40, 56, 63, 1)
(41, 56, 63, 1)
(43, 56, 63, 1)
(44, 56, 63, 1)
(45, 56, 63, 1)
(46, 56, 63, 1)
(47, 56, 63, 1)
(48, 56, 63, 1)
(50, 56, 63, 1)
(51, 56, 63, 1)
(52, 56, 63, 1)
(53, 56, 63, 1)
(54, 56, 63, 1)
(8, 57, 63, 1)
(10, 57, 63, 1)
(14, 57, 63, 1)
(16, 57, 63, 1)
(20, 57, 63, 1)
(22, 57, 63, 1)
(26, 57, 63, 1)
(28, 57, 63, 1)
(32, 57, 63, 1)
(34, 57, 63, 1)
(38, 57, 63, 1)
(40, 57, 63, 1)
(44, 57, 63, 1)
(46, 57, 63, 1)
(50, 57, 63, 1)
(52, 57, 63, 1)
(4, 58, 63, 1)
(5, 58, 63, 1)
(6, 58, 63, 1)
(7, 58, 63, 1)
(9, 58, 63, 1)
(10, 58, 63, 1)
(11, 58, 63, 1)
(12, 58, 63, 1)
(14, 58, 63, 1)
(15, 58, 63, 1)
(16, 58, 63, 1)
(17, 58, 63, 1)
(19, 58, 63, 1)
(20, 58, 63, 1)
(21, 58, 63, 1)
(22, 58, 63, 1)
(24, 58, 63, 1)
(25, 58, 63, 1)
(26, 58, 63, 1)
(27, 58, 63, 1)
(29, 58, 63, 1)
(30, 58, 63, 1)
(31, 58, 63, 1)
(32, 58, 63, 1)
(34, 58, 63, 1)
(35, 58, 63, 1)
(36, 58, 63, 1)
(37, 58, 63, 1)
(39, 58, 63, 1)
(40, 58, 63, 1)
(41, 58, 63, 1)
(42, 58, 63, 1)
(44, 58, 63, 1)
(45, 58, 63, 1)
(46, 58, 63, 1)
(47, 58, 63, 1)
(49, 58, 63, 1)
(50, 58, 63, 1)
(51, 58, 63, 1)
(52, 58, 63, 1)
(54, 58, 63, 1)
(55, 58, 63, 1)
(56, 58, 63, 1)
(4, 59, 63, 1)
(6, 59, 63, 1)
(8, 59, 63, 1)
(10, 59, 63, 1)
(12, 59, 63, 1)
(14, 59, 63, 1)
(16, 59, 63, 1)
(18, 59, 63, 1)
(20, 59, 63, 1)
(22, 59, 63, 1)
(24, 59, 63, 1)
(26, 59, 63, 1)
(28, 59, 63, 1)
(30, 59, 63, 1)
(32, 59, 63, 1)
(34, 59, 63, 1)
(36, 59, 63, 1)
(38, 59, 63, 1)
(40, 59, 63, 1)
(42, 59, 63, 1)
(44, 59, 63, 1)
(46, 59, 63, 1)
(48, 59, 63, 1)
(50, 59, 63, 1)
(52, 59, 63, 1)
(54, 59, 63, 1)
(56, 59, 63, 1)
(4, 60, 63, 1)
(5, 60, 63, 1)
(7, 60, 63, 1)
(8, 60, 63, 1)
(10, 60, 63, 1)
(11, 60, 63, 1)
(13, 60, 63, 1)
(14, 60, 63, 1)
(16, 60, 63, 1)
(17, 60, 63, 1)
(19, 60, 63, 1)
(20, 60, 63, 1)
(22, 60, 63, 1)
(23, 60, 63, 1)
(25, 60, 63, 1)
(26, 60, 63, 1)
(28, 60, 63, 1)
(29, 60, 63, 1)
(31, 60, 63, 1)
(32, 60, 63, 1)
(34, 60, 63, 1)
(35, 60, 63, 1)
(37, 60, 63, 1)
(38, 60, 63, 1)
(40, 60, 63, 1)
(41, 60, 63, 1)
(43, 60, 63, 1)
(44, 60, 63, 1)
(46, 60, 63, 1)
(47, 60, 63, 1)
(49, 60, 63, 1)
(50, 60, 63, 1)
(52, 60, 63, 1)
(53, 60, 63, 1)
(55, 60, 63, 1)
(56, 60, 63, 1)
(58, 60, 63, 1)
(30, 35, 64, 1)
(32, 35, 64, 1)
(31, 36, 64, 1)
(30, 37, 64, 1)
(27, 38, 64, 1)
(29, 38, 64, 1)
(31, 38, 64, 1)
(33, 38, 64, 1)
(35, 38, 64, 1)
(26, 39, 64, 1)
(28, 39, 64, 1)
(30, 39, 64, 1)
(32, 39, 64, 1)
(36, 39, 64, 1)
(27, 40, 64, 1)
(35, 40, 64, 1)
(26, 41, 64, 1)
(30, 41, 64, 1)
(34, 41, 64, 1)
(38, 41, 64, 1)
(23, 42, 64, 1)
(25, 42, 64, 1)
(27, 42, 64, 1)
(29, 42, 64, 1)
(33, 42, 64, 1)
(35, 42, 64, 1)
(37, 42, 64, 1)
(39, 42, 64, 1)
(24, 43, 64, 1)
(26, 43, 64, 1)
(30, 43, 64, 1)
(32, 43, 64, 1)
(38, 43, 64, 1)
(23, 44, 64, 1)
(27, 44, 64, 1)
(31, 44, 64, 1)
(35, 44, 64, 1)
(22, 45, 64, 1)
(30, 45, 64, 1)
(34, 45, 64, 1)
(38, 45, 64, 1)
(42, 45, 64, 1)
(21, 46, 64, 1)
(23, 46, 64, 1)
(27, 46, 64, 1)
(29, 46, 64, 1)
(33, 46, 64, 1)
(35, 46, 64, 1)
(39, 46, 64, 1)
(41, 46, 64, 1)
(18, 47, 64, 1)
(20, 47, 64, 1)
(22, 47, 64, 1)
(24, 47, 64, 1)
(26, 47, 64, 1)
(28, 47, 64, 1)
(32, 47, 64, 1)
(34, 47, 64, 1)
(36, 47, 64, 1)
(38, 47, 64, 1)
(40, 47, 64, 1)
(42, 47, 64, 1)
(44, 47, 64, 1)
(19, 48, 64, 1)
(23, 48, 64, 1)
(27, 48, 64, 1)
(31, 48, 64, 1)
(35, 48, 64, 1)
(39, 48, 64, 1)
(43, 48, 64, 1)
(18, 49, 64, 1)
(26, 49, 64, 1)
(30, 49, 64, 1)
(38, 49, 64, 1)
(42, 49, 64, 1)
(17, 50, 64, 1)
(19, 50, 64, 1)
(21, 50, 64, 1)
(23, 50, 64, 1)
(25, 50, 64, 1)
(27, 50, 64, 1)
(31, 50, 64, 1)
(33, 50, 64, 1)
(35, 50, 64, 1)
(37, 50, 64, 1)
(39, 50, 64, 1)
(41, 50, 64, 1)
(45, 50, 64, 1)
(47, 50, 64, 1)
(14, 51, 64, 1)
(16, 51, 64, 1)
(18, 51, 64, 1)
(20, 51, 64, 1)
(22, 51, 64, 1)
(24, 51, 64, 1)
(26, 51, 64, 1)
(28, 51, 64, 1)
(30, 51, 64, 1)
(32, 51, 64, 1)
(34, 51, 64, 1)
(36, 51, 64, 1)
(40, 51, 64, 1)
(42, 51, 64, 1)
(44, 51, 64, 1)
(46, 51, 64, 1)
(48, 51, 64, 1)
(15, 52, 64, 1)
(23, 52, 64, 1)
(27, 52, 64, 1)
(35, 52, 64, 1)
(39, 52, 64, 1)
(47, 52, 64, 1)
(14, 53, 64, 1)
(18, 53, 64, 1)
(22, 53, 64, 1)
(26, 53, 64, 1)
(30, 53, 64, 1)
(34, 53, 64, 1)
(38, 53, 64, 1)
(46, 53, 64, 1)
(50, 53, 64, 1)
(11, 54, 64, 1)
(13, 54, 64, 1)
(15, 54, 64, 1)
(17, 54, 64, 1)
(21, 54, 64, 1)
(23, 54, 64, 1)
(25, 54, 64, 1)
(27, 54, 64, 1)
(31, 54, 64, 1)
(33, 54, 64, 1)
(35, 54, 64, 1)
(37, 54, 64, 1)
(41, 54, 64, 1)
(43, 54, 64, 1)
(45, 54, 64, 1)
(47, 54, 64, 1)
(51, 54, 64, 1)
(12, 55, 64, 1)
(14, 55, 64, 1)
(18, 55, 64, 1)
(20, 55, 64, 1)
(24, 55, 64, 1)
(26, 55, 64, 1)
(30, 55, 64, 1)
(32, 55, 64, 1)
(36, 55, 64, 1)
(38, 55, 64, 1)
(42, 55, 64, 1)
(44, 55, 64, 1)
(48, 55, 64, 1)
(50, 55, 64, 1)
(11, 56, 64, 1)
(15, 56, 64, 1)
(19, 56, 64, 1)
(23, 56, 64, 1)
(27, 56, 64, 1)
(31, 56, 64, 1)
(35, 56, 64, 1)
(39, 56, 64, 1)
(43, 56, 64, 1)
(47, 56, 64, 1)
(51, 56, 64, 1)
(10, 57, 64, 1)
(14, 57, 64, 1)
(18, 57, 64, 1)
(26, 57, 64, 1)
(30, 57, 64, 1)
(34, 57, 64, 1)
(38, 57, 64, 1)
(42, 57, 64, 1)
(46, 57, 64, 1)
(54, 57, 64, 1)
(9, 58, 64, 1)
(11, 58, 64, 1)
(15, 58, 64, 1)
(17, 58, 64, 1)
(21, 58, 64, 1)
(23, 58, 64, 1)
(27, 58, 64, 1)
(29, 58, 64, 1)
(33, 58, 64, 1)
(35, 58, 64, 1)
(39, 58, 64, 1)
(41, 58, 64, 1)
(45, 58, 64, 1)
(47, 58, 64, 1)
(51, 58, 64, 1)
(53, 58, 64, 1)
(6, 59, 64, 1)
(8, 59, 64, 1)
(10, 59, 64, 1)
(12, 59, 64, 1)
(16, 59, 64, 1)
(18, 59, 64, 1)
(20, 59, 64, 1)
(22, 59, 64, 1)
(26, 59, 64, 1)
(28, 59, 64, 1)
(30, 59, 64, 1)
(32, 59, 64, 1)
(36, 59, 64, 1)
(38, 59, 64, 1)
(40, 59, 64, 1)
(42, 59, 64, 1)
(46, 59, 64, 1)
(48, 59, 64, 1)
(50, 59, 64, 1)
(52, 59, 64, 1)
(56, 59, 64, 1)
(7, 60, 64, 1)
(11, 60, 64, 1)
(15, 60, 64, 1)
(19, 60, 64, 1)
(23, 60, 64, 1)
(27, 60, 64, 1)
(31, 60, 64, 1)
(35, 60, 64, 1)
(39, 60, 64, 1)
(43, 60, 64, 1)
(47, 60, 64, 1)
(51, 60, 64, 1)
(55, 60, 64, 1)
(6, 61, 64, 1)
(14, 61, 64, 1)
(18, 61, 64, 1)
(26, 61, 64, 1)
(30, 61, 64, 1)
(38, 61, 64, 1)
(42, 61, 64, 1)
(50, 61, 64, 1)
(54, 61, 64, 1)
(30, 34, 65, 1)
(31, 34, 65, 1)
(32, 34, 65, 1)
(30, 36, 65, 1)
(31, 36, 65, 1)
(34, 36, 65, 1)
(34, 37, 65, 1)
(27, 38, 65, 1)
(28, 38, 65, 1)
(30, 38, 65, 1)
(31, 38, 65, 1)
(33, 38, 65, 1)
(34, 38, 65, 1)
(36, 38, 65, 1)
(28, 39, 65, 1)
(30, 39, 65, 1)
(32, 39, 65, 1)
(34, 39, 65, 1)
(36, 39, 65, 1)
(26, 40, 65, 1)
(27, 40, 65, 1)
(31, 40, 65, 1)
(34, 40, 65, 1)
(38, 40, 65, 1)
(30, 41, 65, 1)
(34, 41, 65, 1)
(22, 42, 65, 1)
(23, 42, 65, 1)
(24, 42, 65, 1)
(25, 42, 65, 1)
(26, 42, 65, 1)
(27, 42, 65, 1)
(28, 42, 65, 1)
(29, 42, 65, 1)
(30, 42, 65, 1)
(31, 42, 65, 1)
(32, 42, 65, 1)
(33, 42, 65, 1)
(34, 42, 65, 1)
(35, 42, 65, 1)
(36, 42, 65, 1)
(37, 42, 65, 1)
(38, 42, 65, 1)
(39, 42, 65, 1)
(40, 42, 65, 1)
(22, 43, 65, 1)
(24, 43, 65, 1)
(26, 43, 65, 1)
(28, 43, 65, 1)
(30, 43, 65, 1)
(34, 43, 65, 1)
(36, 43, 65, 1)
(38, 43, 65, 1)
(40, 43, 65, 1)
(22, 44, 65, 1)
(27, 44, 65, 1)
(31, 44, 65, 1)
(34, 44, 65, 1)
(39, 44, 65, 1)
(42, 44, 65, 1)
(22, 45, 65, 1)
(26, 45, 65, 1)
(34, 45, 65, 1)
(38, 45, 65, 1)
(42, 45, 65, 1)
(18, 46, 65, 1)
(19, 46, 65, 1)
(20, 46, 65, 1)
(21, 46, 65, 1)
(22, 46, 65, 1)
(23, 46, 65, 1)
(24, 46, 65, 1)
(25, 46, 65, 1)
(26, 46, 65, 1)
(28, 46, 65, 1)
(29, 46, 65, 1)
(30, 46, 65, 1)
(31, 46, 65, 1)
(32, 46, 65, 1)
(33, 46, 65, 1)
(34, 46, 65, 1)
(35, 46, 65, 1)
(36, 46, 65, 1)
(37, 46, 65, 1)
(38, 46, 65, 1)
(39, 46, 65, 1)
(40, 46, 65, 1)
(41, 46, 65, 1)
(42, 46, 65, 1)
(43, 46, 65, 1)
(44, 46, 65, 1)
(18, 47, 65, 1)
(22, 47, 65, 1)
(24, 47, 65, 1)
(28, 47, 65, 1)
(30, 47, 65, 1)
(34, 47, 65, 1)
(36, 47, 65, 1)
(40, 47, 65, 1)
(42, 47, 65, 1)
(18, 48, 65, 1)
(19, 48, 65, 1)
(22, 48, 65, 1)
(23, 48, 65, 1)
(26, 48, 65, 1)
(27, 48, 65, 1)
(30, 48, 65, 1)
(34, 48, 65, 1)
(35, 48, 65, 1)
(38, 48, 65, 1)
(39, 48, 65, 1)
(42, 48, 65, 1)
(43, 48, 65, 1)
(46, 48, 65, 1)
(18, 49, 65, 1)
(22, 49, 65, 1)
(26, 49, 65, 1)
(30, 49, 65, 1)
(34, 49, 65, 1)
(38, 49, 65, 1)
(42, 49, 65, 1)
(46, 49, 65, 1)
(16, 50, 65, 1)
(18, 50, 65, 1)
(19, 50, 65, 1)
(21, 50, 65, 1)
(22, 50, 65, 1)
(24, 50, 65, 1)
(27, 50, 65, 1)
(28, 50, 65, 1)
(31, 50, 65, 1)
(33, 50, 65, 1)
(34, 50, 65, 1)
(36, 50, 65, 1)
(37, 50, 65, 1)
(39, 50, 65, 1)
(42, 50, 65, 1)
(43, 50, 65, 1)
(46, 50, 65, 1)
(48, 50, 65, 1)
(14, 51, 65, 1)
(18, 51, 65, 1)
(20, 51, 65, 1)
(22, 51, 65, 1)
(24, 51, 65, 1)
(26, 51, 65, 1)
(28, 51, 65, 1)
(32, 51, 65, 1)
(34, 51, 65, 1)
(36, 51, 65, 1)
(38, 51, 65, 1)
(40, 51, 65, 1)
(42, 51, 65, 1)
(46, 51, 65, 1)
(48, 51, 65, 1)
(14, 52, 65, 1)
(15, 52, 65, 1)
(18, 52, 65, 1)
(19, 52, 65, 1)
(22, 52, 65, 1)
(23, 52, 65, 1)
(27, 52, 65, 1)
(30, 52, 65, 1)
(31, 52, 65, 1)
(34, 52, 65, 1)
(35, 52, 65, 1)
(38, 52, 65, 1)
(42, 52, 65, 1)
(43, 52, 65, 1)
(46, 52, 65, 1)
(47, 52, 65, 1)
(50, 52, 65, 1)
(18, 53, 65, 1)
(22, 53, 65, 1)
(30, 53, 65, 1)
(34, 53, 65, 1)
(42, 53, 65, 1)
(46, 53, 65, 1)
(11, 54, 65, 1)
(12, 54, 65, 1)
(13, 54, 65, 1)
(14, 54, 65, 1)
(15, 54, 65, 1)
(16, 54, 65, 1)
(17, 54, 65, 1)
(18, 54, 65, 1)
(19, 54, 65, 1)
(20, 54, 65, 1)
(22, 54, 65, 1)
(23, 54, 65, 1)
(24, 54, 65, 1)
(25, 54, 65, 1)
(26, 54, 65, 1)
(27, 54, 65, 1)
(28, 54, 65, 1)
(29, 54, 65, 1)
(30, 54, 65, 1)
(31, 54, 65, 1)
(33, 54, 65, 1)
(34, 54, 65, 1)
(35, 54, 65, 1)
(36, 54, 65, 1)
(37, 54, 65, 1)
(38, 54, 65, 1)
(39, 54, 65, 1)
(40, 54, 65, 1)
(41, 54, 65, 1)
(42, 54, 65, 1)
(44, 54, 65, 1)
(45, 54, 65, 1)
(46, 54, 65, 1)
(47, 54, 65, 1)
(48, 54, 65, 1)
(49, 54, 65, 1)
(50, 54, 65, 1)
(51, 54, 65, 1)
(52, 54, 65, 1)
(12, 55, 65, 1)
(14, 55, 65, 1)
(16, 55, 65, 1)
(18, 55, 65, 1)
(22, 55, 65, 1)
(24, 55, 65, 1)
(26, 55, 65, 1)
(28, 55, 65, 1)
(32, 55, 65, 1)
(34, 55, 65, 1)
(36, 55, 65, 1)
(38, 55, 65, 1)
(42, 55, 65, 1)
(44, 55, 65, 1)
(46, 55, 65, 1)
(48, 55, 65, 1)
(52, 55, 65, 1)
(10, 56, 65, 1)
(15, 56, 65, 1)
(18, 56, 65, 1)
(19, 56, 65, 1)
(22, 56, 65, 1)
(27, 56, 65, 1)
(30, 56, 65, 1)
(31, 56, 65, 1)
(34, 56, 65, 1)
(39, 56, 65, 1)
(42, 56, 65, 1)
(43, 56, 65, 1)
(46, 56, 65, 1)
(51, 56, 65, 1)
(54, 56, 65, 1)
(10, 57, 65, 1)
(14, 57, 65, 1)
(18, 57, 65, 1)
(22, 57, 65, 1)
(26, 57, 65, 1)
(30, 57, 65, 1)
(34, 57, 65, 1)
(38, 57, 65, 1)
(42, 57, 65, 1)
(46, 57, 65, 1)
(50, 57, 65, 1)
(54, 57, 65, 1)
(6, 58, 65, 1)
(7, 58, 65, 1)
(8, 58, 65, 1)
(10, 58, 65, 1)
(11, 58, 65, 1)
(12, 58, 65, 1)
(13, 58, 65, 1)
(14, 58, 65, 1)
(15, 58, 65, 1)
(17, 58, 65, 1)
(18, 58, 65, 1)
(19, 58, 65, 1)
(20, 58, 65, 1)
(21, 58, 65, 1)
(22, 58, 65, 1)
(24, 58, 65, 1)
(25, 58, 65, 1)
(26, 58, 65, 1)
(27, 58, 65, 1)
(28, 58, 65, 1)
(29, 58, 65, 1)
(31, 58, 65, 1)
(32, 58, 65, 1)
(33, 58, 65, 1)
(34, 58, 65, 1)
(35, 58, 65, 1)
(36, 58, 65, 1)
(38, 58, 65, 1)
(39, 58, 65, 1)
(40, 58, 65, 1)
(41, 58, 65, 1)
(42, 58, 65, 1)
(43, 58, 65, 1)
(45, 58, 65, 1)
(46, 58, 65, 1)
(47, 58, 65, 1)
(48, 58, 65, 1)
(49, 58, 65, 1)
(50, 58, 65, 1)
(52, 58, 65, 1)
(53, 58, 65, 1)
(54, 58, 65, 1)
(55, 58, 65, 1)
(56, 58, 65, 1)
(6, 59, 65, 1)
(10, 59, 65, 1)
(12, 59, 65, 1)
(16, 59, 65, 1)
(18, 59, 65, 1)
(22, 59, 65, 1)
(24, 59, 65, 1)
(28, 59, 65, 1)
(30, 59, 65, 1)
(34, 59, 65, 1)
(36, 59, 65, 1)
(40, 59, 65, 1)
(42, 59, 65, 1)
(46, 59, 65, 1)
(48, 59, 65, 1)
(52, 59, 65, 1)
(54, 59, 65, 1)
(6, 60, 65, 1)
(7, 60, 65, 1)
(11, 60, 65, 1)
(14, 60, 65, 1)
(18, 60, 65, 1)
(19, 60, 65, 1)
(22, 60, 65, 1)
(23, 60, 65, 1)
(26, 60, 65, 1)
(27, 60, 65, 1)
(31, 60, 65, 1)
(34, 60, 65, 1)
(38, 60, 65, 1)
(39, 60, 65, 1)
(42, 60, 65, 1)
(43, 60, 65, 1)
(46, 60, 65, 1)
(47, 60, 65, 1)
(51, 60, 65, 1)
(54, 60, 65, 1)
(58, 60, 65, 1)
(6, 61, 65, 1)
(10, 61, 65, 1)
(14, 61, 65, 1)
(18, 61, 65, 1)
(22, 61, 65, 1)
(26, 61, 65, 1)
(30, 61, 65, 1)
(34, 61, 65, 1)
(38, 61, 65, 1)
(42, 61, 65, 1)
(46, 61, 65, 1)
(50, 61, 65, 1)
(54, 61, 65, 1)
(58, 61, 65, 1)
(4, 62, 65, 1)
(6, 62, 65, 1)
(7, 62, 65, 1)
(9, 62, 65, 1)
(10, 62, 65, 1)
(12, 62, 65, 1)
(13, 62, 65, 1)
(15, 62, 65, 1)
(16, 62, 65, 1)
(18, 62, 65, 1)
(19, 62, 65, 1)
(21, 62, 65, 1)
(22, 62, 65, 1)
(24, 62, 65, 1)
(25, 62, 65, 1)
(27, 62, 65, 1)
(28, 62, 65, 1)
(30, 62, 65, 1)
(31, 62, 65, 1)
(33, 62, 65, 1)
(34, 62, 65, 1)
(36, 62, 65, 1)
(37, 62, 65, 1)
(39, 62, 65, 1)
(40, 62, 65, 1)
(42, 62, 65, 1)
(43, 62, 65, 1)
(45, 62, 65, 1)
(46, 62, 65, 1)
(48, 62, 65, 1)
(49, 62, 65, 1)
(51, 62, 65, 1)
(52, 62, 65, 1)
(54, 62, 65, 1)
(55, 62, 65, 1)
(57, 62, 65, 1)
(58, 62, 65, 1)
(60, 62, 65, 1)
(32, 35, 66, 1)
(30, 37, 66, 1)
(32, 37, 66, 1)
(34, 37, 66, 1)
(29, 38, 66, 1)
(33, 38, 66, 1)
(35, 38, 66, 1)
(28, 39, 66, 1)
(32, 39, 66, 1)
(34, 39, 66, 1)
(29, 40, 66, 1)
(31, 40, 66, 1)
(33, 40, 66, 1)
(35, 40, 66, 1)
(37, 40, 66, 1)
(28, 41, 66, 1)
(30, 41, 66, 1)
(32, 41, 66, 1)
(34, 41, 66, 1)
(38, 41, 66, 1)
(25, 42, 66, 1)
(29, 42, 66, 1)
(31, 42, 66, 1)
(35, 42, 66, 1)
(37, 42, 66, 1)
(24, 43, 66, 1)
(26, 43, 66, 1)
(28, 43, 66, 1)
(30, 43, 66, 1)
(32, 43, 66, 1)
(34, 43, 66, 1)
(36, 43, 66, 1)
(38, 43, 66, 1)
(40, 43, 66, 1)
(23, 44, 66, 1)
(25, 44, 66, 1)
(27, 44, 66, 1)
(29, 44, 66, 1)
(31, 44, 66, 1)
(35, 44, 66, 1)
(37, 44, 66, 1)
(39, 44, 66, 1)
(41, 44, 66, 1)
(22, 45, 66, 1)
(26, 45, 66, 1)
(28, 45, 66, 1)
(32, 45, 66, 1)
(34, 45, 66, 1)
(40, 45, 66, 1)
(23, 46, 66, 1)
(25, 46, 66, 1)
(27, 46, 66, 1)
(29, 46, 66, 1)
(33, 46, 66, 1)
(35, 46, 66, 1)
(37, 46, 66, 1)
(39, 46, 66, 1)
(43, 46, 66, 1)
(20, 47, 66, 1)
(22, 47, 66, 1)
(24, 47, 66, 1)
(26, 47, 66, 1)
(30, 47, 66, 1)
(32, 47, 66, 1)
(34, 47, 66, 1)
(36, 47, 66, 1)
(38, 47, 66, 1)
(40, 47, 66, 1)
(42, 47, 66, 1)
(44, 47, 66, 1)
(19, 48, 66, 1)
(23, 48, 66, 1)
(25, 48, 66, 1)
(29, 48, 66, 1)
(31, 48, 66, 1)
(35, 48, 66, 1)
(37, 48, 66, 1)
(41, 48, 66, 1)
(43, 48, 66, 1)
(18, 49, 66, 1)
(20, 49, 66, 1)
(22, 49, 66, 1)
(24, 49, 66, 1)
(26, 49, 66, 1)
(28, 49, 66, 1)
(30, 49, 66, 1)
(34, 49, 66, 1)
(36, 49, 66, 1)
(38, 49, 66, 1)
(40, 49, 66, 1)
(42, 49, 66, 1)
(44, 49, 66, 1)
(46, 49, 66, 1)
(17, 50, 66, 1)
(19, 50, 66, 1)
(21, 50, 66, 1)
(23, 50, 66, 1)
(25, 50, 66, 1)
(27, 50, 66, 1)
(29, 50, 66, 1)
(31, 50, 66, 1)
(33, 50, 66, 1)
(35, 50, 66, 1)
(37, 50, 66, 1)
(39, 50, 66, 1)
(41, 50, 66, 1)
(43, 50, 66, 1)
(45, 50, 66, 1)
(47, 50, 66, 1)
(20, 51, 66, 1)
(22, 51, 66, 1)
(28, 51, 66, 1)
(32, 51, 66, 1)
(34, 51, 66, 1)
(38, 51, 66, 1)
(40, 51, 66, 1)
(44, 51, 66, 1)
(15, 52, 66, 1)
(19, 52, 66, 1)
(21, 52, 66, 1)
(23, 52, 66, 1)
(25, 52, 66, 1)
(27, 52, 66, 1)
(29, 52, 66, 1)
(33, 52, 66, 1)
(35, 52, 66, 1)
(37, 52, 66, 1)
(39, 52, 66, 1)
(41, 52, 66, 1)
(43, 52, 66, 1)
(47, 52, 66, 1)
(49, 52, 66, 1)
(16, 53, 66, 1)
(18, 53, 66, 1)
(20, 53, 66, 1)
(22, 53, 66, 1)
(24, 53, 66, 1)
(26, 53, 66, 1)
(28, 53, 66, 1)
(30, 53, 66, 1)
(32, 53, 66, 1)
(34, 53, 66, 1)
(36, 53, 66, 1)
(38, 53, 66, 1)
(42, 53, 66, 1)
(44, 53, 66, 1)
(46, 53, 66, 1)
(48, 53, 66, 1)
(50, 53, 66, 1)
(13, 54, 66, 1)
(17, 54, 66, 1)
(19, 54, 66, 1)
(23, 54, 66, 1)
(25, 54, 66, 1)
(29, 54, 66, 1)
(31, 54, 66, 1)
(35, 54, 66, 1)
(37, 54, 66, 1)
(41, 54, 66, 1)
(43, 54, 66, 1)
(47, 54, 66, 1)
(49, 54, 66, 1)
(12, 55, 66, 1)
(14, 55, 66, 1)
(16, 55, 66, 1)
(18, 55, 66, 1)
(20, 55, 66, 1)
(24, 55, 66, 1)
(26, 55, 66, 1)
(28, 55, 66, 1)
(30, 55, 66, 1)
(32, 55, 66, 1)
(34, 55, 66, 1)
(36, 55, 66, 1)
(38, 55, 66, 1)
(40, 55, 66, 1)
(42, 55, 66, 1)
(46, 55, 66, 1)
(48, 55, 66, 1)
(50, 55, 66, 1)
(52, 55, 66, 1)
(13, 56, 66, 1)
(15, 56, 66, 1)
(17, 56, 66, 1)
(19, 56, 66, 1)
(23, 56, 66, 1)
(25, 56, 66, 1)
(27, 56, 66, 1)
(29, 56, 66, 1)
(33, 56, 66, 1)
(35, 56, 66, 1)
(37, 56, 66, 1)
(39, 56, 66, 1)
(43, 56, 66, 1)
(45, 56, 66, 1)
(47, 56, 66, 1)
(49, 56, 66, 1)
(53, 56, 66, 1)
(10, 57, 66, 1)
(14, 57, 66, 1)
(16, 57, 66, 1)
(20, 57, 66, 1)
(22, 57, 66, 1)
(26, 57, 66, 1)
(28, 57, 66, 1)
(32, 57, 66, 1)
(34, 57, 66, 1)
(38, 57, 66, 1)
(40, 57, 66, 1)
(44, 57, 66, 1)
(46, 57, 66, 1)
(50, 57, 66, 1)
(52, 57, 66, 1)
(9, 58, 66, 1)
(11, 58, 66, 1)
(13, 58, 66, 1)
(15, 58, 66, 1)
(17, 58, 66, 1)
(19, 58, 66, 1)
(21, 58, 66, 1)
(23, 58, 66, 1)
(25, 58, 66, 1)
(27, 58, 66, 1)
(29, 58, 66, 1)
(31, 58, 66, 1)
(33, 58, 66, 1)
(35, 58, 66, 1)
(37, 58, 66, 1)
(39, 58, 66, 1)
(41, 58, 66, 1)
(43, 58, 66, 1)
(45, 58, 66, 1)
(47, 58, 66, 1)
(49, 58, 66, 1)
(51, 58, 66, 1)
(53, 58, 66, 1)
(55, 58, 66, 1)
(8, 59, 66, 1)
(12, 59, 66, 1)
(14, 59, 66, 1)
(16, 59, 66, 1)
(18, 59, 66, 1)
(20, 59, 66, 1)
(22, 59, 66, 1)
(26, 59, 66, 1)
(28, 59, 66, 1)
(30, 59, 66, 1)
(32, 59, 66, 1)
(34, 59, 66, 1)
(36, 59, 66, 1)
(40, 59, 66, 1)
(42, 59, 66, 1)
(44, 59, 66, 1)
(46, 59, 66, 1)
(48, 59, 66, 1)
(50, 59, 66, 1)
(54, 59, 66, 1)
(56, 59, 66, 1)
(7, 60, 66, 1)
(11, 60, 66, 1)
(13, 60, 66, 1)
(17, 60, 66, 1)
(19, 60, 66, 1)
(23, 60, 66, 1)
(25, 60, 66, 1)
(29, 60, 66, 1)
(31, 60, 66, 1)
(35, 60, 66, 1)
(37, 60, 66, 1)
(41, 60, 66, 1)
(43, 60, 66, 1)
(47, 60, 66, 1)
(49, 60, 66, 1)
(53, 60, 66, 1)
(55, 60, 66, 1)
(8, 61, 66, 1)
(10, 61, 66, 1)
(12, 61, 66, 1)
(14, 61, 66, 1)
(18, 61, 66, 1)
(20, 61, 66, 1)
(22, 61, 66, 1)
(24, 61, 66, 1)
(28, 61, 66, 1)
(30, 61, 66, 1)
(32, 61, 66, 1)
(34, 61, 66, 1)
(38, 61, 66, 1)
(40, 61, 66, 1)
(42, 61, 66, 1)
(44, 61, 66, 1)
(48, 61, 66, 1)
(50, 61, 66, 1)
(52, 61, 66, 1)
(54, 61, 66, 1)
(58, 61, 66, 1)
(5, 62, 66, 1)
(7, 62, 66, 1)
(9, 62, 66, 1)
(11, 62, 66, 1)
(13, 62, 66, 1)
(15, 62, 66, 1)
(17, 62, 66, 1)
(19, 62, 66, 1)
(21, 62, 66, 1)
(23, 62, 66, 1)
(25, 62, 66, 1)
(27, 62, 66, 1)
(29, 62, 66, 1)
(31, 62, 66, 1)
(33, 62, 66, 1)
(35, 62, 66, 1)
(37, 62, 66, 1)
(39, 62, 66, 1)
(41, 62, 66, 1)
(43, 62, 66, 1)
(45, 62, 66, 1)
(47, 62, 66, 1)
(49, 62, 66, 1)
(51, 62, 66, 1)
(53, 62, 66, 1)
(55, 62, 66, 1)
(57, 62, 66, 1)
(59, 62, 66, 1)
(4, 63, 66, 1)
(8, 63, 66, 1)
(10, 63, 66, 1)
(14, 63, 66, 1)
(16, 63, 66, 1)
(20, 63, 66, 1)
(22, 63, 66, 1)
(26, 63, 66, 1)
(28, 63, 66, 1)
(32, 63, 66, 1)
(34, 63, 66, 1)
(38, 63, 66, 1)
(40, 63, 66, 1)
(44, 63, 66, 1)
(46, 63, 66, 1)
(50, 63, 66, 1)
(52, 63, 66, 1)
(56, 63, 66, 1)
(58, 63, 66, 1)
(32, 34, 67, 1)
(32, 35, 67, 1)
(30, 36, 67, 1)
(31, 36, 67, 1)
(32, 36, 67, 1)
(33, 36, 67, 1)
(34, 36, 67, 1)
(30, 37, 67, 1)
(28, 38, 67, 1)
(29, 38, 67, 1)
(30, 38, 67, 1)
(31, 38, 67, 1)
(32, 38, 67, 1)
(33, 38, 67, 1)
(34, 38, 67, 1)
(35, 38, 67, 1)
(36, 38, 67, 1)
(28, 39, 67, 1)
(30, 39, 67, 1)
(34, 39, 67, 1)
(36, 39, 67, 1)
(26, 40, 67, 1)
(27, 40, 67, 1)
(29, 40, 67, 1)
(30, 40, 67, 1)
(32, 40, 67, 1)
(33, 40, 67, 1)
(35, 40, 67, 1)
(36, 40, 67, 1)
(38, 40, 67, 1)
(26, 41, 67, 1)
(30, 41, 67, 1)
(32, 41, 67, 1)
(34, 41, 67, 1)
(36, 41, 67, 1)
(38, 41, 67, 1)
(24, 42, 67, 1)
(25, 42, 67, 1)
(26, 42, 67, 1)
(28, 42, 67, 1)
(29, 42, 67, 1)
(30, 42, 67, 1)
(31, 42, 67, 1)
(33, 42, 67, 1)
(34, 42, 67, 1)
(35, 42, 67, 1)
(36, 42, 67, 1)
(38, 42, 67, 1)
(39, 42, 67, 1)
(40, 42, 67, 1)
(24, 43, 67, 1)
(26, 43, 67, 1)
(30, 43, 67, 1)
(32, 43, 67, 1)
(36, 43, 67, 1)
(38, 43, 67, 1)
(22, 44, 67, 1)
(23, 44, 67, 1)
(24, 44, 67, 1)
(25, 44, 67, 1)
(26, 44, 67, 1)
(27, 44, 67, 1)
(28, 44, 67, 1)
(29, 44, 67, 1)
(30, 44, 67, 1)
(31, 44, 67, 1)
(32, 44, 67, 1)
(33, 44, 67, 1)
(34, 44, 67, 1)
(35, 44, 67, 1)
(36, 44, 67, 1)
(37, 44, 67, 1)
(38, 44, 67, 1)
(39, 44, 67, 1)
(40, 44, 67, 1)
(41, 44, 67, 1)
(42, 44, 67, 1)
(22, 45, 67, 1)
(24, 45, 67, 1)
(26, 45, 67, 1)
(28, 45, 67, 1)
(30, 45, 67, 1)
(32, 45, 67, 1)
(36, 45, 67, 1)
(38, 45, 67, 1)
(40, 45, 67, 1)
(42, 45, 67, 1)
(20, 46, 67, 1)
(21, 46, 67, 1)
(23, 46, 67, 1)
(24, 46, 67, 1)
(26, 46, 67, 1)
(27, 46, 67, 1)
(29, 46, 67, 1)
(30, 46, 67, 1)
(33, 46, 67, 1)
(35, 46, 67, 1)
(36, 46, 67, 1)
(38, 46, 67, 1)
(41, 46, 67, 1)
(42, 46, 67, 1)
(44, 46, 67, 1)
(20, 47, 67, 1)
(24, 47, 67, 1)
(26, 47, 67, 1)
(28, 47, 67, 1)
(30, 47, 67, 1)
(34, 47, 67, 1)
(36, 47, 67, 1)
(38, 47, 67, 1)
(40, 47, 67, 1)
(44, 47, 67, 1)
(18, 48, 67, 1)
(19, 48, 67, 1)
(20, 48, 67, 1)
(21, 48, 67, 1)
(22, 48, 67, 1)
(23, 48, 67, 1)
(24, 48, 67, 1)
(25, 48, 67, 1)
(26, 48, 67, 1)
(27, 48, 67, 1)
(28, 48, 67, 1)
(30, 48, 67, 1)
(31, 48, 67, 1)
(32, 48, 67, 1)
(33, 48, 67, 1)
(34, 48, 67, 1)
(35, 48, 67, 1)
(36, 48, 67, 1)
(37, 48, 67, 1)
(38, 48, 67, 1)
(39, 48, 67, 1)
(40, 48, 67, 1)
(41, 48, 67, 1)
(42, 48, 67, 1)
(43, 48, 67, 1)
(44, 48, 67, 1)
(45, 48, 67, 1)
(46, 48, 67, 1)
(18, 49, 67, 1)
(20, 49, 67, 1)
(24, 49, 67, 1)
(26, 49, 67, 1)
(30, 49, 67, 1)
(32, 49, 67, 1)
(36, 49, 67, 1)
(38, 49, 67, 1)
(42, 49, 67, 1)
(44, 49, 67, 1)
(17, 50, 67, 1)
(18, 50, 67, 1)
(19, 50, 67, 1)
(20, 50, 67, 1)
(21, 50, 67, 1)
(22, 50, 67, 1)
(23, 50, 67, 1)
(24, 50, 67, 1)
(25, 50, 67, 1)
(26, 50, 67, 1)
(27, 50, 67, 1)
(28, 50, 67, 1)
(29, 50, 67, 1)
(30, 50, 67, 1)
(31, 50, 67, 1)
(32, 50, 67, 1)
(34, 50, 67, 1)
(35, 50, 67, 1)
(36, 50, 67, 1)
(37, 50, 67, 1)
(38, 50, 67, 1)
(39, 50, 67, 1)
(40, 50, 67, 1)
(41, 50, 67, 1)
(42, 50, 67, 1)
(43, 50, 67, 1)
(44, 50, 67, 1)
(45, 50, 67, 1)
(46, 50, 67, 1)
(47, 50, 67, 1)
(48, 50, 67, 1)
(16, 51, 67, 1)
(18, 51, 67, 1)
(20, 51, 67, 1)
(22, 51, 67, 1)
(24, 51, 67, 1)
(26, 51, 67, 1)
(28, 51, 67, 1)
(30, 51, 67, 1)
(32, 51, 67, 1)
(34, 51, 67, 1)
(36, 51, 67, 1)
(38, 51, 67, 1)
(40, 51, 67, 1)
(42, 51, 67, 1)
(44, 51, 67, 1)
(46, 51, 67, 1)
(48, 51, 67, 1)
(14, 52, 67, 1)
(15, 52, 67, 1)
(18, 52, 67, 1)
(20, 52, 67, 1)
(21, 52, 67, 1)
(23, 52, 67, 1)
(24, 52, 67, 1)
(26, 52, 67, 1)
(29, 52, 67, 1)
(30, 52, 67, 1)
(33, 52, 67, 1)
(35, 52, 67, 1)
(36, 52, 67, 1)
(38, 52, 67, 1)
(39, 52, 67, 1)
(41, 52, 67, 1)
(44, 52, 67, 1)
(45, 52, 67, 1)
(48, 52, 67, 1)
(50, 52, 67, 1)
(14, 53, 67, 1)
(16, 53, 67, 1)
(20, 53, 67, 1)
(22, 53, 67, 1)
(24, 53, 67, 1)
(26, 53, 67, 1)
(28, 53, 67, 1)
(30, 53, 67, 1)
(34, 53, 67, 1)
(36, 53, 67, 1)
(38, 53, 67, 1)
(40, 53, 67, 1)
(42, 53, 67, 1)
(44, 53, 67, 1)
(48, 53, 67, 1)
(50, 53, 67, 1)
(12, 54, 67, 1)
(13, 54, 67, 1)
(14, 54, 67, 1)
(16, 54, 67, 1)
(17, 54, 67, 1)
(18, 54, 67, 1)
(19, 54, 67, 1)
(20, 54, 67, 1)
(21, 54, 67, 1)
(22, 54, 67, 1)
(23, 54, 67, 1)
(24, 54, 67, 1)
(25, 54, 67, 1)
(26, 54, 67, 1)
(27, 54, 67, 1)
(29, 54, 67, 1)
(30, 54, 67, 1)
(31, 54, 67, 1)
(32, 54, 67, 1)
(33, 54, 67, 1)
(34, 54, 67, 1)
(35, 54, 67, 1)
(36, 54, 67, 1)
(37, 54, 67, 1)
(38, 54, 67, 1)
(39, 54, 67, 1)
(40, 54, 67, 1)
(42, 54, 67, 1)
(43, 54, 67, 1)
(44, 54, 67, 1)
(45, 54, 67, 1)
(46, 54, 67, 1)
(47, 54, 67, 1)
(48, 54, 67, 1)
(49, 54, 67, 1)
(50, 54, 67, 1)
(51, 54, 67, 1)
(52, 54, 67, 1)
(12, 55, 67, 1)
(14, 55, 67, 1)
(18, 55, 67, 1)
(20, 55, 67, 1)
(24, 55, 67, 1)
(26, 55, 67, 1)
(30, 55, 67, 1)
(32, 55, 67, 1)
(36, 55, 67, 1)
(38, 55, 67, 1)
(42, 55, 67, 1)
(44, 55, 67, 1)
(48, 55, 67, 1)
(50, 55, 67, 1)
(10, 56, 67, 1)
(11, 56, 67, 1)
(13, 56, 67, 1)
(14, 56, 67, 1)
(15, 56, 67, 1)
(16, 56, 67, 1)
(17, 56, 67, 1)
(18, 56, 67, 1)
(19, 56, 67, 1)
(20, 56, 67, 1)
(21, 56, 67, 1)
(22, 56, 67, 1)
(24, 56, 67, 1)
(25, 56, 67, 1)
(26, 56, 67, 1)
(27, 56, 67, 1)
(28, 56, 67, 1)
(29, 56, 67, 1)
(30, 56, 67, 1)
(31, 56, 67, 1)
(32, 56, 67, 1)
(33, 56, 67, 1)
(35, 56, 67, 1)
(36, 56, 67, 1)
(37, 56, 67, 1)
(38, 56, 67, 1)
(39, 56, 67, 1)
(40, 56, 67, 1)
(41, 56, 67, 1)
(42, 56, 67, 1)
(43, 56, 67, 1)
(44, 56, 67, 1)
(46, 56, 67, 1)
(47, 56, 67, 1)
(48, 56, 67, 1)
(49, 56, 67, 1)
(50, 56, 67, 1)
(51, 56, 67, 1)
(52, 56, 67, 1)
(53, 56, 67, 1)
(54, 56, 67, 1)
(10, 57, 67, 1)
(14, 57, 67, 1)
(16, 57, 67, 1)
(18, 57, 67, 1)
(20, 57, 67, 1)
(24, 57, 67, 1)
(26, 57, 67, 1)
(28, 57, 67, 1)
(30, 57, 67, 1)
(34, 57, 67, 1)
(36, 57, 67, 1)
(38, 57, 67, 1)
(40, 57, 67, 1)
(44, 57, 67, 1)
(46, 57, 67, 1)
(48, 57, 67, 1)
(50, 57, 67, 1)
(54, 57, 67, 1)
(8, 58, 67, 1)
(9, 58, 67, 1)
(11, 58, 67, 1)
(12, 58, 67, 1)
(14, 58, 67, 1)
(15, 58, 67, 1)
(17, 58, 67, 1)
(18, 58, 67, 1)
(20, 58, 67, 1)
(21, 58, 67, 1)
(23, 58, 67, 1)
(24, 58, 67, 1)
(26, 58, 67, 1)
(27, 58, 67, 1)
(29, 58, 67, 1)
(30, 58, 67, 1)
(32, 58, 67, 1)
(33, 58, 67, 1)
(35, 58, 67, 1)
(36, 58, 67, 1)
(38, 58, 67, 1)
(39, 58, 67, 1)
(41, 58, 67, 1)
(42, 58, 67, 1)
(44, 58, 67, 1)
(45, 58, 67, 1)
(47, 58, 67, 1)
(48, 58, 67, 1)
(50, 58, 67, 1)
(51, 58, 67, 1)
(53, 58, 67, 1)
(54, 58, 67, 1)
(56, 58, 67, 1)
(8, 59, 67, 1)
(10, 59, 67, 1)
(12, 59, 67, 1)
(14, 59, 67, 1)
(16, 59, 67, 1)
(18, 59, 67, 1)
(20, 59, 67, 1)
(22, 59, 67, 1)
(24, 59, 67, 1)
(26, 59, 67, 1)
(28, 59, 67, 1)
(30, 59, 67, 1)
(32, 59, 67, 1)
(34, 59, 67, 1)
(36, 59, 67, 1)
(38, 59, 67, 1)
(40, 59, 67, 1)
(42, 59, 67, 1)
(44, 59, 67, 1)
(46, 59, 67, 1)
(48, 59, 67, 1)
(50, 59, 67, 1)
(52, 59, 67, 1)
(54, 59, 67, 1)
(56, 59, 67, 1)
(6, 60, 67, 1)
(7, 60, 67, 1)
(8, 60, 67, 1)
(9, 60, 67, 1)
(10, 60, 67, 1)
(12, 60, 67, 1)
(13, 60, 67, 1)
(14, 60, 67, 1)
(15, 60, 67, 1)
(16, 60, 67, 1)
(17, 60, 67, 1)
(19, 60, 67, 1)
(20, 60, 67, 1)
(21, 60, 67, 1)
(22, 60, 67, 1)
(23, 60, 67, 1)
(24, 60, 67, 1)
(26, 60, 67, 1)
(27, 60, 67, 1)
(28, 60, 67, 1)
(29, 60, 67, 1)
(30, 60, 67, 1)
(31, 60, 67, 1)
(33, 60, 67, 1)
(34, 60, 67, 1)
(35, 60, 67, 1)
(36, 60, 67, 1)
(37, 60, 67, 1)
(38, 60, 67, 1)
(40, 60, 67, 1)
(41, 60, 67, 1)
(42, 60, 67, 1)
(43, 60, 67, 1)
(44, 60, 67, 1)
(45, 60, 67, 1)
(47, 60, 67, 1)
(48, 60, 67, 1)
(49, 60, 67, 1)
(50, 60, 67, 1)
(51, 60, 67, 1)
(52, 60, 67, 1)
(54, 60, 67, 1)
(55, 60, 67, 1)
(56, 60, 67, 1)
(57, 60, 67, 1)
(58, 60, 67, 1)
(6, 61, 67, 1)
(8, 61, 67, 1)
(12, 61, 67, 1)
(14, 61, 67, 1)
(18, 61, 67, 1)
(20, 61, 67, 1)
(24, 61, 67, 1)
(26, 61, 67, 1)
(30, 61, 67, 1)
(32, 61, 67, 1)
(36, 61, 67, 1)
(38, 61, 67, 1)
(42, 61, 67, 1)
(44, 61, 67, 1)
(48, 61, 67, 1)
(50, 61, 67, 1)
(54, 61, 67, 1)
(56, 61, 67, 1)
(4, 62, 67, 1)
(5, 62, 67, 1)
(6, 62, 67, 1)
(8, 62, 67, 1)
(9, 62, 67, 1)
(10, 62, 67, 1)
(11, 62, 67, 1)
(13, 62, 67, 1)
(14, 62, 67, 1)
(15, 62, 67, 1)
(16, 62, 67, 1)
(18, 62, 67, 1)
(19, 62, 67, 1)
(20, 62, 67, 1)
(21, 62, 67, 1)
(23, 62, 67, 1)
(24, 62, 67, 1)
(25, 62, 67, 1)
(26, 62, 67, 1)
(28, 62, 67, 1)
(29, 62, 67, 1)
(30, 62, 67, 1)
(31, 62, 67, 1)
(33, 62, 67, 1)
(34, 62, 67, 1)
(35, 62, 67, 1)
(36, 62, 67, 1)
(38, 62, 67, 1)
(39, 62, 67, 1)
(40, 62, 67, 1)
(41, 62, 67, 1)
(43, 62, 67, 1)
(44, 62, 67, 1)
(45, 62, 67, 1)
(46, 62, 67, 1)
(48, 62, 67, 1)
(49, 62, 67, 1)
(50, 62, 67, 1)
(51, 62, 67, 1)
(53, 62, 67, 1)
(54, 62, 67, 1)
(55, 62, 67, 1)
(56, 62, 67, 1)
(58, 62, 67, 1)
(59, 62, 67, 1)
(60, 62, 67, 1)
(4, 63, 67, 1)
(6, 63, 67, 1)
(8, 63, 67, 1)
(10, 63, 67, 1)
(12, 63, 67, 1)
(14, 63, 67, 1)
(16, 63, 67, 1)
(18, 63, 67, 1)
(20, 63, 67, 1)
(22, 63, 67, 1)
(24, 63, 67, 1)
(26, 63, 67, 1)
(28, 63, 67, 1)
(30, 63, 67, 1)
(32, 63, 67, 1)
(34, 63, 67, 1)
(36, 63, 67, 1)
(38, 63, 67, 1)
(40, 63, 67, 1)
(42, 63, 67, 1)
(44, 63, 67, 1)
(46, 63, 67, 1)
(48, 63, 67, 1)
(50, 63, 67, 1)
(52, 63, 67, 1)
(54, 63, 67, 1)
(56, 63, 67, 1)
(58, 63, 67, 1)
(60, 63, 67, 1)
(5, 64, 67, 1)
(6, 64, 67, 1)
(8, 64, 67, 1)
(9, 64, 67, 1)
(11, 64, 67, 1)
(12, 64, 67, 1)
(14, 64, 67, 1)
(15, 64, 67, 1)
(17, 64, 67, 1)
(18, 64, 67, 1)
(20, 64, 67, 1)
(21, 64, 67, 1)
(23, 64, 67, 1)
(24, 64, 67, 1)
(26, 64, 67, 1)
(27, 64, 67, 1)
(29, 64, 67, 1)
(30, 64, 67, 1)
(32, 64, 67, 1)
(33, 64, 67, 1)
(35, 64, 67, 1)
(36, 64, 67, 1)
(38, 64, 67, 1)
(39, 64, 67, 1)
(41, 64, 67, 1)
(42, 64, 67, 1)
(44, 64, 67, 1)
(45, 64, 67, 1)
(47, 64, 67, 1)
(48, 64, 67, 1)
(50, 64, 67, 1)
(51, 64, 67, 1)
(53, 64, 67, 1)
(54, 64, 67, 1)
(56, 64, 67, 1)
(57, 64, 67, 1)
(59, 64, 67, 1)
(60, 64, 67, 1)
(62, 64, 67, 1)
(34, 37, 68, 1)
(31, 38, 68, 1)
(30, 39, 68, 1)
(32, 39, 68, 1)
(34, 39, 68, 1)
(36, 39, 68, 1)
(31, 40, 68, 1)
(35, 40, 68, 1)
(30, 41, 68, 1)
(34, 41, 68, 1)
(27, 42, 68, 1)
(31, 42, 68, 1)
(33, 42, 68, 1)
(35, 42, 68, 1)
(37, 42, 68, 1)
(39, 42, 68, 1)
(26, 43, 68, 1)
(30, 43, 68, 1)
(32, 43, 68, 1)
(34, 43, 68, 1)
(36, 43, 68, 1)
(40, 43, 68, 1)
(27, 44, 68, 1)
(31, 44, 68, 1)
(39, 44, 68, 1)
(26, 45, 68, 1)
(30, 45, 68, 1)
(34, 45, 68, 1)
(38, 45, 68, 1)
(42, 45, 68, 1)
(23, 46, 68, 1)
(25, 46, 68, 1)
(27, 46, 68, 1)
(29, 46, 68, 1)
(31, 46, 68, 1)
(33, 46, 68, 1)
(37, 46, 68, 1)
(39, 46, 68, 1)
(41, 46, 68, 1)
(43, 46, 68, 1)
(22, 47, 68, 1)
(24, 47, 68, 1)
(28, 47, 68, 1)
(30, 47, 68, 1)
(34, 47, 68, 1)
(36, 47, 68, 1)
(42, 47, 68, 1)
(27, 48, 68, 1)
(31, 48, 68, 1)
(35, 48, 68, 1)
(39, 48, 68, 1)
(22, 49, 68, 1)
(26, 49, 68, 1)
(34, 49, 68, 1)
(38, 49, 68, 1)
(42, 49, 68, 1)
(46, 49, 68, 1)
(19, 50, 68, 1)
(21, 50, 68, 1)
(25, 50, 68, 1)
(27, 50, 68, 1)
(31, 50, 68, 1)
(33, 50, 68, 1)
(37, 50, 68, 1)
(39, 50, 68, 1)
(43, 50, 68, 1)
(45, 50, 68, 1)
(18, 51, 68, 1)
(20, 51, 68, 1)
(22, 51, 68, 1)
(24, 51, 68, 1)
(26, 51, 68, 1)
(28, 51, 68, 1)
(30, 51, 68, 1)
(32, 51, 68, 1)
(36, 51, 68, 1)
(38, 51, 68, 1)
(40, 51, 68, 1)
(42, 51, 68, 1)
(44, 51, 68, 1)
(46, 51, 68, 1)
(48, 51, 68, 1)
(19, 52, 68, 1)
(23, 52, 68, 1)
(27, 52, 68, 1)
(31, 52, 68, 1)
(35, 52, 68, 1)
(39, 52, 68, 1)
(43, 52, 68, 1)
(47, 52, 68, 1)
(22, 53, 68, 1)
(30, 53, 68, 1)
(34, 53, 68, 1)
(42, 53, 68, 1)
(46, 53, 68, 1)
(15, 54, 68, 1)
(17, 54, 68, 1)
(21, 54, 68, 1)
(23, 54, 68, 1)
(25, 54, 68, 1)
(27, 54, 68, 1)
(29, 54, 68, 1)
(31, 54, 68, 1)
(35, 54, 68, 1)
(37, 54, 68, 1)
(39, 54, 68, 1)
(41, 54, 68, 1)
(43, 54, 68, 1)
(45, 54, 68, 1)
(49, 54, 68, 1)
(51, 54, 68, 1)
(14, 55, 68, 1)
(18, 55, 68, 1)
(20, 55, 68, 1)
(22, 55, 68, 1)
(24, 55, 68, 1)
(26, 55, 68, 1)
(28, 55, 68, 1)
(30, 55, 68, 1)
(32, 55, 68, 1)
(34, 55, 68, 1)
(36, 55, 68, 1)
(38, 55, 68, 1)
(40, 55, 68, 1)
(44, 55, 68, 1)
(46, 55, 68, 1)
(48, 55, 68, 1)
(50, 55, 68, 1)
(52, 55, 68, 1)
(15, 56, 68, 1)
(19, 56, 68, 1)
(27, 56, 68, 1)
(31, 56, 68, 1)
(39, 56, 68, 1)
(43, 56, 68, 1)
(51, 56, 68, 1)
(14, 57, 68, 1)
(18, 57, 68, 1)
(22, 57, 68, 1)
(26, 57, 68, 1)
(30, 57, 68, 1)
(34, 57, 68, 1)
(38, 57, 68, 1)
(42, 57, 68, 1)
(50, 57, 68, 1)
(54, 57, 68, 1)
(11, 58, 68, 1)
(15, 58, 68, 1)
(17, 58, 68, 1)
(19, 58, 68, 1)
(21, 58, 68, 1)
(25, 58, 68, 1)
(27, 58, 68, 1)
(29, 58, 68, 1)
(31, 58, 68, 1)
(35, 58, 68, 1)
(37, 58, 68, 1)
(39, 58, 68, 1)
(41, 58, 68, 1)
(45, 58, 68, 1)
(47, 58, 68, 1)
(49, 58, 68, 1)
(51, 58, 68, 1)
(55, 58, 68, 1)
(10, 59, 68, 1)
(12, 59, 68, 1)
(16, 59, 68, 1)
(18, 59, 68, 1)
(22, 59, 68, 1)
(24, 59, 68, 1)
(28, 59, 68, 1)
(30, 59, 68, 1)
(34, 59, 68, 1)
(36, 59, 68, 1)
(40, 59, 68, 1)
(42, 59, 68, 1)
(46, 59, 68, 1)
(48, 59, 68, 1)
(52, 59, 68, 1)
(54, 59, 68, 1)
(11, 60, 68, 1)
(15, 60, 68, 1)
(19, 60, 68, 1)
(23, 60, 68, 1)
(27, 60, 68, 1)
(31, 60, 68, 1)
(35, 60, 68, 1)
(39, 60, 68, 1)
(43, 60, 68, 1)
(47, 60, 68, 1)
(51, 60, 68, 1)
(55, 60, 68, 1)
(10, 61, 68, 1)
(14, 61, 68, 1)
(18, 61, 68, 1)
(22, 61, 68, 1)
(30, 61, 68, 1)
(34, 61, 68, 1)
(38, 61, 68, 1)
(42, 61, 68, 1)
(46, 61, 68, 1)
(50, 61, 68, 1)
(58, 61, 68, 1)
(7, 62, 68, 1)
(9, 62, 68, 1)
(13, 62, 68, 1)
(15, 62, 68, 1)
(19, 62, 68, 1)
(21, 62, 68, 1)
(25, 62, 68, 1)
(27, 62, 68, 1)
(31, 62, 68, 1)
(33, 62, 68, 1)
(37, 62, 68, 1)
(39, 62, 68, 1)
(43, 62, 68, 1)
(45, 62, 68, 1)
(49, 62, 68, 1)
(51, 62, 68, 1)
(55, 62, 68, 1)
(57, 62, 68, 1)
(6, 63, 68, 1)
(10, 63, 68, 1)
(12, 63, 68, 1)
(14, 63, 68, 1)
(16, 63, 68, 1)
(20, 63, 68, 1)
(22, 63, 68, 1)
(24, 63, 68, 1)
(26, 63, 68, 1)
(30, 63, 68, 1)
(32, 63, 68, 1)
(34, 63, 68, 1)
(36, 63, 68, 1)
(40, 63, 68, 1)
(42, 63, 68, 1)
(44, 63, 68, 1)
(46, 63, 68, 1)
(50, 63, 68, 1)
(52, 63, 68, 1)
(54, 63, 68, 1)
(56, 63, 68, 1)
(60, 63, 68, 1)
(7, 64, 68, 1)
(11, 64, 68, 1)
(15, 64, 68, 1)
(19, 64, 68, 1)
(23, 64, 68, 1)
(27, 64, 68, 1)
(31, 64, 68, 1)
(35, 64, 68, 1)
(39, 64, 68, 1)
(43, 64, 68, 1)
(47, 64, 68, 1)
(51, 64, 68, 1)
(55, 64, 68, 1)
(59, 64, 68, 1)
(6, 65, 68, 1)
(10, 65, 68, 1)
(18, 65, 68, 1)
(22, 65, 68, 1)
(30, 65, 68, 1)
(34, 65, 68, 1)
(42, 65, 68, 1)
(46, 65, 68, 1)
(54, 65, 68, 1)
(58, 65, 68, 1)
(34, 36, 69, 1)
(34, 37, 69, 1)
(30, 38, 69, 1)
(31, 38, 69, 1)
(32, 38, 69, 1)
(33, 38, 69, 1)
(34, 38, 69, 1)
(35, 38, 69, 1)
(36, 38, 69, 1)
(32, 39, 69, 1)
(30, 40, 69, 1)
(31, 40, 69, 1)
(34, 40, 69, 1)
(35, 40, 69, 1)
(38, 40, 69, 1)
(30, 41, 69, 1)
(38, 41, 69, 1)
(26, 42, 69, 1)
(28, 42, 69, 1)
(29, 42, 69, 1)
(31, 42, 69, 1)
(32, 42, 69, 1)
(34, 42, 69, 1)
(35, 42, 69, 1)
(37, 42, 69, 1)
(38, 42, 69, 1)
(40, 42, 69, 1)
(26, 43, 69, 1)
(28, 43, 69, 1)
(32, 43, 69, 1)
(34, 43, 69, 1)
(36, 43, 69, 1)
(38, 43, 69, 1)
(40, 43, 69, 1)
(26, 44, 69, 1)
(27, 44, 69, 1)
(30, 44, 69, 1)
(31, 44, 69, 1)
(35, 44, 69, 1)
(38, 44, 69, 1)
(42, 44, 69, 1)
(26, 45, 69, 1)
(34, 45, 69, 1)
(38, 45, 69, 1)
(24, 46, 69, 1)
(25, 46, 69, 1)
(26, 46, 69, 1)
(27, 46, 69, 1)
(28, 46, 69, 1)
(29, 46, 69, 1)
(30, 46, 69, 1)
(31, 46, 69, 1)
(32, 46, 69, 1)
(33, 46, 69, 1)
(34, 46, 69, 1)
(35, 46, 69, 1)
(36, 46, 69, 1)
(37, 46, 69, 1)
(38, 46, 69, 1)
(39, 46, 69, 1)
(40, 46, 69, 1)
(41, 46, 69, 1)
(42, 46, 69, 1)
(43, 46, 69, 1)
(44, 46, 69, 1)
(22, 47, 69, 1)
(24, 47, 69, 1)
(26, 47, 69, 1)
(28, 47, 69, 1)
(30, 47, 69, 1)
(32, 47, 69, 1)
(34, 47, 69, 1)
(38, 47, 69, 1)
(40, 47, 69, 1)
(42, 47, 69, 1)
(44, 47, 69, 1)
(22, 48, 69, 1)
(23, 48, 69, 1)
(26, 48, 69, 1)
(31, 48, 69, 1)
(35, 48, 69, 1)
(38, 48, 69, 1)
(43, 48, 69, 1)
(46, 48, 69, 1)
(22, 49, 69, 1)
(26, 49, 69, 1)
(30, 49, 69, 1)
(38, 49, 69, 1)
(42, 49, 69, 1)
(46, 49, 69, 1)
(18, 50, 69, 1)
(19, 50, 69, 1)
(20, 50, 69, 1)
(21, 50, 69, 1)
(22, 50, 69, 1)
(23, 50, 69, 1)
(24, 50, 69, 1)
(25, 50, 69, 1)
(26, 50, 69, 1)
(27, 50, 69, 1)
(28, 50, 69, 1)
(29, 50, 69, 1)
(30, 50, 69, 1)
(32, 50, 69, 1)
(33, 50, 69, 1)
(34, 50, 69, 1)
(35, 50, 69, 1)
(36, 50, 69, 1)
(37, 50, 69, 1)
(38, 50, 69, 1)
(39, 50, 69, 1)
(40, 50, 69, 1)
(41, 50, 69, 1)
(42, 50, 69, 1)
(43, 50, 69, 1)
(44, 50, 69, 1)
(45, 50, 69, 1)
(46, 50, 69, 1)
(47, 50, 69, 1)
(48, 50, 69, 1)
(20, 51, 69, 1)
(22, 51, 69, 1)
(26, 51, 69, 1)
(28, 51, 69, 1)
(32, 51, 69, 1)
(34, 51, 69, 1)
(38, 51, 69, 1)
(40, 51, 69, 1)
(44, 51, 69, 1)
(46, 51, 69, 1)
(19, 52, 69, 1)
(22, 52, 69, 1)
(23, 52, 69, 1)
(26, 52, 69, 1)
(27, 52, 69, 1)
(30, 52, 69, 1)
(31, 52, 69, 1)
(34, 52, 69, 1)
(38, 52, 69, 1)
(39, 52, 69, 1)
(42, 52, 69, 1)
(43, 52, 69, 1)
(46, 52, 69, 1)
(47, 52, 69, 1)
(50, 52, 69, 1)
(18, 53, 69, 1)
(22, 53, 69, 1)
(26, 53, 69, 1)
(30, 53, 69, 1)
(34, 53, 69, 1)
(38, 53, 69, 1)
(42, 53, 69, 1)
(46, 53, 69, 1)
(50, 53, 69, 1)
(16, 54, 69, 1)
(17, 54, 69, 1)
(20, 54, 69, 1)
(22, 54, 69, 1)
(23, 54, 69, 1)
(25, 54, 69, 1)
(26, 54, 69, 1)
(28, 54, 69, 1)
(31, 54, 69, 1)
(32, 54, 69, 1)
(35, 54, 69, 1)
(37, 54, 69, 1)
(38, 54, 69, 1)
(40, 54, 69, 1)
(41, 54, 69, 1)
(43, 54, 69, 1)
(46, 54, 69, 1)
(47, 54, 69, 1)
(50, 54, 69, 1)
(52, 54, 69, 1)
(14, 55, 69, 1)
(16, 55, 69, 1)
(18, 55, 69, 1)
(22, 55, 69, 1)
(24, 55, 69, 1)
(26, 55, 69, 1)
(28, 55, 69, 1)
(30, 55, 69, 1)
(32, 55, 69, 1)
(36, 55, 69, 1)
(38, 55, 69, 1)
(40, 55, 69, 1)
(42, 55, 69, 1)
(44, 55, 69, 1)
(46, 55, 69, 1)
(50, 55, 69, 1)
(52, 55, 69, 1)
(14, 56, 69, 1)
(15, 56, 69, 1)
(18, 56, 69, 1)
(19, 56, 69, 1)
(22, 56, 69, 1)
(23, 56, 69, 1)
(26, 56, 69, 1)
(27, 56, 69, 1)
(31, 56, 69, 1)
(34, 56, 69, 1)
(35, 56, 69, 1)
(38, 56, 69, 1)
(39, 56, 69, 1)
(42, 56, 69, 1)
(46, 56, 69, 1)
(47, 56, 69, 1)
(50, 56, 69, 1)
(51, 56, 69, 1)
(54, 56, 69, 1)
(14, 57, 69, 1)
(22, 57, 69, 1)
(26, 57, 69, 1)
(34, 57, 69, 1)
(38, 57, 69, 1)
(46, 57, 69, 1)
(50, 57, 69, 1)
(10, 58, 69, 1)
(11, 58, 69, 1)
(12, 58, 69, 1)
(13, 58, 69, 1)
(15, 58, 69, 1)
(16, 58, 69, 1)
(17, 58, 69, 1)
(18, 58, 69, 1)
(19, 58, 69, 1)
(20, 58, 69, 1)
(21, 58, 69, 1)
(22, 58, 69, 1)
(23, 58, 69, 1)
(24, 58, 69, 1)
(26, 58, 69, 1)
(27, 58, 69, 1)
(28, 58, 69, 1)
(29, 58, 69, 1)
(30, 58, 69, 1)
(31, 58, 69, 1)
(32, 58, 69, 1)
(33, 58, 69, 1)
(34, 58, 69, 1)
(35, 58, 69, 1)
(37, 58, 69, 1)
(38, 58, 69, 1)
(39, 58, 69, 1)
(40, 58, 69, 1)
(41, 58, 69, 1)
(42, 58, 69, 1)
(43, 58, 69, 1)
(44, 58, 69, 1)
(45, 58, 69, 1)
(46, 58, 69, 1)
(48, 58, 69, 1)
(49, 58, 69, 1)
(50, 58, 69, 1)
(51, 58, 69, 1)
(52, 58, 69, 1)
(53, 58, 69, 1)
(54, 58, 69, 1)
(55, 58, 69, 1)
(56, 58, 69, 1)
(10, 59, 69, 1)
(12, 59, 69, 1)
(16, 59, 69, 1)
(18, 59, 69, 1)
(20, 59, 69, 1)
(22, 59, 69, 1)
(26, 59, 69, 1)
(28, 59, 69, 1)
(30, 59, 69, 1)
(32, 59, 69, 1)
(36, 59, 69, 1)
(38, 59, 69, 1)
(40, 59, 69, 1)
(42, 59, 69, 1)
(46, 59, 69, 1)
(48, 59, 69, 1)
(50, 59, 69, 1)
(52, 59, 69, 1)
(56, 59, 69, 1)
(10, 60, 69, 1)
(11, 60, 69, 1)
(14, 60, 69, 1)
(19, 60, 69, 1)
(22, 60, 69, 1)
(23, 60, 69, 1)
(26, 60, 69, 1)
(31, 60, 69, 1)
(34, 60, 69, 1)
(35, 60, 69, 1)
(38, 60, 69, 1)
(43, 60, 69, 1)
(46, 60, 69, 1)
(47, 60, 69, 1)
(50, 60, 69, 1)
(55, 60, 69, 1)
(58, 60, 69, 1)
(10, 61, 69, 1)
(14, 61, 69, 1)
(18, 61, 69, 1)
(22, 61, 69, 1)
(26, 61, 69, 1)
(30, 61, 69, 1)
(34, 61, 69, 1)
(38, 61, 69, 1)
(42, 61, 69, 1)
(46, 61, 69, 1)
(50, 61, 69, 1)
(54, 61, 69, 1)
(58, 61, 69, 1)
(7, 62, 69, 1)
(8, 62, 69, 1)
(9, 62, 69, 1)
(10, 62, 69, 1)
(11, 62, 69, 1)
(12, 62, 69, 1)
(14, 62, 69, 1)
(15, 62, 69, 1)
(16, 62, 69, 1)
(17, 62, 69, 1)
(18, 62, 69, 1)
(19, 62, 69, 1)
(21, 62, 69, 1)
(22, 62, 69, 1)
(23, 62, 69, 1)
(24, 62, 69, 1)
(25, 62, 69, 1)
(26, 62, 69, 1)
(28, 62, 69, 1)
(29, 62, 69, 1)
(30, 62, 69, 1)
(31, 62, 69, 1)
(32, 62, 69, 1)
(33, 62, 69, 1)
(35, 62, 69, 1)
(36, 62, 69, 1)
(37, 62, 69, 1)
(38, 62, 69, 1)
(39, 62, 69, 1)
(40, 62, 69, 1)
(42, 62, 69, 1)
(43, 62, 69, 1)
(44, 62, 69, 1)
(45, 62, 69, 1)
(46, 62, 69, 1)
(47, 62, 69, 1)
(49, 62, 69, 1)
(50, 62, 69, 1)
(51, 62, 69, 1)
(52, 62, 69, 1)
(53, 62, 69, 1)
(54, 62, 69, 1)
(56, 62, 69, 1)
(57, 62, 69, 1)
(58, 62, 69, 1)
(59, 62, 69, 1)
(60, 62, 69, 1)
(8, 63, 69, 1)
(10, 63, 69, 1)
(14, 63, 69, 1)
(16, 63, 69, 1)
(20, 63, 69, 1)
(22, 63, 69, 1)
(26, 63, 69, 1)
(28, 63, 69, 1)
(32, 63, 69, 1)
(34, 63, 69, 1)
(38, 63, 69, 1)
(40, 63, 69, 1)
(44, 63, 69, 1)
(46, 63, 69, 1)
(50, 63, 69, 1)
(52, 63, 69, 1)
(56, 63, 69, 1)
(58, 63, 69, 1)
(6, 64, 69, 1)
(7, 64, 69, 1)
(10, 64, 69, 1)
(11, 64, 69, 1)
(15, 64, 69, 1)
(18, 64, 69, 1)
(22, 64, 69, 1)
(23, 64, 69, 1)
(26, 64, 69, 1)
(27, 64, 69, 1)
(30, 64, 69, 1)
(31, 64, 69, 1)
(35, 64, 69, 1)
(38, 64, 69, 1)
(42, 64, 69, 1)
(43, 64, 69, 1)
(46, 64, 69, 1)
(47, 64, 69, 1)
(50, 64, 69, 1)
(51, 64, 69, 1)
(55, 64, 69, 1)
(58, 64, 69, 1)
(62, 64, 69, 1)
(6, 65, 69, 1)
(10, 65, 69, 1)
(14, 65, 69, 1)
(18, 65, 69, 1)
(22, 65, 69, 1)
(26, 65, 69, 1)
(30, 65, 69, 1)
(34, 65, 69, 1)
(38, 65, 69, 1)
(42, 65, 69, 1)
(46, 65, 69, 1)
(50, 65, 69, 1)
(54, 65, 69, 1)
(58, 65, 69, 1)
(62, 65, 69, 1)
(4, 66, 69, 1)
(5, 66, 69, 1)
(7, 66, 69, 1)
(8, 66, 69, 1)
(10, 66, 69, 1)
(11, 66, 69, 1)
(13, 66, 69, 1)
(14, 66, 69, 1)
(16, 66, 69, 1)
(17, 66, 69, 1)
(19, 66, 69, 1)
(20, 66, 69, 1)
(22, 66, 69, 1)
(23, 66, 69, 1)
(25, 66, 69, 1)
(26, 66, 69, 1)
(28, 66, 69, 1)
(29, 66, 69, 1)
(31, 66, 69, 1)
(32, 66, 69, 1)
(34, 66, 69, 1)
(35, 66, 69, 1)
(37, 66, 69, 1)
(38, 66, 69, 1)
(40, 66, 69, 1)
(41, 66, 69, 1)
(43, 66, 69, 1)
(44, 66, 69, 1)
(46, 66, 69, 1)
(47, 66, 69, 1)
(49, 66, 69, 1)
(50, 66, 69, 1)
(52, 66, 69, 1)
(53, 66, 69, 1)
(55, 66, 69, 1)
(56, 66, 69, 1)
(58, 66, 69, 1)
(59, 66, 69, 1)
(61, 66, 69, 1)
(62, 66, 69, 1)
(64, 66, 69, 1)
(33, 38, 70, 1)
(35, 38, 70, 1)
(32, 39, 70, 1)
(34, 39, 70, 1)
(36, 39, 70, 1)
(33, 40, 70, 1)
(30, 41, 70, 1)
(32, 41, 70, 1)
(34, 41, 70, 1)
(36, 41, 70, 1)
(38, 41, 70, 1)
(29, 42, 70, 1)
(31, 42, 70, 1)
(33, 42, 70, 1)
(37, 42, 70, 1)
(39, 42, 70, 1)
(30, 43, 70, 1)
(32, 43, 70, 1)
(36, 43, 70, 1)
(38, 43, 70, 1)
(27, 44, 70, 1)
(29, 44, 70, 1)
(33, 44, 70, 1)
(35, 44, 70, 1)
(37, 44, 70, 1)
(39, 44, 70, 1)
(41, 44, 70, 1)
(26, 45, 70, 1)
(28, 45, 70, 1)
(32, 45, 70, 1)
(34, 45, 70, 1)
(36, 45, 70, 1)
(38, 45, 70, 1)
(42, 45, 70, 1)
(27, 46, 70, 1)
(29, 46, 70, 1)
(33, 46, 70, 1)
(35, 46, 70, 1)
(39, 46, 70, 1)
(41, 46, 70, 1)
(26, 47, 70, 1)
(28, 47, 70, 1)
(30, 47, 70, 1)
(32, 47, 70, 1)
(34, 47, 70, 1)
(36, 47, 70, 1)
(38, 47, 70, 1)
(40, 47, 70, 1)
(42, 47, 70, 1)
(44, 47, 70, 1)
(23, 48, 70, 1)
(25, 48, 70, 1)
(27, 48, 70, 1)
(29, 48, 70, 1)
(31, 48, 70, 1)
(33, 48, 70, 1)
(35, 48, 70, 1)
(39, 48, 70, 1)
(41, 48, 70, 1)
(43, 48, 70, 1)
(45, 48, 70, 1)
(24, 49, 70, 1)
(26, 49, 70, 1)
(30, 49, 70, 1)
(32, 49, 70, 1)
(36, 49, 70, 1)
(38, 49, 70, 1)
(44, 49, 70, 1)
(21, 50, 70, 1)
(23, 50, 70, 1)
(27, 50, 70, 1)
(29, 50, 70, 1)
(31, 50, 70, 1)
(33, 50, 70, 1)
(37, 50, 70, 1)
(39, 50, 70, 1)
(41, 50, 70, 1)
(43, 50, 70, 1)
(47, 50, 70, 1)
(20, 51, 70, 1)
(22, 51, 70, 1)
(24, 51, 70, 1)
(26, 51, 70, 1)
(28, 51, 70, 1)
(30, 51, 70, 1)
(34, 51, 70, 1)
(36, 51, 70, 1)
(38, 51, 70, 1)
(40, 51, 70, 1)
(42, 51, 70, 1)
(44, 51, 70, 1)
(46, 51, 70, 1)
(48, 51, 70, 1)
(21, 52, 70, 1)
(23, 52, 70, 1)
(27, 52, 70, 1)
(29, 52, 70, 1)
(33, 52, 70, 1)
(35, 52, 70, 1)
(39, 52, 70, 1)
(41, 52, 70, 1)
(45, 52, 70, 1)
(47, 52, 70, 1)
(18, 53, 70, 1)
(20, 53, 70, 1)
(22, 53, 70, 1)
(24, 53, 70, 1)
(26, 53, 70, 1)
(28, 53, 70, 1)
(30, 53, 70, 1)
(32, 53, 70, 1)
(34, 53, 70, 1)
(38, 53, 70, 1)
(40, 53, 70, 1)
(42, 53, 70, 1)
(44, 53, 70, 1)
(46, 53, 70, 1)
(48, 53, 70, 1)
(50, 53, 70, 1)
(17, 54, 70, 1)
(19, 54, 70, 1)
(21, 54, 70, 1)
(23, 54, 70, 1)
(25, 54, 70, 1)
(27, 54, 70, 1)
(29, 54, 70, 1)
(31, 54, 70, 1)
(33, 54, 70, 1)
(35, 54, 70, 1)
(37, 54, 70, 1)
(39, 54, 70, 1)
(41, 54, 70, 1)
(43, 54, 70, 1)
(45, 54, 70, 1)
(47, 54, 70, 1)
(49, 54, 70, 1)
(51, 54, 70, 1)
(18, 55, 70, 1)
(24, 55, 70, 1)
(26, 55, 70, 1)
(32, 55, 70, 1)
(36, 55, 70, 1)
(38, 55, 70, 1)
(42, 55, 70, 1)
(44, 55, 70, 1)
(48, 55, 70, 1)
(15, 56, 70, 1)
(17, 56, 70, 1)
(19, 56, 70, 1)
(23, 56, 70, 1)
(25, 56, 70, 1)
(27, 56, 70, 1)
(29, 56, 70, 1)
(31, 56, 70, 1)
(33, 56, 70, 1)
(37, 56, 70, 1)
(39, 56, 70, 1)
(41, 56, 70, 1)
(43, 56, 70, 1)
(45, 56, 70, 1)
(47, 56, 70, 1)
(51, 56, 70, 1)
(53, 56, 70, 1)
(14, 57, 70, 1)
(16, 57, 70, 1)
(20, 57, 70, 1)
(22, 57, 70, 1)
(24, 57, 70, 1)
(26, 57, 70, 1)
(28, 57, 70, 1)
(30, 57, 70, 1)
(32, 57, 70, 1)
(34, 57, 70, 1)
(36, 57, 70, 1)
(38, 57, 70, 1)
(40, 57, 70, 1)
(42, 57, 70, 1)
(46, 57, 70, 1)
(48, 57, 70, 1)
(50, 57, 70, 1)
(52, 57, 70, 1)
(54, 57, 70, 1)
(15, 58, 70, 1)
(17, 58, 70, 1)
(21, 58, 70, 1)
(23, 58, 70, 1)
(27, 58, 70, 1)
(29, 58, 70, 1)
(33, 58, 70, 1)
(35, 58, 70, 1)
(39, 58, 70, 1)
(41, 58, 70, 1)
(45, 58, 70, 1)
(47, 58, 70, 1)
(51, 58, 70, 1)
(53, 58, 70, 1)
(12, 59, 70, 1)
(14, 59, 70, 1)
(16, 59, 70, 1)
(18, 59, 70, 1)
(20, 59, 70, 1)
(22, 59, 70, 1)
(24, 59, 70, 1)
(28, 59, 70, 1)
(30, 59, 70, 1)
(32, 59, 70, 1)
(34, 59, 70, 1)
(36, 59, 70, 1)
(38, 59, 70, 1)
(40, 59, 70, 1)
(42, 59, 70, 1)
(44, 59, 70, 1)
(46, 59, 70, 1)
(50, 59, 70, 1)
(52, 59, 70, 1)
(54, 59, 70, 1)
(56, 59, 70, 1)
(11, 60, 70, 1)
(13, 60, 70, 1)
(17, 60, 70, 1)
(19, 60, 70, 1)
(21, 60, 70, 1)
(23, 60, 70, 1)
(27, 60, 70, 1)
(29, 60, 70, 1)
(31, 60, 70, 1)
(33, 60, 70, 1)
(37, 60, 70, 1)
(39, 60, 70, 1)
(41, 60, 70, 1)
(43, 60, 70, 1)
(47, 60, 70, 1)
(49, 60, 70, 1)
(51, 60, 70, 1)
(53, 60, 70, 1)
(57, 60, 70, 1)
(12, 61, 70, 1)
(14, 61, 70, 1)
(18, 61, 70, 1)
(20, 61, 70, 1)
(24, 61, 70, 1)
(26, 61, 70, 1)
(30, 61, 70, 1)
(32, 61, 70, 1)
(36, 61, 70, 1)
(38, 61, 70, 1)
(42, 61, 70, 1)
(44, 61, 70, 1)
(48, 61, 70, 1)
(50, 61, 70, 1)
(54, 61, 70, 1)
(56, 61, 70, 1)
(9, 62, 70, 1)
(11, 62, 70, 1)
(13, 62, 70, 1)
(15, 62, 70, 1)
(17, 62, 70, 1)
(19, 62, 70, 1)
(21, 62, 70, 1)
(23, 62, 70, 1)
(25, 62, 70, 1)
(27, 62, 70, 1)
(29, 62, 70, 1)
(31, 62, 70, 1)
(33, 62, 70, 1)
(35, 62, 70, 1)
(37, 62, 70, 1)
(39, 62, 70, 1)
(41, 62, 70, 1)
(43, 62, 70, 1)
(45, 62, 70, 1)
(47, 62, 70, 1)
(49, 62, 70, 1)
(51, 62, 70, 1)
(53, 62, 70, 1)
(55, 62, 70, 1)
(57, 62, 70, 1)
(59, 62, 70, 1)
(8, 63, 70, 1)
(10, 63, 70, 1)
(12, 63, 70, 1)
(16, 63, 70, 1)
(18, 63, 70, 1)
(20, 63, 70, 1)
(22, 63, 70, 1)
(24, 63, 70, 1)
(26, 63, 70, 1)
(30, 63, 70, 1)
(32, 63, 70, 1)
(34, 63, 70, 1)
(36, 63, 70, 1)
(38, 63, 70, 1)
(40, 63, 70, 1)
(44, 63, 70, 1)
(46, 63, 70, 1)
(48, 63, 70, 1)
(50, 63, 70, 1)
(52, 63, 70, 1)
(54, 63, 70, 1)
(58, 63, 70, 1)
(60, 63, 70, 1)
(9, 64, 70, 1)
(11, 64, 70, 1)
(15, 64, 70, 1)
(17, 64, 70, 1)
(21, 64, 70, 1)
(23, 64, 70, 1)
(27, 64, 70, 1)
(29, 64, 70, 1)
(33, 64, 70, 1)
(35, 64, 70, 1)
(39, 64, 70, 1)
(41, 64, 70, 1)
(45, 64, 70, 1)
(47, 64, 70, 1)
(51, 64, 70, 1)
(53, 64, 70, 1)
(57, 64, 70, 1)
(59, 64, 70, 1)
(6, 65, 70, 1)
(8, 65, 70, 1)
(12, 65, 70, 1)
(14, 65, 70, 1)
(16, 65, 70, 1)
(18, 65, 70, 1)
(22, 65, 70, 1)
(24, 65, 70, 1)
(26, 65, 70, 1)
(28, 65, 70, 1)
(32, 65, 70, 1)
(34, 65, 70, 1)
(36, 65, 70, 1)
(38, 65, 70, 1)
(42, 65, 70, 1)
(44, 65, 70, 1)
(46, 65, 70, 1)
(48, 65, 70, 1)
(52, 65, 70, 1)
(54, 65, 70, 1)
(56, 65, 70, 1)
(58, 65, 70, 1)
(62, 65, 70, 1)
(5, 66, 70, 1)
(7, 66, 70, 1)
(9, 66, 70, 1)
(11, 66, 70, 1)
(13, 66, 70, 1)
(15, 66, 70, 1)
(17, 66, 70, 1)
(19, 66, 70, 1)
(21, 66, 70, 1)
(23, 66, 70, 1)
(25, 66, 70, 1)
(27, 66, 70, 1)
(29, 66, 70, 1)
(31, 66, 70, 1)
(33, 66, 70, 1)
(35, 66, 70, 1)
(37, 66, 70, 1)
(39, 66, 70, 1)
(41, 66, 70, 1)
(43, 66, 70, 1)
(45, 66, 70, 1)
(47, 66, 70, 1)
(49, 66, 70, 1)
(51, 66, 70, 1)
(53, 66, 70, 1)
(55, 66, 70, 1)
(57, 66, 70, 1)
(59, 66, 70, 1)
(61, 66, 70, 1)
(63, 66, 70, 1)
(6, 67, 70, 1)
(8, 67, 70, 1)
(12, 67, 70, 1)
(14, 67, 70, 1)
(18, 67, 70, 1)
(20, 67, 70, 1)
(24, 67, 70, 1)
(26, 67, 70, 1)
(30, 67, 70, 1)
(32, 67, 70, 1)
(36, 67, 70, 1)
(38, 67, 70, 1)
(42, 67, 70, 1)
(44, 67, 70, 1)
(48, 67, 70, 1)
(50, 67, 70, 1)
(54, 67, 70, 1)
(56, 67, 70, 1)
(60, 67, 70, 1)
(62, 67, 70, 1)
(34, 36, 71, 1)
(34, 37, 71, 1)
(33, 38, 71, 1)
(34, 38, 71, 1)
(36, 38, 71, 1)
(32, 39, 71, 1)
(34, 39, 71, 1)
(36, 39, 71, 1)
(30, 40, 71, 1)
(31, 40, 71, 1)
(32, 40, 71, 1)
(33, 40, 71, 1)
(34, 40, 71, 1)
(35, 40, 71, 1)
(36, 40, 71, 1)
(37, 40, 71, 1)
(38, 40, 71, 1)
(30, 41, 71, 1)
(34, 41, 71, 1)
(28, 42, 71, 1)
(29, 42, 71, 1)
(30, 42, 71, 1)
(31, 42, 71, 1)
(32, 42, 71, 1)
(33, 42, 71, 1)
(34, 42, 71, 1)
(35, 42, 71, 1)
(36, 42, 71, 1)
(37, 42, 71, 1)
(38, 42, 71, 1)
(39, 42, 71, 1)
(40, 42, 71, 1)
(28, 43, 71, 1)
(30, 43, 71, 1)
(32, 43, 71, 1)
(34, 43, 71, 1)
(38, 43, 71, 1)
(40, 43, 71, 1)
(27, 44, 71, 1)
(28, 44, 71, 1)
(30, 44, 71, 1)
(31, 44, 71, 1)
(33, 44, 71, 1)
(34, 44, 71, 1)
(36, 44, 71, 1)
(37, 44, 71, 1)
(39, 44, 71, 1)
(40, 44, 71, 1)
(42, 44, 71, 1)
(26, 45, 71, 1)
(28, 45, 71, 1)
(30, 45, 71, 1)
(34, 45, 71, 1)
(36, 45, 71, 1)
(38, 45, 71, 1)
(40, 45, 71, 1)
(42, 45, 71, 1)
(24, 46, 71, 1)
(25, 46, 71, 1)
(27, 46, 71, 1)
(28, 46, 71, 1)
(29, 46, 71, 1)
(30, 46, 71, 1)
(32, 46, 71, 1)
(33, 46, 71, 1)
(34, 46, 71, 1)
(35, 46, 71, 1)
(37, 46, 71, 1)
(38, 46, 71, 1)
(39, 46, 71, 1)
(40, 46, 71, 1)
(42, 46, 71, 1)
(43, 46, 71, 1)
(44, 46, 71, 1)
(24, 47, 71, 1)
(28, 47, 71, 1)
(30, 47, 71, 1)
(34, 47, 71, 1)
(36, 47, 71, 1)
(40, 47, 71, 1)
(42, 47, 71, 1)
(22, 48, 71, 1)
(23, 48, 71, 1)
(24, 48, 71, 1)
(26, 48, 71, 1)
(27, 48, 71, 1)
(28, 48, 71, 1)
(29, 48, 71, 1)
(30, 48, 71, 1)
(31, 48, 71, 1)
(32, 48, 71, 1)
(33, 48, 71, 1)
(34, 48, 71, 1)
(35, 48, 71, 1)
(36, 48, 71, 1)
(37, 48, 71, 1)
(38, 48, 71, 1)
(39, 48, 71, 1)
(40, 48, 71, 1)
(41, 48, 71, 1)
(42, 48, 71, 1)
(43, 48, 71, 1)
(44, 48, 71, 1)
(45, 48, 71, 1)
(46, 48, 71, 1)
(22, 49, 71, 1)
(24, 49, 71, 1)
(26, 49, 71, 1)
(28, 49, 71, 1)
(30, 49, 71, 1)
(32, 49, 71, 1)
(34, 49, 71, 1)
(36, 49, 71, 1)
(40, 49, 71, 1)
(42, 49, 71, 1)
(44, 49, 71, 1)
(46, 49, 71, 1)
(21, 50, 71, 1)
(24, 50, 71, 1)
(25, 50, 71, 1)
(27, 50, 71, 1)
(28, 50, 71, 1)
(30, 50, 71, 1)
(31, 50, 71, 1)
(33, 50, 71, 1)
(34, 50, 71, 1)
(37, 50, 71, 1)
(39, 50, 71, 1)
(40, 50, 71, 1)
(42, 50, 71, 1)
(45, 50, 71, 1)
(46, 50, 71, 1)
(48, 50, 71, 1)
(20, 51, 71, 1)
(22, 51, 71, 1)
(24, 51, 71, 1)
(28, 51, 71, 1)
(30, 51, 71, 1)
(32, 51, 71, 1)
(34, 51, 71, 1)
(38, 51, 71, 1)
(40, 51, 71, 1)
(42, 51, 71, 1)
(44, 51, 71, 1)
(48, 51, 71, 1)
(18, 52, 71, 1)
(19, 52, 71, 1)
(20, 52, 71, 1)
(21, 52, 71, 1)
(22, 52, 71, 1)
(23, 52, 71, 1)
(24, 52, 71, 1)
(25, 52, 71, 1)
(26, 52, 71, 1)
(27, 52, 71, 1)
(28, 52, 71, 1)
(29, 52, 71, 1)
(30, 52, 71, 1)
(31, 52, 71, 1)
(32, 52, 71, 1)
(34, 52, 71, 1)
(35, 52, 71, 1)
(36, 52, 71, 1)
(37, 52, 71, 1)
(38, 52, 71, 1)
(39, 52, 71, 1)
(40, 52, 71, 1)
(41, 52, 71, 1)
(42, 52, 71, 1)
(43, 52, 71, 1)
(44, 52, 71, 1)
(45, 52, 71, 1)
(46, 52, 71, 1)
(47, 52, 71, 1)
(48, 52, 71, 1)
(49, 52, 71, 1)
(50, 52, 71, 1)
(18, 53, 71, 1)
(22, 53, 71, 1)
(24, 53, 71, 1)
(28, 53, 71, 1)
(30, 53, 71, 1)
(34, 53, 71, 1)
(36, 53, 71, 1)
(40, 53, 71, 1)
(42, 53, 71, 1)
(46, 53, 71, 1)
(48, 53, 71, 1)
(16, 54, 71, 1)
(17, 54, 71, 1)
(18, 54, 71, 1)
(19, 54, 71, 1)
(21, 54, 71, 1)
(22, 54, 71, 1)
(23, 54, 71, 1)
(24, 54, 71, 1)
(25, 54, 71, 1)
(26, 54, 71, 1)
(27, 54, 71, 1)
(28, 54, 71, 1)
(29, 54, 71, 1)
(30, 54, 71, 1)
(31, 54, 71, 1)
(32, 54, 71, 1)
(33, 54, 71, 1)
(34, 54, 71, 1)
(35, 54, 71, 1)
(36, 54, 71, 1)
(38, 54, 71, 1)
(39, 54, 71, 1)
(40, 54, 71, 1)
(41, 54, 71, 1)
(42, 54, 71, 1)
(43, 54, 71, 1)
(44, 54, 71, 1)
(45, 54, 71, 1)
(46, 54, 71, 1)
(47, 54, 71, 1)
(48, 54, 71, 1)
(49, 54, 71, 1)
(50, 54, 71, 1)
(51, 54, 71, 1)
(52, 54, 71, 1)
(16, 55, 71, 1)
(18, 55, 71, 1)
(20, 55, 71, 1)
(22, 55, 71, 1)
(24, 55, 71, 1)
(26, 55, 71, 1)
(28, 55, 71, 1)
(30, 55, 71, 1)
(32, 55, 71, 1)
(34, 55, 71, 1)
(36, 55, 71, 1)
(38, 55, 71, 1)
(40, 55, 71, 1)
(42, 55, 71, 1)
(44, 55, 71, 1)
(46, 55, 71, 1)
(48, 55, 71, 1)
(50, 55, 71, 1)
(52, 55, 71, 1)
(15, 56, 71, 1)
(18, 56, 71, 1)
(19, 56, 71, 1)
(22, 56, 71, 1)
(24, 56, 71, 1)
(25, 56, 71, 1)
(27, 56, 71, 1)
(28, 56, 71, 1)
(30, 56, 71, 1)
(33, 56, 71, 1)
(34, 56, 71, 1)
(37, 56, 71, 1)
(39, 56, 71, 1)
(40, 56, 71, 1)
(42, 56, 71, 1)
(43, 56, 71, 1)
(45, 56, 71, 1)
(48, 56, 71, 1)
(49, 56, 71, 1)
(52, 56, 71, 1)
(54, 56, 71, 1)
(14, 57, 71, 1)
(16, 57, 71, 1)
(18, 57, 71, 1)
(20, 57, 71, 1)
(24, 57, 71, 1)
(26, 57, 71, 1)
(28, 57, 71, 1)
(30, 57, 71, 1)
(32, 57, 71, 1)
(34, 57, 71, 1)
(38, 57, 71, 1)
(40, 57, 71, 1)
(42, 57, 71, 1)
(44, 57, 71, 1)
(46, 57, 71, 1)
(48, 57, 71, 1)
(52, 57, 71, 1)
(54, 57, 71, 1)
(12, 58, 71, 1)
(13, 58, 71, 1)
(14, 58, 71, 1)
(15, 58, 71, 1)
(16, 58, 71, 1)
(17, 58, 71, 1)
(18, 58, 71, 1)
(20, 58, 71, 1)
(21, 58, 71, 1)
(22, 58, 71, 1)
(23, 58, 71, 1)
(24, 58, 71, 1)
(25, 58, 71, 1)
(26, 58, 71, 1)
(27, 58, 71, 1)
(28, 58, 71, 1)
(29, 58, 71, 1)
(30, 58, 71, 1)
(31, 58, 71, 1)
(33, 58, 71, 1)
(34, 58, 71, 1)
(35, 58, 71, 1)
(36, 58, 71, 1)
(37, 58, 71, 1)
(38, 58, 71, 1)
(39, 58, 71, 1)
(40, 58, 71, 1)
(41, 58, 71, 1)
(42, 58, 71, 1)
(43, 58, 71, 1)
(44, 58, 71, 1)
(46, 58, 71, 1)
(47, 58, 71, 1)
(48, 58, 71, 1)
(49, 58, 71, 1)
(50, 58, 71, 1)
(51, 58, 71, 1)
(52, 58, 71, 1)
(53, 58, 71, 1)
(54, 58, 71, 1)
(55, 58, 71, 1)
(56, 58, 71, 1)
(12, 59, 71, 1)
(16, 59, 71, 1)
(18, 59, 71, 1)
(22, 59, 71, 1)
(24, 59, 71, 1)
(28, 59, 71, 1)
(30, 59, 71, 1)
(34, 59, 71, 1)
(36, 59, 71, 1)
(40, 59, 71, 1)
(42, 59, 71, 1)
(46, 59, 71, 1)
(48, 59, 71, 1)
(52, 59, 71, 1)
(54, 59, 71, 1)
(10, 60, 71, 1)
(11, 60, 71, 1)
(12, 60, 71, 1)
(13, 60, 71, 1)
(14, 60, 71, 1)
(15, 60, 71, 1)
(17, 60, 71, 1)
(18, 60, 71, 1)
(19, 60, 71, 1)
(20, 60, 71, 1)
(21, 60, 71, 1)
(22, 60, 71, 1)
(23, 60, 71, 1)
(24, 60, 71, 1)
(25, 60, 71, 1)
(26, 60, 71, 1)
(28, 60, 71, 1)
(29, 60, 71, 1)
(30, 60, 71, 1)
(31, 60, 71, 1)
(32, 60, 71, 1)
(33, 60, 71, 1)
(34, 60, 71, 1)
(35, 60, 71, 1)
(36, 60, 71, 1)
(37, 60, 71, 1)
(39, 60, 71, 1)
(40, 60, 71, 1)
(41, 60, 71, 1)
(42, 60, 71, 1)
(43, 60, 71, 1)
(44, 60, 71, 1)
(45, 60, 71, 1)
(46, 60, 71, 1)
(47, 60, 71, 1)
(48, 60, 71, 1)
(50, 60, 71, 1)
(51, 60, 71, 1)
(52, 60, 71, 1)
(53, 60, 71, 1)
(54, 60, 71, 1)
(55, 60, 71, 1)
(56, 60, 71, 1)
(57, 60, 71, 1)
(58, 60, 71, 1)
(10, 61, 71, 1)
(12, 61, 71, 1)
(14, 61, 71, 1)
(18, 61, 71, 1)
(20, 61, 71, 1)
(22, 61, 71, 1)
(24, 61, 71, 1)
(28, 61, 71, 1)
(30, 61, 71, 1)
(32, 61, 71, 1)
(34, 61, 71, 1)
(38, 61, 71, 1)
(40, 61, 71, 1)
(42, 61, 71, 1)
(44, 61, 71, 1)
(48, 61, 71, 1)
(50, 61, 71, 1)
(52, 61, 71, 1)
(54, 61, 71, 1)
(58, 61, 71, 1)
(9, 62, 71, 1)
(10, 62, 71, 1)
(12, 62, 71, 1)
(13, 62, 71, 1)
(15, 62, 71, 1)
(16, 62, 71, 1)
(18, 62, 71, 1)
(19, 62, 71, 1)
(21, 62, 71, 1)
(22, 62, 71, 1)
(24, 62, 71, 1)
(25, 62, 71, 1)
(27, 62, 71, 1)
(28, 62, 71, 1)
(30, 62, 71, 1)
(31, 62, 71, 1)
(33, 62, 71, 1)
(34, 62, 71, 1)
(36, 62, 71, 1)
(37, 62, 71, 1)
(39, 62, 71, 1)
(40, 62, 71, 1)
(42, 62, 71, 1)
(43, 62, 71, 1)
(45, 62, 71, 1)
(46, 62, 71, 1)
(48, 62, 71, 1)
(49, 62, 71, 1)
(51, 62, 71, 1)
(52, 62, 71, 1)
(54, 62, 71, 1)
(55, 62, 71, 1)
(57, 62, 71, 1)
(58, 62, 71, 1)
(60, 62, 71, 1)
(8, 63, 71, 1)
(10, 63, 71, 1)
(12, 63, 71, 1)
(14, 63, 71, 1)
(16, 63, 71, 1)
(18, 63, 71, 1)
(20, 63, 71, 1)
(22, 63, 71, 1)
(24, 63, 71, 1)
(26, 63, 71, 1)
(28, 63, 71, 1)
(30, 63, 71, 1)
(32, 63, 71, 1)
(34, 63, 71, 1)
(36, 63, 71, 1)
(38, 63, 71, 1)
(40, 63, 71, 1)
(42, 63, 71, 1)
(44, 63, 71, 1)
(46, 63, 71, 1)
(48, 63, 71, 1)
(50, 63, 71, 1)
(52, 63, 71, 1)
(54, 63, 71, 1)
(56, 63, 71, 1)
(58, 63, 71, 1)
(60, 63, 71, 1)
(6, 64, 71, 1)
(7, 64, 71, 1)
(9, 64, 71, 1)
(10, 64, 71, 1)
(11, 64, 71, 1)
(12, 64, 71, 1)
(13, 64, 71, 1)
(14, 64, 71, 1)
(16, 64, 71, 1)
(17, 64, 71, 1)
(18, 64, 71, 1)
(19, 64, 71, 1)
(20, 64, 71, 1)
(21, 64, 71, 1)
(23, 64, 71, 1)
(24, 64, 71, 1)
(25, 64, 71, 1)
(26, 64, 71, 1)
(27, 64, 71, 1)
(28, 64, 71, 1)
(30, 64, 71, 1)
(31, 64, 71, 1)
(32, 64, 71, 1)
(33, 64, 71, 1)
(34, 64, 71, 1)
(35, 64, 71, 1)
(37, 64, 71, 1)
(38, 64, 71, 1)
(39, 64, 71, 1)
(40, 64, 71, 1)
(41, 64, 71, 1)
(42, 64, 71, 1)
(44, 64, 71, 1)
(45, 64, 71, 1)
(46, 64, 71, 1)
(47, 64, 71, 1)
(48, 64, 71, 1)
(49, 64, 71, 1)
(51, 64, 71, 1)
(52, 64, 71, 1)
(53, 64, 71, 1)
(54, 64, 71, 1)
(55, 64, 71, 1)
(56, 64, 71, 1)
(58, 64, 71, 1)
(59, 64, 71, 1)
(60, 64, 71, 1)
(61, 64, 71, 1)
(62, 64, 71, 1)
(6, 65, 71, 1)
(10, 65, 71, 1)
(12, 65, 71, 1)
(16, 65, 71, 1)
(18, 65, 71, 1)
(22, 65, 71, 1)
(24, 65, 71, 1)
(28, 65, 71, 1)
(30, 65, 71, 1)
(34, 65, 71, 1)
(36, 65, 71, 1)
(40, 65, 71, 1)
(42, 65, 71, 1)
(46, 65, 71, 1)
(48, 65, 71, 1)
(52, 65, 71, 1)
(54, 65, 71, 1)
(58, 65, 71, 1)
(60, 65, 71, 1)
(4, 66, 71, 1)
(5, 66, 71, 1)
(7, 66, 71, 1)
(8, 66, 71, 1)
(9, 66, 71, 1)
(10, 66, 71, 1)
(12, 66, 71, 1)
(13, 66, 71, 1)
(14, 66, 71, 1)
(15, 66, 71, 1)
(17, 66, 71, 1)
(18, 66, 71, 1)
(19, 66, 71, 1)
(20, 66, 71, 1)
(22, 66, 71, 1)
(23, 66, 71, 1)
(24, 66, 71, 1)
(25, 66, 71, 1)
(27, 66, 71, 1)
(28, 66, 71, 1)
(29, 66, 71, 1)
(30, 66, 71, 1)
(32, 66, 71, 1)
(33, 66, 71, 1)
(34, 66, 71, 1)
(35, 66, 71, 1)
(37, 66, 71, 1)
(38, 66, 71, 1)
(39, 66, 71, 1)
(40, 66, 71, 1)
(42, 66, 71, 1)
(43, 66, 71, 1)
(44, 66, 71, 1)
(45, 66, 71, 1)
(47, 66, 71, 1)
(48, 66, 71, 1)
(49, 66, 71, 1)
(50, 66, 71, 1)
(52, 66, 71, 1)
(53, 66, 71, 1)
(54, 66, 71, 1)
(55, 66, 71, 1)
(57, 66, 71, 1)
(58, 66, 71, 1)
(59, 66, 71, 1)
(60, 66, 71, 1)
(62, 66, 71, 1)
(63, 66, 71, 1)
(64, 66, 71, 1)
(4, 67, 71, 1)
(6, 67, 71, 1)
(8, 67, 71, 1)
(10, 67, 71, 1)
(12, 67, 71, 1)
(14, 67, 71, 1)
(16, 67, 71, 1)
(18, 67, 71, 1)
(20, 67, 71, 1)
(22, 67, 71, 1)
(24, 67, 71, 1)
(26, 67, 71, 1)
(28, 67, 71, 1)
(30, 67, 71, 1)
(32, 67, 71, 1)
(34, 67, 71, 1)
(36, 67, 71, 1)
(38, 67, 71, 1)
(40, 67, 71, 1)
(42, 67, 71, 1)
(44, 67, 71, 1)
(46, 67, 71, 1)
(48, 67, 71, 1)
(50, 67, 71, 1)
(52, 67, 71, 1)
(54, 67, 71, 1)
(56, 67, 71, 1)
(58, 67, 71, 1)
(60, 67, 71, 1)
(62, 67, 71, 1)
(64, 67, 71, 1)
(4, 68, 71, 1)
(6, 68, 71, 1)
(7, 68, 71, 1)
(9, 68, 71, 1)
(10, 68, 71, 1)
(12, 68, 71, 1)
(13, 68, 71, 1)
(15, 68, 71, 1)
(16, 68, 71, 1)
(18, 68, 71, 1)
(19, 68, 71, 1)
(21, 68, 71, 1)
(22, 68, 71, 1)
(24, 68, 71, 1)
(25, 68, 71, 1)
(27, 68, 71, 1)
(28, 68, 71, 1)
(30, 68, 71, 1)
(31, 68, 71, 1)
(33, 68, 71, 1)
(34, 68, 71, 1)
(36, 68, 71, 1)
(37, 68, 71, 1)
(39, 68, 71, 1)
(40, 68, 71, 1)
(42, 68, 71, 1)
(43, 68, 71, 1)
(45, 68, 71, 1)
(46, 68, 71, 1)
(48, 68, 71, 1)
(49, 68, 71, 1)
(51, 68, 71, 1)
(52, 68, 71, 1)
(54, 68, 71, 1)
(55, 68, 71, 1)
(57, 68, 71, 1)
(58, 68, 71, 1)
(60, 68, 71, 1)
(61, 68, 71, 1)
(63, 68, 71, 1)
(64, 68, 71, 1)
(66, 68, 71, 1)
(35, 38, 72, 1)
(34, 39, 72, 1)
(35, 40, 72, 1)
(34, 41, 72, 1)
(38, 41, 72, 1)
(31, 42, 72, 1)
(35, 42, 72, 1)
(30, 43, 72, 1)
(32, 43, 72, 1)
(34, 43, 72, 1)
(36, 43, 72, 1)
(38, 43, 72, 1)
(40, 43, 72, 1)
(31, 44, 72, 1)
(35, 44, 72, 1)
(39, 44, 72, 1)
(34, 45, 72, 1)
(38, 45, 72, 1)
(27, 46, 72, 1)
(29, 46, 72, 1)
(31, 46, 72, 1)
(35, 46, 72, 1)
(37, 46, 72, 1)
(39, 46, 72, 1)
(41, 46, 72, 1)
(43, 46, 72, 1)
(26, 47, 72, 1)
(28, 47, 72, 1)
(30, 47, 72, 1)
(34, 47, 72, 1)
(36, 47, 72, 1)
(38, 47, 72, 1)
(40, 47, 72, 1)
(44, 47, 72, 1)
(31, 48, 72, 1)
(35, 48, 72, 1)
(43, 48, 72, 1)
(30, 49, 72, 1)
(34, 49, 72, 1)
(38, 49, 72, 1)
(42, 49, 72, 1)
(46, 49, 72, 1)
(23, 50, 72, 1)
(25, 50, 72, 1)
(27, 50, 72, 1)
(29, 50, 72, 1)
(31, 50, 72, 1)
(33, 50, 72, 1)
(35, 50, 72, 1)
(37, 50, 72, 1)
(41, 50, 72, 1)
(43, 50, 72, 1)
(45, 50, 72, 1)
(47, 50, 72, 1)
(22, 51, 72, 1)
(26, 51, 72, 1)
(28, 51, 72, 1)
(32, 51, 72, 1)
(34, 51, 72, 1)
(38, 51, 72, 1)
(40, 51, 72, 1)
(46, 51, 72, 1)
(23, 52, 72, 1)
(31, 52, 72, 1)
(35, 52, 72, 1)
(39, 52, 72, 1)
(43, 52, 72, 1)
(22, 53, 72, 1)
(26, 53, 72, 1)
(30, 53, 72, 1)
(38, 53, 72, 1)
(42, 53, 72, 1)
(46, 53, 72, 1)
(50, 53, 72, 1)
(19, 54, 72, 1)
(23, 54, 72, 1)
(25, 54, 72, 1)
(29, 54, 72, 1)
(31, 54, 72, 1)
(35, 54, 72, 1)
(37, 54, 72, 1)
(41, 54, 72, 1)
(43, 54, 72, 1)
(47, 54, 72, 1)
(49, 54, 72, 1)
(18, 55, 72, 1)
(20, 55, 72, 1)
(22, 55, 72, 1)
(24, 55, 72, 1)
(26, 55, 72, 1)
(28, 55, 72, 1)
(30, 55, 72, 1)
(32, 55, 72, 1)
(34, 55, 72, 1)
(36, 55, 72, 1)
(40, 55, 72, 1)
(42, 55, 72, 1)
(44, 55, 72, 1)
(46, 55, 72, 1)
(48, 55, 72, 1)
(50, 55, 72, 1)
(52, 55, 72, 1)
(19, 56, 72, 1)
(23, 56, 72, 1)
(27, 56, 72, 1)
(31, 56, 72, 1)
(35, 56, 72, 1)
(39, 56, 72, 1)
(43, 56, 72, 1)
(47, 56, 72, 1)
(51, 56, 72, 1)
(26, 57, 72, 1)
(34, 57, 72, 1)
(38, 57, 72, 1)
(46, 57, 72, 1)
(50, 57, 72, 1)
(15, 58, 72, 1)
(17, 58, 72, 1)
(19, 58, 72, 1)
(21, 58, 72, 1)
(25, 58, 72, 1)
(27, 58, 72, 1)
(29, 58, 72, 1)
(31, 58, 72, 1)
(33, 58, 72, 1)
(35, 58, 72, 1)
(39, 58, 72, 1)
(41, 58, 72, 1)
(43, 58, 72, 1)
(45, 58, 72, 1)
(47, 58, 72, 1)
(49, 58, 72, 1)
(53, 58, 72, 1)
(55, 58, 72, 1)
(14, 59, 72, 1)
(16, 59, 72, 1)
(18, 59, 72, 1)
(22, 59, 72, 1)
(24, 59, 72, 1)
(26, 59, 72, 1)
(28, 59, 72, 1)
(30, 59, 72, 1)
(32, 59, 72, 1)
(34, 59, 72, 1)
(36, 59, 72, 1)
(38, 59, 72, 1)
(40, 59, 72, 1)
(42, 59, 72, 1)
(44, 59, 72, 1)
(48, 59, 72, 1)
(50, 59, 72, 1)
(52, 59, 72, 1)
(54, 59, 72, 1)
(56, 59, 72, 1)
(19, 60, 72, 1)
(23, 60, 72, 1)
(31, 60, 72, 1)
(35, 60, 72, 1)
(43, 60, 72, 1)
(47, 60, 72, 1)
(55, 60, 72, 1)
(14, 61, 72, 1)
(18, 61, 72, 1)
(22, 61, 72, 1)
(26, 61, 72, 1)
(30, 61, 72, 1)
(34, 61, 72, 1)
(38, 61, 72, 1)
(42, 61, 72, 1)
(46, 61, 72, 1)
(54, 61, 72, 1)
(58, 61, 72, 1)
(11, 62, 72, 1)
(13, 62, 72, 1)
(15, 62, 72, 1)
(19, 62, 72, 1)
(21, 62, 72, 1)
(23, 62, 72, 1)
(25, 62, 72, 1)
(29, 62, 72, 1)
(31, 62, 72, 1)
(33, 62, 72, 1)
(35, 62, 72, 1)
(39, 62, 72, 1)
(41, 62, 72, 1)
(43, 62, 72, 1)
(45, 62, 72, 1)
(49, 62, 72, 1)
(51, 62, 72, 1)
(53, 62, 72, 1)
(55, 62, 72, 1)
(59, 62, 72, 1)
(10, 63, 72, 1)
(14, 63, 72, 1)
(16, 63, 72, 1)
(20, 63, 72, 1)
(22, 63, 72, 1)
(26, 63, 72, 1)
(28, 63, 72, 1)
(32, 63, 72, 1)
(34, 63, 72, 1)
(38, 63, 72, 1)
(40, 63, 72, 1)
(44, 63, 72, 1)
(46, 63, 72, 1)
(50, 63, 72, 1)
(52, 63, 72, 1)
(56, 63, 72, 1)
(58, 63, 72, 1)
(11, 64, 72, 1)
(15, 64, 72, 1)
(19, 64, 72, 1)
(23, 64, 72, 1)
(27, 64, 72, 1)
(31, 64, 72, 1)
(35, 64, 72, 1)
(39, 64, 72, 1)
(43, 64, 72, 1)
(47, 64, 72, 1)
(51, 64, 72, 1)
(55, 64, 72, 1)
(59, 64, 72, 1)
(10, 65, 72, 1)
(14, 65, 72, 1)
(18, 65, 72, 1)
(22, 65, 72, 1)
(26, 65, 72, 1)
(34, 65, 72, 1)
(38, 65, 72, 1)
(42, 65, 72, 1)
(46, 65, 72, 1)
(50, 65, 72, 1)
(54, 65, 72, 1)
(62, 65, 72, 1)
(7, 66, 72, 1)
(11, 66, 72, 1)
(13, 66, 72, 1)
(17, 66, 72, 1)
(19, 66, 72, 1)
(23, 66, 72, 1)
(25, 66, 72, 1)
(29, 66, 72, 1)
(31, 66, 72, 1)
(35, 66, 72, 1)
(37, 66, 72, 1)
(41, 66, 72, 1)
(43, 66, 72, 1)
(47, 66, 72, 1)
(49, 66, 72, 1)
(53, 66, 72, 1)
(55, 66, 72, 1)
(59, 66, 72, 1)
(61, 66, 72, 1)
(6, 67, 72, 1)
(8, 67, 72, 1)
(10, 67, 72, 1)
(14, 67, 72, 1)
(16, 67, 72, 1)
(18, 67, 72, 1)
(20, 67, 72, 1)
(24, 67, 72, 1)
(26, 67, 72, 1)
(28, 67, 72, 1)
(30, 67, 72, 1)
(34, 67, 72, 1)
(36, 67, 72, 1)
(38, 67, 72, 1)
(40, 67, 72, 1)
(44, 67, 72, 1)
(46, 67, 72, 1)
(48, 67, 72, 1)
(50, 67, 72, 1)
(54, 67, 72, 1)
(56, 67, 72, 1)
(58, 67, 72, 1)
(60, 67, 72, 1)
(64, 67, 72, 1)
(7, 68, 72, 1)
(11, 68, 72, 1)
(15, 68, 72, 1)
(19, 68, 72, 1)
(23, 68, 72, 1)
(27, 68, 72, 1)
(31, 68, 72, 1)
(35, 68, 72, 1)
(39, 68, 72, 1)
(43, 68, 72, 1)
(47, 68, 72, 1)
(51, 68, 72, 1)
(55, 68, 72, 1)
(59, 68, 72, 1)
(63, 68, 72, 1)
(10, 69, 72, 1)
(14, 69, 72, 1)
(22, 69, 72, 1)
(26, 69, 72, 1)
(34, 69, 72, 1)
(38, 69, 72, 1)
(46, 69, 72, 1)
(50, 69, 72, 1)
(58, 69, 72, 1)
(62, 69, 72, 1)
(34, 38, 73, 1)
(35, 38, 73, 1)
(36, 38, 73, 1)
(34, 39, 73, 1)
(36, 39, 73, 1)
(35, 40, 73, 1)
(38, 40, 73, 1)
(34, 41, 73, 1)
(38, 41, 73, 1)
(30, 42, 73, 1)
(31, 42, 73, 1)
(32, 42, 73, 1)
(33, 42, 73, 1)
(34, 42, 73, 1)
(35, 42, 73, 1)
(36, 42, 73, 1)
(37, 42, 73, 1)
(38, 42, 73, 1)
(39, 42, 73, 1)
(40, 42, 73, 1)
(30, 43, 73, 1)
(32, 43, 73, 1)
(36, 43, 73, 1)
(30, 44, 73, 1)
(31, 44, 73, 1)
(34, 44, 73, 1)
(35, 44, 73, 1)
(38, 44, 73, 1)
(39, 44, 73, 1)
(42, 44, 73, 1)
(30, 45, 73, 1)
(34, 45, 73, 1)
(42, 45, 73, 1)
(26, 46, 73, 1)
(27, 46, 73, 1)
(29, 46, 73, 1)
(30, 46, 73, 1)
(32, 46, 73, 1)
(33, 46, 73, 1)
(35, 46, 73, 1)
(36, 46, 73, 1)
(38, 46, 73, 1)
(39, 46, 73, 1)
(41, 46, 73, 1)
(42, 46, 73, 1)
(44, 46, 73, 1)
(26, 47, 73, 1)
(28, 47, 73, 1)
(30, 47, 73, 1)
(32, 47, 73, 1)
(36, 47, 73, 1)
(38, 47, 73, 1)
(40, 47, 73, 1)
(42, 47, 73, 1)
(44, 47, 73, 1)
(26, 48, 73, 1)
(27, 48, 73, 1)
(30, 48, 73, 1)
(31, 48, 73, 1)
(34, 48, 73, 1)
(35, 48, 73, 1)
(39, 48, 73, 1)
(42, 48, 73, 1)
(46, 48, 73, 1)
(26, 49, 73, 1)
(30, 49, 73, 1)
(38, 49, 73, 1)
(42, 49, 73, 1)
(22, 50, 73, 1)
(23, 50, 73, 1)
(24, 50, 73, 1)
(25, 50, 73, 1)
(26, 50, 73, 1)
(28, 50, 73, 1)
(29, 50, 73, 1)
(30, 50, 73, 1)
(31, 50, 73, 1)
(32, 50, 73, 1)
(33, 50, 73, 1)
(34, 50, 73, 1)
(35, 50, 73, 1)
(36, 50, 73, 1)
(37, 50, 73, 1)
(38, 50, 73, 1)
(39, 50, 73, 1)
(40, 50, 73, 1)
(41, 50, 73, 1)
(42, 50, 73, 1)
(43, 50, 73, 1)
(44, 50, 73, 1)
(45, 50, 73, 1)
(46, 50, 73, 1)
(47, 50, 73, 1)
(48, 50, 73, 1)
(22, 51, 73, 1)
(24, 51, 73, 1)
(26, 51, 73, 1)
(28, 51, 73, 1)
(30, 51, 73, 1)
(32, 51, 73, 1)
(34, 51, 73, 1)
(36, 51, 73, 1)
(38, 51, 73, 1)
(42, 51, 73, 1)
(44, 51, 73, 1)
(46, 51, 73, 1)
(48, 51, 73, 1)
(23, 52, 73, 1)
(26, 52, 73, 1)
(27, 52, 73, 1)
(30, 52, 73, 1)
(35, 52, 73, 1)
(39, 52, 73, 1)
(42, 52, 73, 1)
(47, 52, 73, 1)
(50, 52, 73, 1)
(22, 53, 73, 1)
(26, 53, 73, 1)
(30, 53, 73, 1)
(34, 53, 73, 1)
(42, 53, 73, 1)
(46, 53, 73, 1)
(50, 53, 73, 1)
(18, 54, 73, 1)
(19, 54, 73, 1)
(20, 54, 73, 1)
(21, 54, 73, 1)
(22, 54, 73, 1)
(23, 54, 73, 1)
(24, 54, 73, 1)
(25, 54, 73, 1)
(26, 54, 73, 1)
(27, 54, 73, 1)
(28, 54, 73, 1)
(29, 54, 73, 1)
(30, 54, 73, 1)
(31, 54, 73, 1)
(32, 54, 73, 1)
(33, 54, 73, 1)
(34, 54, 73, 1)
(36, 54, 73, 1)
(37, 54, 73, 1)
(38, 54, 73, 1)
(39, 54, 73, 1)
(40, 54, 73, 1)
(41, 54, 73, 1)
(42, 54, 73, 1)
(43, 54, 73, 1)
(44, 54, 73, 1)
(45, 54, 73, 1)
(46, 54, 73, 1)
(47, 54, 73, 1)
(48, 54, 73, 1)
(49, 54, 73, 1)
(50, 54, 73, 1)
(51, 54, 73, 1)
(52, 54, 73, 1)
(18, 55, 73, 1)
(20, 55, 73, 1)
(24, 55, 73, 1)
(26, 55, 73, 1)
(30, 55, 73, 1)
(32, 55, 73, 1)
(36, 55, 73, 1)
(38, 55, 73, 1)
(42, 55, 73, 1)
(44, 55, 73, 1)
(48, 55, 73, 1)
(50, 55, 73, 1)
(18, 56, 73, 1)
(19, 56, 73, 1)
(23, 56, 73, 1)
(26, 56, 73, 1)
(27, 56, 73, 1)
(30, 56, 73, 1)
(31, 56, 73, 1)
(34, 56, 73, 1)
(35, 56, 73, 1)
(38, 56, 73, 1)
(42, 56, 73, 1)
(43, 56, 73, 1)
(46, 56, 73, 1)
(47, 56, 73, 1)
(50, 56, 73, 1)
(51, 56, 73, 1)
(54, 56, 73, 1)
(18, 57, 73, 1)
(22, 57, 73, 1)
(26, 57, 73, 1)
(30, 57, 73, 1)
(34, 57, 73, 1)
(38, 57, 73, 1)
(42, 57, 73, 1)
(46, 57, 73, 1)
(50, 57, 73, 1)
(54, 57, 73, 1)
(14, 58, 73, 1)
(15, 58, 73, 1)
(17, 58, 73, 1)
(20, 58, 73, 1)
(21, 58, 73, 1)
(24, 58, 73, 1)
(26, 58, 73, 1)
(27, 58, 73, 1)
(29, 58, 73, 1)
(30, 58, 73, 1)
(32, 58, 73, 1)
(35, 58, 73, 1)
(36, 58, 73, 1)
(39, 58, 73, 1)
(41, 58, 73, 1)
(42, 58, 73, 1)
(44, 58, 73, 1)
(45, 58, 73, 1)
(47, 58, 73, 1)
(50, 58, 73, 1)
(51, 58, 73, 1)
(54, 58, 73, 1)
(56, 58, 73, 1)
(14, 59, 73, 1)
(16, 59, 73, 1)
(18, 59, 73, 1)
(20, 59, 73, 1)
(22, 59, 73, 1)
(26, 59, 73, 1)
(28, 59, 73, 1)
(30, 59, 73, 1)
(32, 59, 73, 1)
(34, 59, 73, 1)
(36, 59, 73, 1)
(40, 59, 73, 1)
(42, 59, 73, 1)
(44, 59, 73, 1)
(46, 59, 73, 1)
(48, 59, 73, 1)
(50, 59, 73, 1)
(54, 59, 73, 1)
(56, 59, 73, 1)
(14, 60, 73, 1)
(15, 60, 73, 1)
(18, 60, 73, 1)
(19, 60, 73, 1)
(22, 60, 73, 1)
(23, 60, 73, 1)
(26, 60, 73, 1)
(27, 60, 73, 1)
(30, 60, 73, 1)
(31, 60, 73, 1)
(35, 60, 73, 1)
(38, 60, 73, 1)
(39, 60, 73, 1)
(42, 60, 73, 1)
(43, 60, 73, 1)
(46, 60, 73, 1)
(50, 60, 73, 1)
(51, 60, 73, 1)
(54, 60, 73, 1)
(55, 60, 73, 1)
(58, 60, 73, 1)
(14, 61, 73, 1)
(18, 61, 73, 1)
(26, 61, 73, 1)
(30, 61, 73, 1)
(38, 61, 73, 1)
(42, 61, 73, 1)
(50, 61, 73, 1)
(54, 61, 73, 1)
(10, 62, 73, 1)
(11, 62, 73, 1)
(12, 62, 73, 1)
(13, 62, 73, 1)
(14, 62, 73, 1)
(15, 62, 73, 1)
(16, 62, 73, 1)
(17, 62, 73, 1)
(19, 62, 73, 1)
(20, 62, 73, 1)
(21, 62, 73, 1)
(22, 62, 73, 1)
(23, 62, 73, 1)
(24, 62, 73, 1)
(25, 62, 73, 1)
(26, 62, 73, 1)
(27, 62, 73, 1)
(28, 62, 73, 1)
(30, 62, 73, 1)
(31, 62, 73, 1)
(32, 62, 73, 1)
(33, 62, 73, 1)
(34, 62, 73, 1)
(35, 62, 73, 1)
(36, 62, 73, 1)
(37, 62, 73, 1)
(38, 62, 73, 1)
(39, 62, 73, 1)
(41, 62, 73, 1)
(42, 62, 73, 1)
(43, 62, 73, 1)
(44, 62, 73, 1)
(45, 62, 73, 1)
(46, 62, 73, 1)
(47, 62, 73, 1)
(48, 62, 73, 1)
(49, 62, 73, 1)
(50, 62, 73, 1)
(52, 62, 73, 1)
(53, 62, 73, 1)
(54, 62, 73, 1)
(55, 62, 73, 1)
(56, 62, 73, 1)
(57, 62, 73, 1)
(58, 62, 73, 1)
(59, 62, 73, 1)
(60, 62, 73, 1)
(10, 63, 73, 1)
(12, 63, 73, 1)
(14, 63, 73, 1)
(16, 63, 73, 1)
(20, 63, 73, 1)
(22, 63, 73, 1)
(24, 63, 73, 1)
(26, 63, 73, 1)
(30, 63, 73, 1)
(32, 63, 73, 1)
(34, 63, 73, 1)
(36, 63, 73, 1)
(40, 63, 73, 1)
(42, 63, 73, 1)
(44, 63, 73, 1)
(46, 63, 73, 1)
(50, 63, 73, 1)
(52, 63, 73, 1)
(54, 63, 73, 1)
(56, 63, 73, 1)
(60, 63, 73, 1)
(11, 64, 73, 1)
(14, 64, 73, 1)
(15, 64, 73, 1)
(18, 64, 73, 1)
(23, 64, 73, 1)
(26, 64, 73, 1)
(27, 64, 73, 1)
(30, 64, 73, 1)
(35, 64, 73, 1)
(38, 64, 73, 1)
(39, 64, 73, 1)
(42, 64, 73, 1)
(47, 64, 73, 1)
(50, 64, 73, 1)
(51, 64, 73, 1)
(54, 64, 73, 1)
(59, 64, 73, 1)
(62, 64, 73, 1)
(10, 65, 73, 1)
(14, 65, 73, 1)
(18, 65, 73, 1)
(22, 65, 73, 1)
(26, 65, 73, 1)
(30, 65, 73, 1)
(34, 65, 73, 1)
(38, 65, 73, 1)
(42, 65, 73, 1)
(46, 65, 73, 1)
(50, 65, 73, 1)
(54, 65, 73, 1)
(58, 65, 73, 1)
(62, 65, 73, 1)
(6, 66, 73, 1)
(7, 66, 73, 1)
(8, 66, 73, 1)
(9, 66, 73, 1)
(11, 66, 73, 1)
(12, 66, 73, 1)
(13, 66, 73, 1)
(14, 66, 73, 1)
(15, 66, 73, 1)
(16, 66, 73, 1)
(18, 66, 73, 1)
(19, 66, 73, 1)
(20, 66, 73, 1)
(21, 66, 73, 1)
(22, 66, 73, 1)
(23, 66, 73, 1)
(25, 66, 73, 1)
(26, 66, 73, 1)
(27, 66, 73, 1)
(28, 66, 73, 1)
(29, 66, 73, 1)
(30, 66, 73, 1)
(32, 66, 73, 1)
(33, 66, 73, 1)
(34, 66, 73, 1)
(35, 66, 73, 1)
(36, 66, 73, 1)
(37, 66, 73, 1)
(39, 66, 73, 1)
(40, 66, 73, 1)
(41, 66, 73, 1)
(42, 66, 73, 1)
(43, 66, 73, 1)
(44, 66, 73, 1)
(46, 66, 73, 1)
(47, 66, 73, 1)
(48, 66, 73, 1)
(49, 66, 73, 1)
(50, 66, 73, 1)
(51, 66, 73, 1)
(53, 66, 73, 1)
(54, 66, 73, 1)
(55, 66, 73, 1)
(56, 66, 73, 1)
(57, 66, 73, 1)
(58, 66, 73, 1)
(60, 66, 73, 1)
(61, 66, 73, 1)
(62, 66, 73, 1)
(63, 66, 73, 1)
(64, 66, 73, 1)
(6, 67, 73, 1)
(8, 67, 73, 1)
(12, 67, 73, 1)
(14, 67, 73, 1)
(18, 67, 73, 1)
(20, 67, 73, 1)
(24, 67, 73, 1)
(26, 67, 73, 1)
(30, 67, 73, 1)
(32, 67, 73, 1)
(36, 67, 73, 1)
(38, 67, 73, 1)
(42, 67, 73, 1)
(44, 67, 73, 1)
(48, 67, 73, 1)
(50, 67, 73, 1)
(54, 67, 73, 1)
(56, 67, 73, 1)
(60, 67, 73, 1)
(62, 67, 73, 1)
(6, 68, 73, 1)
(7, 68, 73, 1)
(10, 68, 73, 1)
(11, 68, 73, 1)
(14, 68, 73, 1)
(15, 68, 73, 1)
(19, 68, 73, 1)
(22, 68, 73, 1)
(26, 68, 73, 1)
(27, 68, 73, 1)
(30, 68, 73, 1)
(31, 68, 73, 1)
(34, 68, 73, 1)
(35, 68, 73, 1)
(39, 68, 73, 1)
(42, 68, 73, 1)
(46, 68, 73, 1)
(47, 68, 73, 1)
(50, 68, 73, 1)
(51, 68, 73, 1)
(54, 68, 73, 1)
(55, 68, 73, 1)
(59, 68, 73, 1)
(62, 68, 73, 1)
(66, 68, 73, 1)
(6, 69, 73, 1)
(10, 69, 73, 1)
(14, 69, 73, 1)
(18, 69, 73, 1)
(22, 69, 73, 1)
(26, 69, 73, 1)
(30, 69, 73, 1)
(34, 69, 73, 1)
(38, 69, 73, 1)
(42, 69, 73, 1)
(46, 69, 73, 1)
(50, 69, 73, 1)
(54, 69, 73, 1)
(58, 69, 73, 1)
(62, 69, 73, 1)
(66, 69, 73, 1)
(5, 70, 73, 1)
(6, 70, 73, 1)
(8, 70, 73, 1)
(9, 70, 73, 1)
(11, 70, 73, 1)
(12, 70, 73, 1)
(14, 70, 73, 1)
(15, 70, 73, 1)
(17, 70, 73, 1)
(18, 70, 73, 1)
(20, 70, 73, 1)
(21, 70, 73, 1)
(23, 70, 73, 1)
(24, 70, 73, 1)
(26, 70, 73, 1)
(27, 70, 73, 1)
(29, 70, 73, 1)
(30, 70, 73, 1)
(32, 70, 73, 1)
(33, 70, 73, 1)
(35, 70, 73, 1)
(36, 70, 73, 1)
(38, 70, 73, 1)
(39, 70, 73, 1)
(41, 70, 73, 1)
(42, 70, 73, 1)
(44, 70, 73, 1)
(45, 70, 73, 1)
(47, 70, 73, 1)
(48, 70, 73, 1)
(50, 70, 73, 1)
(51, 70, 73, 1)
(53, 70, 73, 1)
(54, 70, 73, 1)
(56, 70, 73, 1)
(57, 70, 73, 1)
(59, 70, 73, 1)
(60, 70, 73, 1)
(62, 70, 73, 1)
(63, 70, 73, 1)
(65, 70, 73, 1)
(66, 70, 73, 1)
(68, 70, 73, 1)
(36, 39, 74, 1)
(35, 40, 74, 1)
(37, 40, 74, 1)
(34, 41, 74, 1)
(36, 41, 74, 1)
(33, 42, 74, 1)
(35, 42, 74, 1)
(37, 42, 74, 1)
(39, 42, 74, 1)
(32, 43, 74, 1)
(34, 43, 74, 1)
(36, 43, 74, 1)
(38, 43, 74, 1)
(40, 43, 74, 1)
(31, 44, 74, 1)
(33, 44, 74, 1)
(37, 44, 74, 1)
(30, 45, 74, 1)
(32, 45, 74, 1)
(34, 45, 74, 1)
(36, 45, 74, 1)
(38, 45, 74, 1)
(40, 45, 74, 1)
(42, 45, 74, 1)
(29, 46, 74, 1)
(31, 46, 74, 1)
(33, 46, 74, 1)
(35, 46, 74, 1)
(37, 46, 74, 1)
(41, 46, 74, 1)
(43, 46, 74, 1)
(28, 47, 74, 1)
(30, 47, 74, 1)
(34, 47, 74, 1)
(36, 47, 74, 1)
(40, 47, 74, 1)
(42, 47, 74, 1)
(27, 48, 74, 1)
(29, 48, 74, 1)
(31, 48, 74, 1)
(33, 48, 74, 1)
(37, 48, 74, 1)
(39, 48, 74, 1)
(41, 48, 74, 1)
(43, 48, 74, 1)
(45, 48, 74, 1)
(26, 49, 74, 1)
(28, 49, 74, 1)
(30, 49, 74, 1)
(32, 49, 74, 1)
(36, 49, 74, 1)
(38, 49, 74, 1)
(40, 49, 74, 1)
(42, 49, 74, 1)
(46, 49, 74, 1)
(25, 50, 74, 1)
(27, 50, 74, 1)
(31, 50, 74, 1)
(33, 50, 74, 1)
(37, 50, 74, 1)
(39, 50, 74, 1)
(43, 50, 74, 1)
(45, 50, 74, 1)
(24, 51, 74, 1)
(26, 51, 74, 1)
(30, 51, 74, 1)
(32, 51, 74, 1)
(34, 51, 74, 1)
(36, 51, 74, 1)
(38, 51, 74, 1)
(40, 51, 74, 1)
(42, 51, 74, 1)
(44, 51, 74, 1)
(46, 51, 74, 1)
(48, 51, 74, 1)
(23, 52, 74, 1)
(25, 52, 74, 1)
(27, 52, 74, 1)
(29, 52, 74, 1)
(31, 52, 74, 1)
(33, 52, 74, 1)
(35, 52, 74, 1)
(37, 52, 74, 1)
(39, 52, 74, 1)
(43, 52, 74, 1)
(45, 52, 74, 1)
(47, 52, 74, 1)
(49, 52, 74, 1)
(22, 53, 74, 1)
(24, 53, 74, 1)
(28, 53, 74, 1)
(30, 53, 74, 1)
(34, 53, 74, 1)
(36, 53, 74, 1)
(40, 53, 74, 1)
(42, 53, 74, 1)
(48, 53, 74, 1)
(21, 54, 74, 1)
(23, 54, 74, 1)
(25, 54, 74, 1)
(27, 54, 74, 1)
(31, 54, 74, 1)
(33, 54, 74, 1)
(35, 54, 74, 1)
(37, 54, 74, 1)
(41, 54, 74, 1)
(43, 54, 74, 1)
(45, 54, 74, 1)
(47, 54, 74, 1)
(51, 54, 74, 1)
(20, 55, 74, 1)
(22, 55, 74, 1)
(24, 55, 74, 1)
(26, 55, 74, 1)
(28, 55, 74, 1)
(30, 55, 74, 1)
(32, 55, 74, 1)
(34, 55, 74, 1)
(38, 55, 74, 1)
(40, 55, 74, 1)
(42, 55, 74, 1)
(44, 55, 74, 1)
(46, 55, 74, 1)
(48, 55, 74, 1)
(50, 55, 74, 1)
(52, 55, 74, 1)
(19, 56, 74, 1)
(21, 56, 74, 1)
(25, 56, 74, 1)
(27, 56, 74, 1)
(31, 56, 74, 1)
(33, 56, 74, 1)
(37, 56, 74, 1)
(39, 56, 74, 1)
(43, 56, 74, 1)
(45, 56, 74, 1)
(49, 56, 74, 1)
(51, 56, 74, 1)
(18, 57, 74, 1)
(20, 57, 74, 1)
(22, 57, 74, 1)
(24, 57, 74, 1)
(26, 57, 74, 1)
(28, 57, 74, 1)
(30, 57, 74, 1)
(32, 57, 74, 1)
(34, 57, 74, 1)
(36, 57, 74, 1)
(38, 57, 74, 1)
(42, 57, 74, 1)
(44, 57, 74, 1)
(46, 57, 74, 1)
(48, 57, 74, 1)
(50, 57, 74, 1)
(52, 57, 74, 1)
(54, 57, 74, 1)
(17, 58, 74, 1)
(19, 58, 74, 1)
(21, 58, 74, 1)
(23, 58, 74, 1)
(25, 58, 74, 1)
(27, 58, 74, 1)
(29, 58, 74, 1)
(31, 58, 74, 1)
(33, 58, 74, 1)
(35, 58, 74, 1)
(37, 58, 74, 1)
(39, 58, 74, 1)
(41, 58, 74, 1)
(43, 58, 74, 1)
(45, 58, 74, 1)
(47, 58, 74, 1)
(49, 58, 74, 1)
(51, 58, 74, 1)
(53, 58, 74, 1)
(55, 58, 74, 1)
(16, 59, 74, 1)
(18, 59, 74, 1)
(22, 59, 74, 1)
(28, 59, 74, 1)
(30, 59, 74, 1)
(36, 59, 74, 1)
(40, 59, 74, 1)
(42, 59, 74, 1)
(46, 59, 74, 1)
(48, 59, 74, 1)
(52, 59, 74, 1)
(15, 60, 74, 1)
(17, 60, 74, 1)
(19, 60, 74, 1)
(21, 60, 74, 1)
(23, 60, 74, 1)
(27, 60, 74, 1)
(29, 60, 74, 1)
(31, 60, 74, 1)
(33, 60, 74, 1)
(35, 60, 74, 1)
(37, 60, 74, 1)
(41, 60, 74, 1)
(43, 60, 74, 1)
(45, 60, 74, 1)
(47, 60, 74, 1)
(49, 60, 74, 1)
(51, 60, 74, 1)
(55, 60, 74, 1)
(57, 60, 74, 1)
(14, 61, 74, 1)
(16, 61, 74, 1)
(18, 61, 74, 1)
(20, 61, 74, 1)
(24, 61, 74, 1)
(26, 61, 74, 1)
(28, 61, 74, 1)
(30, 61, 74, 1)
(32, 61, 74, 1)
(34, 61, 74, 1)
(36, 61, 74, 1)
(38, 61, 74, 1)
(40, 61, 74, 1)
(42, 61, 74, 1)
(44, 61, 74, 1)
(46, 61, 74, 1)
(50, 61, 74, 1)
(52, 61, 74, 1)
(54, 61, 74, 1)
(56, 61, 74, 1)
(58, 61, 74, 1)
(13, 62, 74, 1)
(15, 62, 74, 1)
(19, 62, 74, 1)
(21, 62, 74, 1)
(25, 62, 74, 1)
(27, 62, 74, 1)
(31, 62, 74, 1)
(33, 62, 74, 1)
(37, 62, 74, 1)
(39, 62, 74, 1)
(43, 62, 74, 1)
(45, 62, 74, 1)
(49, 62, 74, 1)
(51, 62, 74, 1)
(55, 62, 74, 1)
(57, 62, 74, 1)
(12, 63, 74, 1)
(14, 63, 74, 1)
(16, 63, 74, 1)
(18, 63, 74, 1)
(20, 63, 74, 1)
(22, 63, 74, 1)
(24, 63, 74, 1)
(26, 63, 74, 1)
(28, 63, 74, 1)
(32, 63, 74, 1)
(34, 63, 74, 1)
(36, 63, 74, 1)
(38, 63, 74, 1)
(40, 63, 74, 1)
(42, 63, 74, 1)
(44, 63, 74, 1)
(46, 63, 74, 1)
(48, 63, 74, 1)
(50, 63, 74, 1)
(54, 63, 74, 1)
(56, 63, 74, 1)
(58, 63, 74, 1)
(60, 63, 74, 1)
(11, 64, 74, 1)
(13, 64, 74, 1)
(15, 64, 74, 1)
(17, 64, 74, 1)
(21, 64, 74, 1)
(23, 64, 74, 1)
(25, 64, 74, 1)
(27, 64, 74, 1)
(31, 64, 74, 1)
(33, 64, 74, 1)
(35, 64, 74, 1)
(37, 64, 74, 1)
(41, 64, 74, 1)
(43, 64, 74, 1)
(45, 64, 74, 1)
(47, 64, 74, 1)
(51, 64, 74, 1)
(53, 64, 74, 1)
(55, 64, 74, 1)
(57, 64, 74, 1)
(61, 64, 74, 1)
(10, 65, 74, 1)
(12, 65, 74, 1)
(16, 65, 74, 1)
(18, 65, 74, 1)
(22, 65, 74, 1)
(24, 65, 74, 1)
(28, 65, 74, 1)
(30, 65, 74, 1)
(34, 65, 74, 1)
(36, 65, 74, 1)
(40, 65, 74, 1)
(42, 65, 74, 1)
(46, 65, 74, 1)
(48, 65, 74, 1)
(52, 65, 74, 1)
(54, 65, 74, 1)
(58, 65, 74, 1)
(60, 65, 74, 1)
(9, 66, 74, 1)
(11, 66, 74, 1)
(13, 66, 74, 1)
(15, 66, 74, 1)
(17, 66, 74, 1)
(19, 66, 74, 1)
(21, 66, 74, 1)
(23, 66, 74, 1)
(25, 66, 74, 1)
(27, 66, 74, 1)
(29, 66, 74, 1)
(31, 66, 74, 1)
(33, 66, 74, 1)
(35, 66, 74, 1)
(37, 66, 74, 1)
(39, 66, 74, 1)
(41, 66, 74, 1)
(43, 66, 74, 1)
(45, 66, 74, 1)
(47, 66, 74, 1)
(49, 66, 74, 1)
(51, 66, 74, 1)
(53, 66, 74, 1)
(55, 66, 74, 1)
(57, 66, 74, 1)
(59, 66, 74, 1)
(61, 66, 74, 1)
(63, 66, 74, 1)
(8, 67, 74, 1)
(10, 67, 74, 1)
(12, 67, 74, 1)
(14, 67, 74, 1)
(16, 67, 74, 1)
(20, 67, 74, 1)
(22, 67, 74, 1)
(24, 67, 74, 1)
(26, 67, 74, 1)
(28, 67, 74, 1)
(30, 67, 74, 1)
(34, 67, 74, 1)
(36, 67, 74, 1)
(38, 67, 74, 1)
(40, 67, 74, 1)
(42, 67, 74, 1)
(44, 67, 74, 1)
(48, 67, 74, 1)
(50, 67, 74, 1)
(52, 67, 74, 1)
(54, 67, 74, 1)
(56, 67, 74, 1)
(58, 67, 74, 1)
(62, 67, 74, 1)
(64, 67, 74, 1)
(7, 68, 74, 1)
(9, 68, 74, 1)
(13, 68, 74, 1)
(15, 68, 74, 1)
(19, 68, 74, 1)
(21, 68, 74, 1)
(25, 68, 74, 1)
(27, 68, 74, 1)
(31, 68, 74, 1)
(33, 68, 74, 1)
(37, 68, 74, 1)
(39, 68, 74, 1)
(43, 68, 74, 1)
(45, 68, 74, 1)
(49, 68, 74, 1)
(51, 68, 74, 1)
(55, 68, 74, 1)
(57, 68, 74, 1)
(61, 68, 74, 1)
(63, 68, 74, 1)
(6, 69, 74, 1)
(8, 69, 74, 1)
(10, 69, 74, 1)
(12, 69, 74, 1)
(16, 69, 74, 1)
(18, 69, 74, 1)
(20, 69, 74, 1)
(22, 69, 74, 1)
(26, 69, 74, 1)
(28, 69, 74, 1)
(30, 69, 74, 1)
(32, 69, 74, 1)
(36, 69, 74, 1)
(38, 69, 74, 1)
(40, 69, 74, 1)
(42, 69, 74, 1)
(46, 69, 74, 1)
(48, 69, 74, 1)
(50, 69, 74, 1)
(52, 69, 74, 1)
(56, 69, 74, 1)
(58, 69, 74, 1)
(60, 69, 74, 1)
(62, 69, 74, 1)
(66, 69, 74, 1)
(5, 70, 74, 1)
(7, 70, 74, 1)
(9, 70, 74, 1)
(11, 70, 74, 1)
(13, 70, 74, 1)
(15, 70, 74, 1)
(17, 70, 74, 1)
(19, 70, 74, 1)
(21, 70, 74, 1)
(23, 70, 74, 1)
(25, 70, 74, 1)
(27, 70, 74, 1)
(29, 70, 74, 1)
(31, 70, 74, 1)
(33, 70, 74, 1)
(35, 70, 74, 1)
(37, 70, 74, 1)
(39, 70, 74, 1)
(41, 70, 74, 1)
(43, 70, 74, 1)
(45, 70, 74, 1)
(47, 70, 74, 1)
(49, 70, 74, 1)
(51, 70, 74, 1)
(53, 70, 74, 1)
(55, 70, 74, 1)
(57, 70, 74, 1)
(59, 70, 74, 1)
(61, 70, 74, 1)
(63, 70, 74, 1)
(65, 70, 74, 1)
(67, 70, 74, 1)
(4, 71, 74, 1)
(6, 71, 74, 1)
(10, 71, 74, 1)
(12, 71, 74, 1)
(16, 71, 74, 1)
(18, 71, 74, 1)
(22, 71, 74, 1)
(24, 71, 74, 1)
(28, 71, 74, 1)
(30, 71, 74, 1)
(34, 71, 74, 1)
(36, 71, 74, 1)
(40, 71, 74, 1)
(42, 71, 74, 1)
(46, 71, 74, 1)
(48, 71, 74, 1)
(52, 71, 74, 1)
(54, 71, 74, 1)
(58, 71, 74, 1)
(60, 71, 74, 1)
(64, 71, 74, 1)
(66, 71, 74, 1)
(36, 38, 75, 1)
(34, 40, 75, 1)
(36, 40, 75, 1)
(37, 40, 75, 1)
(38, 40, 75, 1)
(34, 41, 75, 1)
(36, 41, 75, 1)
(38, 41, 75, 1)
(32, 42, 75, 1)
(34, 42, 75, 1)
(35, 42, 75, 1)
(37, 42, 75, 1)
(38, 42, 75, 1)
(40, 42, 75, 1)
(32, 43, 75, 1)
(34, 43, 75, 1)
(36, 43, 75, 1)
(38, 43, 75, 1)
(40, 43, 75, 1)
(30, 44, 75, 1)
(31, 44, 75, 1)
(32, 44, 75, 1)
(33, 44, 75, 1)
(34, 44, 75, 1)
(35, 44, 75, 1)
(36, 44, 75, 1)
(37, 44, 75, 1)
(38, 44, 75, 1)
(39, 44, 75, 1)
(40, 44, 75, 1)
(41, 44, 75, 1)
(42, 44, 75, 1)
(32, 45, 75, 1)
(34, 45, 75, 1)
(38, 45, 75, 1)
(28, 46, 75, 1)
(29, 46, 75, 1)
(30, 46, 75, 1)
(31, 46, 75, 1)
(32, 46, 75, 1)
(33, 46, 75, 1)
(34, 46, 75, 1)
(35, 46, 75, 1)
(36, 46, 75, 1)
(37, 46, 75, 1)
(38, 46, 75, 1)
(39, 46, 75, 1)
(40, 46, 75, 1)
(41, 46, 75, 1)
(42, 46, 75, 1)
(43, 46, 75, 1)
(44, 46, 75, 1)
(28, 47, 75, 1)
(30, 47, 75, 1)
(32, 47, 75, 1)
(34, 47, 75, 1)
(36, 47, 75, 1)
(38, 47, 75, 1)
(42, 47, 75, 1)
(44, 47, 75, 1)
(26, 48, 75, 1)
(28, 48, 75, 1)
(29, 48, 75, 1)
(31, 48, 75, 1)
(32, 48, 75, 1)
(34, 48, 75, 1)
(35, 48, 75, 1)
(37, 48, 75, 1)
(38, 48, 75, 1)
(40, 48, 75, 1)
(41, 48, 75, 1)
(43, 48, 75, 1)
(44, 48, 75, 1)
(46, 48, 75, 1)
(26, 49, 75, 1)
(28, 49, 75, 1)
(30, 49, 75, 1)
(32, 49, 75, 1)
(34, 49, 75, 1)
(38, 49, 75, 1)
(40, 49, 75, 1)
(42, 49, 75, 1)
(44, 49, 75, 1)
(46, 49, 75, 1)
(26, 50, 75, 1)
(27, 50, 75, 1)
(28, 50, 75, 1)
(29, 50, 75, 1)
(31, 50, 75, 1)
(32, 50, 75, 1)
(33, 50, 75, 1)
(34, 50, 75, 1)
(36, 50, 75, 1)
(37, 50, 75, 1)
(38, 50, 75, 1)
(39, 50, 75, 1)
(41, 50, 75, 1)
(42, 50, 75, 1)
(43, 50, 75, 1)
(44, 50, 75, 1)
(46, 50, 75, 1)
(47, 50, 75, 1)
(48, 50, 75, 1)
(26, 51, 75, 1)
(28, 51, 75, 1)
(32, 51, 75, 1)
(34, 51, 75, 1)
(38, 51, 75, 1)
(40, 51, 75, 1)
(44, 51, 75, 1)
(46, 51, 75, 1)
(22, 52, 75, 1)
(23, 52, 75, 1)
(24, 52, 75, 1)
(25, 52, 75, 1)
(26, 52, 75, 1)
(27, 52, 75, 1)
(28, 52, 75, 1)
(30, 52, 75, 1)
(31, 52, 75, 1)
(32, 52, 75, 1)
(33, 52, 75, 1)
(34, 52, 75, 1)
(35, 52, 75, 1)
(36, 52, 75, 1)
(37, 52, 75, 1)
(38, 52, 75, 1)
(39, 52, 75, 1)
(40, 52, 75, 1)
(41, 52, 75, 1)
(42, 52, 75, 1)
(43, 52, 75, 1)
(44, 52, 75, 1)
(45, 52, 75, 1)
(46, 52, 75, 1)
(47, 52, 75, 1)
(48, 52, 75, 1)
(49, 52, 75, 1)
(50, 52, 75, 1)
(22, 53, 75, 1)
(24, 53, 75, 1)
(26, 53, 75, 1)
(28, 53, 75, 1)
(30, 53, 75, 1)
(32, 53, 75, 1)
(34, 53, 75, 1)
(36, 53, 75, 1)
(38, 53, 75, 1)
(40, 53, 75, 1)
(44, 53, 75, 1)
(46, 53, 75, 1)
(48, 53, 75, 1)
(50, 53, 75, 1)
(20, 54, 75, 1)
(22, 54, 75, 1)
(23, 54, 75, 1)
(25, 54, 75, 1)
(28, 54, 75, 1)
(29, 54, 75, 1)
(31, 54, 75, 1)
(32, 54, 75, 1)
(34, 54, 75, 1)
(35, 54, 75, 1)
(37, 54, 75, 1)
(38, 54, 75, 1)
(41, 54, 75, 1)
(43, 54, 75, 1)
(44, 54, 75, 1)
(46, 54, 75, 1)
(49, 54, 75, 1)
(50, 54, 75, 1)
(52, 54, 75, 1)
(22, 55, 75, 1)
(24, 55, 75, 1)
(26, 55, 75, 1)
(28, 55, 75, 1)
(32, 55, 75, 1)
(34, 55, 75, 1)
(36, 55, 75, 1)
(38, 55, 75, 1)
(42, 55, 75, 1)
(44, 55, 75, 1)
(46, 55, 75, 1)
(48, 55, 75, 1)
(52, 55, 75, 1)
(19, 56, 75, 1)
(20, 56, 75, 1)
(21, 56, 75, 1)
(22, 56, 75, 1)
(23, 56, 75, 1)
(24, 56, 75, 1)
(25, 56, 75, 1)
(26, 56, 75, 1)
(27, 56, 75, 1)
(28, 56, 75, 1)
(29, 56, 75, 1)
(30, 56, 75, 1)
(31, 56, 75, 1)
(32, 56, 75, 1)
(33, 56, 75, 1)
(34, 56, 75, 1)
(35, 56, 75, 1)
(36, 56, 75, 1)
(38, 56, 75, 1)
(39, 56, 75, 1)
(40, 56, 75, 1)
(41, 56, 75, 1)
(42, 56, 75, 1)
(43, 56, 75, 1)
(44, 56, 75, 1)
(45, 56, 75, 1)
(46, 56, 75, 1)
(47, 56, 75, 1)
(48, 56, 75, 1)
(49, 56, 75, 1)
(50, 56, 75, 1)
(51, 56, 75, 1)
(52, 56, 75, 1)
(53, 56, 75, 1)
(54, 56, 75, 1)
(20, 57, 75, 1)
(22, 57, 75, 1)
(26, 57, 75, 1)
(28, 57, 75, 1)
(32, 57, 75, 1)
(34, 57, 75, 1)
(38, 57, 75, 1)
(40, 57, 75, 1)
(44, 57, 75, 1)
(46, 57, 75, 1)
(50, 57, 75, 1)
(52, 57, 75, 1)
(16, 58, 75, 1)
(17, 58, 75, 1)
(18, 58, 75, 1)
(19, 58, 75, 1)
(20, 58, 75, 1)
(21, 58, 75, 1)
(22, 58, 75, 1)
(23, 58, 75, 1)
(25, 58, 75, 1)
(26, 58, 75, 1)
(27, 58, 75, 1)
(28, 58, 75, 1)
(29, 58, 75, 1)
(30, 58, 75, 1)
(31, 58, 75, 1)
(32, 58, 75, 1)
(33, 58, 75, 1)
(34, 58, 75, 1)
(35, 58, 75, 1)
(36, 58, 75, 1)
(37, 58, 75, 1)
(38, 58, 75, 1)
(39, 58, 75, 1)
(40, 58, 75, 1)
(42, 58, 75, 1)
(43, 58, 75, 1)
(44, 58, 75, 1)
(45, 58, 75, 1)
(46, 58, 75, 1)
(47, 58, 75, 1)
(48, 58, 75, 1)
(49, 58, 75, 1)
(50, 58, 75, 1)
(51, 58, 75, 1)
(52, 58, 75, 1)
(53, 58, 75, 1)
(54, 58, 75, 1)
(55, 58, 75, 1)
(56, 58, 75, 1)
(16, 59, 75, 1)
(18, 59, 75, 1)
(20, 59, 75, 1)
(22, 59, 75, 1)
(24, 59, 75, 1)
(26, 59, 75, 1)
(28, 59, 75, 1)
(30, 59, 75, 1)
(32, 59, 75, 1)
(34, 59, 75, 1)
(36, 59, 75, 1)
(38, 59, 75, 1)
(40, 59, 75, 1)
(42, 59, 75, 1)
(44, 59, 75, 1)
(46, 59, 75, 1)
(48, 59, 75, 1)
(50, 59, 75, 1)
(52, 59, 75, 1)
(54, 59, 75, 1)
(56, 59, 75, 1)
(16, 60, 75, 1)
(17, 60, 75, 1)
(19, 60, 75, 1)
(22, 60, 75, 1)
(23, 60, 75, 1)
(26, 60, 75, 1)
(28, 60, 75, 1)
(29, 60, 75, 1)
(31, 60, 75, 1)
(32, 60, 75, 1)
(34, 60, 75, 1)
(37, 60, 75, 1)
(38, 60, 75, 1)
(41, 60, 75, 1)
(43, 60, 75, 1)
(44, 60, 75, 1)
(46, 60, 75, 1)
(47, 60, 75, 1)
(49, 60, 75, 1)
(52, 60, 75, 1)
(53, 60, 75, 1)
(56, 60, 75, 1)
(58, 60, 75, 1)
(14, 61, 75, 1)
(16, 61, 75, 1)
(18, 61, 75, 1)
(20, 61, 75, 1)
(22, 61, 75, 1)
(24, 61, 75, 1)
(28, 61, 75, 1)
(30, 61, 75, 1)
(32, 61, 75, 1)
(34, 61, 75, 1)
(36, 61, 75, 1)
(38, 61, 75, 1)
(42, 61, 75, 1)
(44, 61, 75, 1)
(46, 61, 75, 1)
(48, 61, 75, 1)
(50, 61, 75, 1)
(52, 61, 75, 1)
(56, 61, 75, 1)
(58, 61, 75, 1)
(12, 62, 75, 1)
(13, 62, 75, 1)
(14, 62, 75, 1)
(15, 62, 75, 1)
(16, 62, 75, 1)
(17, 62, 75, 1)
(18, 62, 75, 1)
(19, 62, 75, 1)
(20, 62, 75, 1)
(21, 62, 75, 1)
(22, 62, 75, 1)
(24, 62, 75, 1)
(25, 62, 75, 1)
(26, 62, 75, 1)
(27, 62, 75, 1)
(28, 62, 75, 1)
(29, 62, 75, 1)
(30, 62, 75, 1)
(31, 62, 75, 1)
(32, 62, 75, 1)
(33, 62, 75, 1)
(34, 62, 75, 1)
(35, 62, 75, 1)
(37, 62, 75, 1)
(38, 62, 75, 1)
(39, 62, 75, 1)
(40, 62, 75, 1)
(41, 62, 75, 1)
(42, 62, 75, 1)
(43, 62, 75, 1)
(44, 62, 75, 1)
(45, 62, 75, 1)
(46, 62, 75, 1)
(47, 62, 75, 1)
(48, 62, 75, 1)
(50, 62, 75, 1)
(51, 62, 75, 1)
(52, 62, 75, 1)
(53, 62, 75, 1)
(54, 62, 75, 1)
(55, 62, 75, 1)
(56, 62, 75, 1)
(57, 62, 75, 1)
(58, 62, 75, 1)
(59, 62, 75, 1)
(60, 62, 75, 1)
(14, 63, 75, 1)
(16, 63, 75, 1)
(20, 63, 75, 1)
(22, 63, 75, 1)
(26, 63, 75, 1)
(28, 63, 75, 1)
(32, 63, 75, 1)
(34, 63, 75, 1)
(38, 63, 75, 1)
(40, 63, 75, 1)
(44, 63, 75, 1)
(46, 63, 75, 1)
(50, 63, 75, 1)
(52, 63, 75, 1)
(56, 63, 75, 1)
(58, 63, 75, 1)
(10, 64, 75, 1)
(11, 64, 75, 1)
(12, 64, 75, 1)
(13, 64, 75, 1)
(14, 64, 75, 1)
(15, 64, 75, 1)
(16, 64, 75, 1)
(17, 64, 75, 1)
(18, 64, 75, 1)
(19, 64, 75, 1)
(21, 64, 75, 1)
(22, 64, 75, 1)
(23, 64, 75, 1)
(24, 64, 75, 1)
(25, 64, 75, 1)
(26, 64, 75, 1)
(27, 64, 75, 1)
(28, 64, 75, 1)
(29, 64, 75, 1)
(30, 64, 75, 1)
(32, 64, 75, 1)
(33, 64, 75, 1)
(34, 64, 75, 1)
(35, 64, 75, 1)
(36, 64, 75, 1)
(37, 64, 75, 1)
(38, 64, 75, 1)
(39, 64, 75, 1)
(40, 64, 75, 1)
(41, 64, 75, 1)
(43, 64, 75, 1)
(44, 64, 75, 1)
(45, 64, 75, 1)
(46, 64, 75, 1)
(47, 64, 75, 1)
(48, 64, 75, 1)
(49, 64, 75, 1)
(50, 64, 75, 1)
(51, 64, 75, 1)
(52, 64, 75, 1)
(54, 64, 75, 1)
(55, 64, 75, 1)
(56, 64, 75, 1)
(57, 64, 75, 1)
(58, 64, 75, 1)
(59, 64, 75, 1)
(60, 64, 75, 1)
(61, 64, 75, 1)
(62, 64, 75, 1)
(12, 65, 75, 1)
(14, 65, 75, 1)
(16, 65, 75, 1)
(18, 65, 75, 1)
(22, 65, 75, 1)
(24, 65, 75, 1)
(26, 65, 75, 1)
(28, 65, 75, 1)
(32, 65, 75, 1)
(34, 65, 75, 1)
(36, 65, 75, 1)
(38, 65, 75, 1)
(42, 65, 75, 1)
(44, 65, 75, 1)
(46, 65, 75, 1)
(48, 65, 75, 1)
(52, 65, 75, 1)
(54, 65, 75, 1)
(56, 65, 75, 1)
(58, 65, 75, 1)
(62, 65, 75, 1)
(8, 66, 75, 1)
(10, 66, 75, 1)
(11, 66, 75, 1)
(13, 66, 75, 1)
(14, 66, 75, 1)
(16, 66, 75, 1)
(17, 66, 75, 1)
(19, 66, 75, 1)
(20, 66, 75, 1)
(22, 66, 75, 1)
(23, 66, 75, 1)
(25, 66, 75, 1)
(26, 66, 75, 1)
(28, 66, 75, 1)
(29, 66, 75, 1)
(31, 66, 75, 1)
(32, 66, 75, 1)
(34, 66, 75, 1)
(35, 66, 75, 1)
(37, 66, 75, 1)
(38, 66, 75, 1)
(40, 66, 75, 1)
(41, 66, 75, 1)
(43, 66, 75, 1)
(44, 66, 75, 1)
(46, 66, 75, 1)
(47, 66, 75, 1)
(49, 66, 75, 1)
(50, 66, 75, 1)
(52, 66, 75, 1)
(53, 66, 75, 1)
(55, 66, 75, 1)
(56, 66, 75, 1)
(58, 66, 75, 1)
(59, 66, 75, 1)
(61, 66, 75, 1)
(62, 66, 75, 1)
(64, 66, 75, 1)
(8, 67, 75, 1)
(10, 67, 75, 1)
(12, 67, 75, 1)
(14, 67, 75, 1)
(16, 67, 75, 1)
(18, 67, 75, 1)
(20, 67, 75, 1)
(22, 67, 75, 1)
(24, 67, 75, 1)
(26, 67, 75, 1)
(28, 67, 75, 1)
(30, 67, 75, 1)
(32, 67, 75, 1)
(34, 67, 75, 1)
(36, 67, 75, 1)
(38, 67, 75, 1)
(40, 67, 75, 1)
(42, 67, 75, 1)
(44, 67, 75, 1)
(46, 67, 75, 1)
(48, 67, 75, 1)
(50, 67, 75, 1)
(52, 67, 75, 1)
(54, 67, 75, 1)
(56, 67, 75, 1)
(58, 67, 75, 1)
(60, 67, 75, 1)
(62, 67, 75, 1)
(64, 67, 75, 1)
(6, 68, 75, 1)
(7, 68, 75, 1)
(8, 68, 75, 1)
(9, 68, 75, 1)
(10, 68, 75, 1)
(11, 68, 75, 1)
(13, 68, 75, 1)
(14, 68, 75, 1)
(15, 68, 75, 1)
(16, 68, 75, 1)
(17, 68, 75, 1)
(18, 68, 75, 1)
(20, 68, 75, 1)
(21, 68, 75, 1)
(22, 68, 75, 1)
(23, 68, 75, 1)
(24, 68, 75, 1)
(25, 68, 75, 1)
(27, 68, 75, 1)
(28, 68, 75, 1)
(29, 68, 75, 1)
(30, 68, 75, 1)
(31, 68, 75, 1)
(32, 68, 75, 1)
(34, 68, 75, 1)
(35, 68, 75, 1)
(36, 68, 75, 1)
(37, 68, 75, 1)
(38, 68, 75, 1)
(39, 68, 75, 1)
(41, 68, 75, 1)
(42, 68, 75, 1)
(43, 68, 75, 1)
(44, 68, 75, 1)
(45, 68, 75, 1)
(46, 68, 75, 1)
(48, 68, 75, 1)
(49, 68, 75, 1)
(50, 68, 75, 1)
(51, 68, 75, 1)
(52, 68, 75, 1)
(53, 68, 75, 1)
(55, 68, 75, 1)
(56, 68, 75, 1)
(57, 68, 75, 1)
(58, 68, 75, 1)
(59, 68, 75, 1)
(60, 68, 75, 1)
(62, 68, 75, 1)
(63, 68, 75, 1)
(64, 68, 75, 1)
(65, 68, 75, 1)
(66, 68, 75, 1)
(8, 69, 75, 1)
(10, 69, 75, 1)
(14, 69, 75, 1)
(16, 69, 75, 1)
(20, 69, 75, 1)
(22, 69, 75, 1)
(26, 69, 75, 1)
(28, 69, 75, 1)
(32, 69, 75, 1)
(34, 69, 75, 1)
(38, 69, 75, 1)
(40, 69, 75, 1)
(44, 69, 75, 1)
(46, 69, 75, 1)
(50, 69, 75, 1)
(52, 69, 75, 1)
(56, 69, 75, 1)
(58, 69, 75, 1)
(62, 69, 75, 1)
(64, 69, 75, 1)
(6, 70, 75, 1)
(7, 70, 75, 1)
(8, 70, 75, 1)
(9, 70, 75, 1)
(11, 70, 75, 1)
(12, 70, 75, 1)
(13, 70, 75, 1)
(14, 70, 75, 1)
(16, 70, 75, 1)
(17, 70, 75, 1)
(18, 70, 75, 1)
(19, 70, 75, 1)
(21, 70, 75, 1)
(22, 70, 75, 1)
(23, 70, 75, 1)
(24, 70, 75, 1)
(26, 70, 75, 1)
(27, 70, 75, 1)
(28, 70, 75, 1)
(29, 70, 75, 1)
(31, 70, 75, 1)
(32, 70, 75, 1)
(33, 70, 75, 1)
(34, 70, 75, 1)
(36, 70, 75, 1)
(37, 70, 75, 1)
(38, 70, 75, 1)
(39, 70, 75, 1)
(41, 70, 75, 1)
(42, 70, 75, 1)
(43, 70, 75, 1)
(44, 70, 75, 1)
(46, 70, 75, 1)
(47, 70, 75, 1)
(48, 70, 75, 1)
(49, 70, 75, 1)
(51, 70, 75, 1)
(52, 70, 75, 1)
(53, 70, 75, 1)
(54, 70, 75, 1)
(56, 70, 75, 1)
(57, 70, 75, 1)
(58, 70, 75, 1)
(59, 70, 75, 1)
(61, 70, 75, 1)
(62, 70, 75, 1)
(63, 70, 75, 1)
(64, 70, 75, 1)
(66, 70, 75, 1)
(67, 70, 75, 1)
(68, 70, 75, 1)
(4, 71, 75, 1)
(6, 71, 75, 1)
(8, 71, 75, 1)
(10, 71, 75, 1)
(12, 71, 75, 1)
(14, 71, 75, 1)
(16, 71, 75, 1)
(18, 71, 75, 1)
(20, 71, 75, 1)
(22, 71, 75, 1)
(24, 71, 75, 1)
(26, 71, 75, 1)
(28, 71, 75, 1)
(30, 71, 75, 1)
(32, 71, 75, 1)
(34, 71, 75, 1)
(36, 71, 75, 1)
(38, 71, 75, 1)
(40, 71, 75, 1)
(42, 71, 75, 1)
(44, 71, 75, 1)
(46, 71, 75, 1)
(48, 71, 75, 1)
(50, 71, 75, 1)
(52, 71, 75, 1)
(54, 71, 75, 1)
(56, 71, 75, 1)
(58, 71, 75, 1)
(60, 71, 75, 1)
(62, 71, 75, 1)
(64, 71, 75, 1)
(66, 71, 75, 1)
(68, 71, 75, 1)
(4, 72, 75, 1)
(5, 72, 75, 1)
(7, 72, 75, 1)
(8, 72, 75, 1)
(10, 72, 75, 1)
(11, 72, 75, 1)
(13, 72, 75, 1)
(14, 72, 75, 1)
(16, 72, 75, 1)
(17, 72, 75, 1)
(19, 72, 75, 1)
(20, 72, 75, 1)
(22, 72, 75, 1)
(23, 72, 75, 1)
(25, 72, 75, 1)
(26, 72, 75, 1)
(28, 72, 75, 1)
(29, 72, 75, 1)
(31, 72, 75, 1)
(32, 72, 75, 1)
(34, 72, 75, 1)
(35, 72, 75, 1)
(37, 72, 75, 1)
(38, 72, 75, 1)
(40, 72, 75, 1)
(41, 72, 75, 1)
(43, 72, 75, 1)
(44, 72, 75, 1)
(46, 72, 75, 1)
(47, 72, 75, 1)
(49, 72, 75, 1)
(50, 72, 75, 1)
(52, 72, 75, 1)
(53, 72, 75, 1)
(55, 72, 75, 1)
(56, 72, 75, 1)
(58, 72, 75, 1)
(59, 72, 75, 1)
(61, 72, 75, 1)
(62, 72, 75, 1)
(64, 72, 75, 1)
(65, 72, 75, 1)
(67, 72, 75, 1)
(68, 72, 75, 1)
(70, 72, 75, 1)
(38, 41, 76, 1)
(35, 42, 76, 1)
(37, 42, 76, 1)
(39, 42, 76, 1)
(36, 43, 76, 1)
(38, 43, 76, 1)
(35, 44, 76, 1)
(39, 44, 76, 1)
(34, 45, 76, 1)
(38, 45, 76, 1)
(42, 45, 76, 1)
(33, 46, 76, 1)
(35, 46, 76, 1)
(39, 46, 76, 1)
(30, 47, 76, 1)
(32, 47, 76, 1)
(34, 47, 76, 1)
(36, 47, 76, 1)
(38, 47, 76, 1)
(40, 47, 76, 1)
(42, 47, 76, 1)
(44, 47, 76, 1)
(31, 48, 76, 1)
(35, 48, 76, 1)
(39, 48, 76, 1)
(43, 48, 76, 1)
(30, 49, 76, 1)
(38, 49, 76, 1)
(42, 49, 76, 1)
(27, 50, 76, 1)
(29, 50, 76, 1)
(31, 50, 76, 1)
(33, 50, 76, 1)
(35, 50, 76, 1)
(39, 50, 76, 1)
(41, 50, 76, 1)
(43, 50, 76, 1)
(45, 50, 76, 1)
(47, 50, 76, 1)
(28, 51, 76, 1)
(30, 51, 76, 1)
(32, 51, 76, 1)
(34, 51, 76, 1)
(38, 51, 76, 1)
(40, 51, 76, 1)
(42, 51, 76, 1)
(44, 51, 76, 1)
(48, 51, 76, 1)
(27, 52, 76, 1)
(35, 52, 76, 1)
(39, 52, 76, 1)
(47, 52, 76, 1)
(26, 53, 76, 1)
(34, 53, 76, 1)
(38, 53, 76, 1)
(42, 53, 76, 1)
(46, 53, 76, 1)
(50, 53, 76, 1)
(23, 54, 76, 1)
(25, 54, 76, 1)
(27, 54, 76, 1)
(29, 54, 76, 1)
(31, 54, 76, 1)
(33, 54, 76, 1)
(35, 54, 76, 1)
(37, 54, 76, 1)
(39, 54, 76, 1)
(41, 54, 76, 1)
(45, 54, 76, 1)
(47, 54, 76, 1)
(49, 54, 76, 1)
(51, 54, 76, 1)
(24, 55, 76, 1)
(26, 55, 76, 1)
(30, 55, 76, 1)
(32, 55, 76, 1)
(36, 55, 76, 1)
(38, 55, 76, 1)
(42, 55, 76, 1)
(44, 55, 76, 1)
(50, 55, 76, 1)
(23, 56, 76, 1)
(27, 56, 76, 1)
(35, 56, 76, 1)
(39, 56, 76, 1)
(43, 56, 76, 1)
(47, 56, 76, 1)
(22, 57, 76, 1)
(26, 57, 76, 1)
(30, 57, 76, 1)
(34, 57, 76, 1)
(42, 57, 76, 1)
(46, 57, 76, 1)
(50, 57, 76, 1)
(54, 57, 76, 1)
(21, 58, 76, 1)
(23, 58, 76, 1)
(27, 58, 76, 1)
(29, 58, 76, 1)
(33, 58, 76, 1)
(35, 58, 76, 1)
(39, 58, 76, 1)
(41, 58, 76, 1)
(45, 58, 76, 1)
(47, 58, 76, 1)
(51, 58, 76, 1)
(53, 58, 76, 1)
(18, 59, 76, 1)
(20, 59, 76, 1)
(22, 59, 76, 1)
(24, 59, 76, 1)
(26, 59, 76, 1)
(28, 59, 76, 1)
(30, 59, 76, 1)
(32, 59, 76, 1)
(34, 59, 76, 1)
(36, 59, 76, 1)
(38, 59, 76, 1)
(40, 59, 76, 1)
(44, 59, 76, 1)
(46, 59, 76, 1)
(48, 59, 76, 1)
(50, 59, 76, 1)
(52, 59, 76, 1)
(54, 59, 76, 1)
(56, 59, 76, 1)
(19, 60, 76, 1)
(23, 60, 76, 1)
(27, 60, 76, 1)
(31, 60, 76, 1)
(35, 60, 76, 1)
(39, 60, 76, 1)
(43, 60, 76, 1)
(47, 60, 76, 1)
(51, 60, 76, 1)
(55, 60, 76, 1)
(18, 61, 76, 1)
(30, 61, 76, 1)
(38, 61, 76, 1)
(42, 61, 76, 1)
(50, 61, 76, 1)
(54, 61, 76, 1)
(15, 62, 76, 1)
(17, 62, 76, 1)
(19, 62, 76, 1)
(21, 62, 76, 1)
(23, 62, 76, 1)
(25, 62, 76, 1)
(29, 62, 76, 1)
(31, 62, 76, 1)
(33, 62, 76, 1)
(35, 62, 76, 1)
(37, 62, 76, 1)
(39, 62, 76, 1)
(43, 62, 76, 1)
(45, 62, 76, 1)
(47, 62, 76, 1)
(49, 62, 76, 1)
(51, 62, 76, 1)
(53, 62, 76, 1)
(57, 62, 76, 1)
(59, 62, 76, 1)
(14, 63, 76, 1)
(16, 63, 76, 1)
(18, 63, 76, 1)
(20, 63, 76, 1)
(22, 63, 76, 1)
(26, 63, 76, 1)
(28, 63, 76, 1)
(30, 63, 76, 1)
(32, 63, 76, 1)
(34, 63, 76, 1)
(36, 63, 76, 1)
(38, 63, 76, 1)
(40, 63, 76, 1)
(42, 63, 76, 1)
(44, 63, 76, 1)
(46, 63, 76, 1)
(48, 63, 76, 1)
(52, 63, 76, 1)
(54, 63, 76, 1)
(56, 63, 76, 1)
(58, 63, 76, 1)
(60, 63, 76, 1)
(15, 64, 76, 1)
(23, 64, 76, 1)
(27, 64, 76, 1)
(35, 64, 76, 1)
(39, 64, 76, 1)
(47, 64, 76, 1)
(51, 64, 76, 1)
(59, 64, 76, 1)
(14, 65, 76, 1)
(18, 65, 76, 1)
(22, 65, 76, 1)
(26, 65, 76, 1)
(30, 65, 76, 1)
(34, 65, 76, 1)
(38, 65, 76, 1)
(42, 65, 76, 1)
(46, 65, 76, 1)
(50, 65, 76, 1)
(58, 65, 76, 1)
(62, 65, 76, 1)
(13, 66, 76, 1)
(15, 66, 76, 1)
(17, 66, 76, 1)
(19, 66, 76, 1)
(23, 66, 76, 1)
(25, 66, 76, 1)
(27, 66, 76, 1)
(29, 66, 76, 1)
(33, 66, 76, 1)
(35, 66, 76, 1)
(37, 66, 76, 1)
(39, 66, 76, 1)
(43, 66, 76, 1)
(45, 66, 76, 1)
(47, 66, 76, 1)
(49, 66, 76, 1)
(53, 66, 76, 1)
(55, 66, 76, 1)
(57, 66, 76, 1)
(59, 66, 76, 1)
(63, 66, 76, 1)
(12, 67, 76, 1)
(14, 67, 76, 1)
(18, 67, 76, 1)
(20, 67, 76, 1)
(24, 67, 76, 1)
(26, 67, 76, 1)
(30, 67, 76, 1)
(32, 67, 76, 1)
(36, 67, 76, 1)
(38, 67, 76, 1)
(42, 67, 76, 1)
(44, 67, 76, 1)
(48, 67, 76, 1)
(50, 67, 76, 1)
(54, 67, 76, 1)
(56, 67, 76, 1)
(60, 67, 76, 1)
(62, 67, 76, 1)
(11, 68, 76, 1)
(15, 68, 76, 1)
(19, 68, 76, 1)
(23, 68, 76, 1)
(27, 68, 76, 1)
(31, 68, 76, 1)
(35, 68, 76, 1)
(39, 68, 76, 1)
(43, 68, 76, 1)
(47, 68, 76, 1)
(51, 68, 76, 1)
(55, 68, 76, 1)
(59, 68, 76, 1)
(63, 68, 76, 1)
(10, 69, 76, 1)
(14, 69, 76, 1)
(18, 69, 76, 1)
(22, 69, 76, 1)
(26, 69, 76, 1)
(30, 69, 76, 1)
(38, 69, 76, 1)
(42, 69, 76, 1)
(46, 69, 76, 1)
(50, 69, 76, 1)
(54, 69, 76, 1)
(58, 69, 76, 1)
(66, 69, 76, 1)
(9, 70, 76, 1)
(11, 70, 76, 1)
(15, 70, 76, 1)
(17, 70, 76, 1)
(21, 70, 76, 1)
(23, 70, 76, 1)
(27, 70, 76, 1)
(29, 70, 76, 1)
(33, 70, 76, 1)
(35, 70, 76, 1)
(39, 70, 76, 1)
(41, 70, 76, 1)
(45, 70, 76, 1)
(47, 70, 76, 1)
(51, 70, 76, 1)
(53, 70, 76, 1)
(57, 70, 76, 1)
(59, 70, 76, 1)
(63, 70, 76, 1)
(65, 70, 76, 1)
(8, 71, 76, 1)
(10, 71, 76, 1)
(12, 71, 76, 1)
(14, 71, 76, 1)
(18, 71, 76, 1)
(20, 71, 76, 1)
(22, 71, 76, 1)
(24, 71, 76, 1)
(28, 71, 76, 1)
(30, 71, 76, 1)
(32, 71, 76, 1)
(34, 71, 76, 1)
(38, 71, 76, 1)
(40, 71, 76, 1)
(42, 71, 76, 1)
(44, 71, 76, 1)
(48, 71, 76, 1)
(50, 71, 76, 1)
(52, 71, 76, 1)
(54, 71, 76, 1)
(58, 71, 76, 1)
(60, 71, 76, 1)
(62, 71, 76, 1)
(64, 71, 76, 1)
(68, 71, 76, 1)
(7, 72, 76, 1)
(11, 72, 76, 1)
(15, 72, 76, 1)
(19, 72, 76, 1)
(23, 72, 76, 1)
(27, 72, 76, 1)
(31, 72, 76, 1)
(35, 72, 76, 1)
(39, 72, 76, 1)
(43, 72, 76, 1)
(47, 72, 76, 1)
(51, 72, 76, 1)
(55, 72, 76, 1)
(59, 72, 76, 1)
(63, 72, 76, 1)
(67, 72, 76, 1)
(6, 73, 76, 1)
(14, 73, 76, 1)
(18, 73, 76, 1)
(26, 73, 76, 1)
(30, 73, 76, 1)
(38, 73, 76, 1)
(42, 73, 76, 1)
(50, 73, 76, 1)
(54, 73, 76, 1)
(62, 73, 76, 1)
(66, 73, 76, 1)
(38, 40, 77, 1)
(34, 42, 77, 1)
(36, 42, 77, 1)
(38, 42, 77, 1)
(39, 42, 77, 1)
(40, 42, 77, 1)
(34, 43, 77, 1)
(36, 43, 77, 1)
(38, 43, 77, 1)
(40, 43, 77, 1)
(34, 44, 77, 1)
(39, 44, 77, 1)
(42, 44, 77, 1)
(34, 45, 77, 1)
(38, 45, 77, 1)
(42, 45, 77, 1)
(30, 46, 77, 1)
(31, 46, 77, 1)
(32, 46, 77, 1)
(33, 46, 77, 1)
(34, 46, 77, 1)
(35, 46, 77, 1)
(36, 46, 77, 1)
(37, 46, 77, 1)
(38, 46, 77, 1)
(39, 46, 77, 1)
(40, 46, 77, 1)
(41, 46, 77, 1)
(42, 46, 77, 1)
(43, 46, 77, 1)
(44, 46, 77, 1)
(30, 47, 77, 1)
(34, 47, 77, 1)
(36, 47, 77, 1)
(40, 47, 77, 1)
(30, 48, 77, 1)
(31, 48, 77, 1)
(34, 48, 77, 1)
(35, 48, 77, 1)
(38, 48, 77, 1)
(39, 48, 77, 1)
(42, 48, 77, 1)
(43, 48, 77, 1)
(46, 48, 77, 1)
(30, 49, 77, 1)
(34, 49, 77, 1)
(38, 49, 77, 1)
(46, 49, 77, 1)
(27, 50, 77, 1)
(28, 50, 77, 1)
(30, 50, 77, 1)
(31, 50, 77, 1)
(33, 50, 77, 1)
(34, 50, 77, 1)
(36, 50, 77, 1)
(37, 50, 77, 1)
(39, 50, 77, 1)
(40, 50, 77, 1)
(42, 50, 77, 1)
(43, 50, 77, 1)
(45, 50, 77, 1)
(46, 50, 77, 1)
(48, 50, 77, 1)
(26, 51, 77, 1)
(28, 51, 77, 1)
(30, 51, 77, 1)
(32, 51, 77, 1)
(34, 51, 77, 1)
(36, 51, 77, 1)
(40, 51, 77, 1)
(42, 51, 77, 1)
(44, 51, 77, 1)
(46, 51, 77, 1)
(48, 51, 77, 1)
(26, 52, 77, 1)
(30, 52, 77, 1)
(31, 52, 77, 1)
(34, 52, 77, 1)
(35, 52, 77, 1)
(38, 52, 77, 1)
(39, 52, 77, 1)
(43, 52, 77, 1)
(46, 52, 77, 1)
(50, 52, 77, 1)
(30, 53, 77, 1)
(34, 53, 77, 1)
(42, 53, 77, 1)
(46, 53, 77, 1)
(22, 54, 77, 1)
(23, 54, 77, 1)
(24, 54, 77, 1)
(25, 54, 77, 1)
(26, 54, 77, 1)
(27, 54, 77, 1)
(28, 54, 77, 1)
(29, 54, 77, 1)
(30, 54, 77, 1)
(32, 54, 77, 1)
(33, 54, 77, 1)
(34, 54, 77, 1)
(35, 54, 77, 1)
(36, 54, 77, 1)
(37, 54, 77, 1)
(38, 54, 77, 1)
(39, 54, 77, 1)
(40, 54, 77, 1)
(41, 54, 77, 1)
(42, 54, 77, 1)
(43, 54, 77, 1)
(44, 54, 77, 1)
(45, 54, 77, 1)
(46, 54, 77, 1)
(47, 54, 77, 1)
(48, 54, 77, 1)
(49, 54, 77, 1)
(50, 54, 77, 1)
(51, 54, 77, 1)
(52, 54, 77, 1)
(24, 55, 77, 1)
(26, 55, 77, 1)
(28, 55, 77, 1)
(30, 55, 77, 1)
(32, 55, 77, 1)
(34, 55, 77, 1)
(36, 55, 77, 1)
(38, 55, 77, 1)
(40, 55, 77, 1)
(42, 55, 77, 1)
(46, 55, 77, 1)
(48, 55, 77, 1)
(50, 55, 77, 1)
(52, 55, 77, 1)
(22, 56, 77, 1)
(27, 56, 77, 1)
(30, 56, 77, 1)
(31, 56, 77, 1)
(34, 56, 77, 1)
(39, 56, 77, 1)
(43, 56, 77, 1)
(46, 56, 77, 1)
(51, 56, 77, 1)
(54, 56, 77, 1)
(26, 57, 77, 1)
(30, 57, 77, 1)
(34, 57, 77, 1)
(38, 57, 77, 1)
(46, 57, 77, 1)
(50, 57, 77, 1)
(54, 57, 77, 1)
(18, 58, 77, 1)
(19, 58, 77, 1)
(21, 58, 77, 1)
(22, 58, 77, 1)
(23, 58, 77, 1)
(24, 58, 77, 1)
(25, 58, 77, 1)
(26, 58, 77, 1)
(27, 58, 77, 1)
(28, 58, 77, 1)
(29, 58, 77, 1)
(30, 58, 77, 1)
(31, 58, 77, 1)
(32, 58, 77, 1)
(33, 58, 77, 1)
(34, 58, 77, 1)
(35, 58, 77, 1)
(36, 58, 77, 1)
(37, 58, 77, 1)
(38, 58, 77, 1)
(40, 58, 77, 1)
(41, 58, 77, 1)
(42, 58, 77, 1)
(43, 58, 77, 1)
(44, 58, 77, 1)
(45, 58, 77, 1)
(46, 58, 77, 1)
(47, 58, 77, 1)
(48, 58, 77, 1)
(49, 58, 77, 1)
(50, 58, 77, 1)
(51, 58, 77, 1)
(52, 58, 77, 1)
(53, 58, 77, 1)
(54, 58, 77, 1)
(55, 58, 77, 1)
(56, 58, 77, 1)
(18, 59, 77, 1)
(22, 59, 77, 1)
(24, 59, 77, 1)
(28, 59, 77, 1)
(30, 59, 77, 1)
(34, 59, 77, 1)
(36, 59, 77, 1)
(40, 59, 77, 1)
(42, 59, 77, 1)
(46, 59, 77, 1)
(48, 59, 77, 1)
(52, 59, 77, 1)
(54, 59, 77, 1)
(18, 60, 77, 1)
(19, 60, 77, 1)
(22, 60, 77, 1)
(23, 60, 77, 1)
(27, 60, 77, 1)
(30, 60, 77, 1)
(31, 60, 77, 1)
(34, 60, 77, 1)
(35, 60, 77, 1)
(38, 60, 77, 1)
(39, 60, 77, 1)
(42, 60, 77, 1)
(46, 60, 77, 1)
(47, 60, 77, 1)
(50, 60, 77, 1)
(51, 60, 77, 1)
(54, 60, 77, 1)
(55, 60, 77, 1)
(58, 60, 77, 1)
(18, 61, 77, 1)
(22, 61, 77, 1)
(26, 61, 77, 1)
(30, 61, 77, 1)
(34, 61, 77, 1)
(38, 61, 77, 1)
(42, 61, 77, 1)
(46, 61, 77, 1)
(50, 61, 77, 1)
(54, 61, 77, 1)
(58, 61, 77, 1)
(15, 62, 77, 1)
(16, 62, 77, 1)
(18, 62, 77, 1)
(19, 62, 77, 1)
(21, 62, 77, 1)
(24, 62, 77, 1)
(25, 62, 77, 1)
(28, 62, 77, 1)
(30, 62, 77, 1)
(31, 62, 77, 1)
(33, 62, 77, 1)
(34, 62, 77, 1)
(36, 62, 77, 1)
(39, 62, 77, 1)
(40, 62, 77, 1)
(43, 62, 77, 1)
(45, 62, 77, 1)
(46, 62, 77, 1)
(48, 62, 77, 1)
(49, 62, 77, 1)
(51, 62, 77, 1)
(54, 62, 77, 1)
(55, 62, 77, 1)
(58, 62, 77, 1)
(60, 62, 77, 1)
(16, 63, 77, 1)
(18, 63, 77, 1)
(20, 63, 77, 1)
(22, 63, 77, 1)
(24, 63, 77, 1)
(26, 63, 77, 1)
(30, 63, 77, 1)
(32, 63, 77, 1)
(34, 63, 77, 1)
(36, 63, 77, 1)
(38, 63, 77, 1)
(40, 63, 77, 1)
(44, 63, 77, 1)
(46, 63, 77, 1)
(48, 63, 77, 1)
(50, 63, 77, 1)
(52, 63, 77, 1)
(54, 63, 77, 1)
(58, 63, 77, 1)
(60, 63, 77, 1)
(14, 64, 77, 1)
(15, 64, 77, 1)
(18, 64, 77, 1)
(19, 64, 77, 1)
(22, 64, 77, 1)
(23, 64, 77, 1)
(26, 64, 77, 1)
(27, 64, 77, 1)
(30, 64, 77, 1)
(31, 64, 77, 1)
(34, 64, 77, 1)
(35, 64, 77, 1)
(39, 64, 77, 1)
(42, 64, 77, 1)
(43, 64, 77, 1)
(46, 64, 77, 1)
(47, 64, 77, 1)
(50, 64, 77, 1)
(54, 64, 77, 1)
(55, 64, 77, 1)
(58, 64, 77, 1)
(59, 64, 77, 1)
(62, 64, 77, 1)
(18, 65, 77, 1)
(22, 65, 77, 1)
(30, 65, 77, 1)
(34, 65, 77, 1)
(42, 65, 77, 1)
(46, 65, 77, 1)
(54, 65, 77, 1)
(58, 65, 77, 1)
(12, 66, 77, 1)
(13, 66, 77, 1)
(14, 66, 77, 1)
(15, 66, 77, 1)
(16, 66, 77, 1)
(17, 66, 77, 1)
(18, 66, 77, 1)
(19, 66, 77, 1)
(20, 66, 77, 1)
(21, 66, 77, 1)
(23, 66, 77, 1)
(24, 66, 77, 1)
(25, 66, 77, 1)
(26, 66, 77, 1)
(27, 66, 77, 1)
(28, 66, 77, 1)
(29, 66, 77, 1)
(30, 66, 77, 1)
(31, 66, 77, 1)
(32, 66, 77, 1)
(34, 66, 77, 1)
(35, 66, 77, 1)
(36, 66, 77, 1)
(37, 66, 77, 1)
(38, 66, 77, 1)
(39, 66, 77, 1)
(40, 66, 77, 1)
(41, 66, 77, 1)
(42, 66, 77, 1)
(43, 66, 77, 1)
(45, 66, 77, 1)
(46, 66, 77, 1)
(47, 66, 77, 1)
(48, 66, 77, 1)
(49, 66, 77, 1)
(50, 66, 77, 1)
(51, 66, 77, 1)
(52, 66, 77, 1)
(53, 66, 77, 1)
(54, 66, 77, 1)
(56, 66, 77, 1)
(57, 66, 77, 1)
(58, 66, 77, 1)
(59, 66, 77, 1)
(60, 66, 77, 1)
(61, 66, 77, 1)
(62, 66, 77, 1)
(63, 66, 77, 1)
(64, 66, 77, 1)
(10, 67, 77, 1)
(14, 67, 77, 1)
(16, 67, 77, 1)
(18, 67, 77, 1)
(20, 67, 77, 1)
(24, 67, 77, 1)
(26, 67, 77, 1)
(28, 67, 77, 1)
(30, 67, 77, 1)
(34, 67, 77, 1)
(36, 67, 77, 1)
(38, 67, 77, 1)
(40, 67, 77, 1)
(44, 67, 77, 1)
(46, 67, 77, 1)
(48, 67, 77, 1)
(50, 67, 77, 1)
(54, 67, 77, 1)
(56, 67, 77, 1)
(58, 67, 77, 1)
(60, 67, 77, 1)
(64, 67, 77, 1)
(10, 68, 77, 1)
(15, 68, 77, 1)
(18, 68, 77, 1)
(19, 68, 77, 1)
(22, 68, 77, 1)
(27, 68, 77, 1)
(30, 68, 77, 1)
(31, 68, 77, 1)
(34, 68, 77, 1)
(39, 68, 77, 1)
(42, 68, 77, 1)
(43, 68, 77, 1)
(46, 68, 77, 1)
(51, 68, 77, 1)
(54, 68, 77, 1)
(55, 68, 77, 1)
(58, 68, 77, 1)
(63, 68, 77, 1)
(66, 68, 77, 1)
(10, 69, 77, 1)
(14, 69, 77, 1)
(18, 69, 77, 1)
(22, 69, 77, 1)
(26, 69, 77, 1)
(30, 69, 77, 1)
(34, 69, 77, 1)
(38, 69, 77, 1)
(42, 69, 77, 1)
(46, 69, 77, 1)
(50, 69, 77, 1)
(54, 69, 77, 1)
(58, 69, 77, 1)
(62, 69, 77, 1)
(66, 69, 77, 1)
(8, 70, 77, 1)
(9, 70, 77, 1)
(10, 70, 77, 1)
(11, 70, 77, 1)
(12, 70, 77, 1)
(13, 70, 77, 1)
(15, 70, 77, 1)
(16, 70, 77, 1)
(17, 70, 77, 1)
(18, 70, 77, 1)
(19, 70, 77, 1)
(20, 70, 77, 1)
(22, 70, 77, 1)
(23, 70, 77, 1)
(24, 70, 77, 1)
(25, 70, 77, 1)
(26, 70, 77, 1)
(27, 70, 77, 1)
(29, 70, 77, 1)
(30, 70, 77, 1)
(31, 70, 77, 1)
(32, 70, 77, 1)
(33, 70, 77, 1)
(34, 70, 77, 1)
(36, 70, 77, 1)
(37, 70, 77, 1)
(38, 70, 77, 1)
(39, 70, 77, 1)
(40, 70, 77, 1)
(41, 70, 77, 1)
(43, 70, 77, 1)
(44, 70, 77, 1)
(45, 70, 77, 1)
(46, 70, 77, 1)
(47, 70, 77, 1)
(48, 70, 77, 1)
(50, 70, 77, 1)
(51, 70, 77, 1)
(52, 70, 77, 1)
(53, 70, 77, 1)
(54, 70, 77, 1)
(55, 70, 77, 1)
(57, 70, 77, 1)
(58, 70, 77, 1)
(59, 70, 77, 1)
(60, 70, 77, 1)
(61, 70, 77, 1)
(62, 70, 77, 1)
(64, 70, 77, 1)
(65, 70, 77, 1)
(66, 70, 77, 1)
(67, 70, 77, 1)
(68, 70, 77, 1)
(6, 71, 77, 1)
(10, 71, 77, 1)
(12, 71, 77, 1)
(16, 71, 77, 1)
(18, 71, 77, 1)
(22, 71, 77, 1)
(24, 71, 77, 1)
(28, 71, 77, 1)
(30, 71, 77, 1)
(34, 71, 77, 1)
(36, 71, 77, 1)
(40, 71, 77, 1)
(42, 71, 77, 1)
(46, 71, 77, 1)
(48, 71, 77, 1)
(52, 71, 77, 1)
(54, 71, 77, 1)
(58, 71, 77, 1)
(60, 71, 77, 1)
(64, 71, 77, 1)
(66, 71, 77, 1)
(6, 72, 77, 1)
(10, 72, 77, 1)
(11, 72, 77, 1)
(14, 72, 77, 1)
(15, 72, 77, 1)
(18, 72, 77, 1)
(19, 72, 77, 1)
(23, 72, 77, 1)
(26, 72, 77, 1)
(30, 72, 77, 1)
(31, 72, 77, 1)
(34, 72, 77, 1)
(35, 72, 77, 1)
(38, 72, 77, 1)
(39, 72, 77, 1)
(43, 72, 77, 1)
(46, 72, 77, 1)
(50, 72, 77, 1)
(51, 72, 77, 1)
(54, 72, 77, 1)
(55, 72, 77, 1)
(58, 72, 77, 1)
(59, 72, 77, 1)
(63, 72, 77, 1)
(66, 72, 77, 1)
(70, 72, 77, 1)
(6, 73, 77, 1)
(10, 73, 77, 1)
(14, 73, 77, 1)
(18, 73, 77, 1)
(22, 73, 77, 1)
(26, 73, 77, 1)
(30, 73, 77, 1)
(34, 73, 77, 1)
(38, 73, 77, 1)
(42, 73, 77, 1)
(46, 73, 77, 1)
(50, 73, 77, 1)
(54, 73, 77, 1)
(58, 73, 77, 1)
(62, 73, 77, 1)
(66, 73, 77, 1)
(70, 73, 77, 1)
(4, 74, 77, 1)
(6, 74, 77, 1)
(7, 74, 77, 1)
(9, 74, 77, 1)
(10, 74, 77, 1)
(12, 74, 77, 1)
(13, 74, 77, 1)
(15, 74, 77, 1)
(16, 74, 77, 1)
(18, 74, 77, 1)
(19, 74, 77, 1)
(21, 74, 77, 1)
(22, 74, 77, 1)
(24, 74, 77, 1)
(25, 74, 77, 1)
(27, 74, 77, 1)
(28, 74, 77, 1)
(30, 74, 77, 1)
(31, 74, 77, 1)
(33, 74, 77, 1)
(34, 74, 77, 1)
(36, 74, 77, 1)
(37, 74, 77, 1)
(39, 74, 77, 1)
(40, 74, 77, 1)
(42, 74, 77, 1)
(43, 74, 77, 1)
(45, 74, 77, 1)
(46, 74, 77, 1)
(48, 74, 77, 1)
(49, 74, 77, 1)
(51, 74, 77, 1)
(52, 74, 77, 1)
(54, 74, 77, 1)
(55, 74, 77, 1)
(57, 74, 77, 1)
(58, 74, 77, 1)
(60, 74, 77, 1)
(61, 74, 77, 1)
(63, 74, 77, 1)
(64, 74, 77, 1)
(66, 74, 77, 1)
(67, 74, 77, 1)
(69, 74, 77, 1)
(70, 74, 77, 1)
(72, 74, 77, 1)
(38, 41, 78, 1)
(37, 42, 78, 1)
(40, 43, 78, 1)
(35, 44, 78, 1)
(37, 44, 78, 1)
(39, 44, 78, 1)
(41, 44, 78, 1)
(38, 45, 78, 1)
(40, 45, 78, 1)
(33, 46, 78, 1)
(35, 46, 78, 1)
(37, 46, 78, 1)
(39, 46, 78, 1)
(41, 46, 78, 1)
(43, 46, 78, 1)
(32, 47, 78, 1)
(34, 47, 78, 1)
(36, 47, 78, 1)
(38, 47, 78, 1)
(40, 47, 78, 1)
(42, 47, 78, 1)
(44, 47, 78, 1)
(31, 48, 78, 1)
(35, 48, 78, 1)
(37, 48, 78, 1)
(41, 48, 78, 1)
(30, 49, 78, 1)
(32, 49, 78, 1)
(34, 49, 78, 1)
(36, 49, 78, 1)
(38, 49, 78, 1)
(40, 49, 78, 1)
(42, 49, 78, 1)
(44, 49, 78, 1)
(46, 49, 78, 1)
(31, 50, 78, 1)
(33, 50, 78, 1)
(35, 50, 78, 1)
(37, 50, 78, 1)
(39, 50, 78, 1)
(41, 50, 78, 1)
(45, 50, 78, 1)
(47, 50, 78, 1)
(28, 51, 78, 1)
(32, 51, 78, 1)
(34, 51, 78, 1)
(38, 51, 78, 1)
(40, 51, 78, 1)
(44, 51, 78, 1)
(46, 51, 78, 1)
(27, 52, 78, 1)
(29, 52, 78, 1)
(31, 52, 78, 1)
(33, 52, 78, 1)
(35, 52, 78, 1)
(37, 52, 78, 1)
(41, 52, 78, 1)
(43, 52, 78, 1)
(45, 52, 78, 1)
(47, 52, 78, 1)
(49, 52, 78, 1)
(26, 53, 78, 1)
(30, 53, 78, 1)
(32, 53, 78, 1)
(34, 53, 78, 1)
(36, 53, 78, 1)
(40, 53, 78, 1)
(42, 53, 78, 1)
(44, 53, 78, 1)
(46, 53, 78, 1)
(50, 53, 78, 1)
(25, 54, 78, 1)
(29, 54, 78, 1)
(31, 54, 78, 1)
(35, 54, 78, 1)
(37, 54, 78, 1)
(41, 54, 78, 1)
(43, 54, 78, 1)
(47, 54, 78, 1)
(49, 54, 78, 1)
(24, 55, 78, 1)
(26, 55, 78, 1)
(28, 55, 78, 1)
(30, 55, 78, 1)
(34, 55, 78, 1)
(36, 55, 78, 1)
(38, 55, 78, 1)
(40, 55, 78, 1)
(42, 55, 78, 1)
(44, 55, 78, 1)
(46, 55, 78, 1)
(48, 55, 78, 1)
(50, 55, 78, 1)
(52, 55, 78, 1)
(25, 56, 78, 1)
(27, 56, 78, 1)
(29, 56, 78, 1)
(31, 56, 78, 1)
(33, 56, 78, 1)
(35, 56, 78, 1)
(37, 56, 78, 1)
(39, 56, 78, 1)
(41, 56, 78, 1)
(43, 56, 78, 1)
(47, 56, 78, 1)
(49, 56, 78, 1)
(51, 56, 78, 1)
(53, 56, 78, 1)
(26, 57, 78, 1)
(28, 57, 78, 1)
(32, 57, 78, 1)
(34, 57, 78, 1)
(38, 57, 78, 1)
(40, 57, 78, 1)
(44, 57, 78, 1)
(46, 57, 78, 1)
(52, 57, 78, 1)
(21, 58, 78, 1)
(25, 58, 78, 1)
(27, 58, 78, 1)
(29, 58, 78, 1)
(31, 58, 78, 1)
(35, 58, 78, 1)
(37, 58, 78, 1)
(39, 58, 78, 1)
(41, 58, 78, 1)
(45, 58, 78, 1)
(47, 58, 78, 1)
(49, 58, 78, 1)
(51, 58, 78, 1)
(55, 58, 78, 1)
(20, 59, 78, 1)
(22, 59, 78, 1)
(24, 59, 78, 1)
(26, 59, 78, 1)
(28, 59, 78, 1)
(30, 59, 78, 1)
(32, 59, 78, 1)
(34, 59, 78, 1)
(36, 59, 78, 1)
(38, 59, 78, 1)
(42, 59, 78, 1)
(44, 59, 78, 1)
(46, 59, 78, 1)
(48, 59, 78, 1)
(50, 59, 78, 1)
(52, 59, 78, 1)
(54, 59, 78, 1)
(56, 59, 78, 1)
(19, 60, 78, 1)
(23, 60, 78, 1)
(25, 60, 78, 1)
(29, 60, 78, 1)
(31, 60, 78, 1)
(35, 60, 78, 1)
(37, 60, 78, 1)
(41, 60, 78, 1)
(43, 60, 78, 1)
(47, 60, 78, 1)
(49, 60, 78, 1)
(53, 60, 78, 1)
(55, 60, 78, 1)
(18, 61, 78, 1)
(20, 61, 78, 1)
(22, 61, 78, 1)
(24, 61, 78, 1)
(26, 61, 78, 1)
(28, 61, 78, 1)
(30, 61, 78, 1)
(32, 61, 78, 1)
(34, 61, 78, 1)
(36, 61, 78, 1)
(38, 61, 78, 1)
(40, 61, 78, 1)
(42, 61, 78, 1)
(46, 61, 78, 1)
(48, 61, 78, 1)
(50, 61, 78, 1)
(52, 61, 78, 1)
(54, 61, 78, 1)
(56, 61, 78, 1)
(58, 61, 78, 1)
(17, 62, 78, 1)
(19, 62, 78, 1)
(21, 62, 78, 1)
(23, 62, 78, 1)
(25, 62, 78, 1)
(27, 62, 78, 1)
(29, 62, 78, 1)
(31, 62, 78, 1)
(33, 62, 78, 1)
(35, 62, 78, 1)
(37, 62, 78, 1)
(39, 62, 78, 1)
(41, 62, 78, 1)
(43, 62, 78, 1)
(45, 62, 78, 1)
(47, 62, 78, 1)
(49, 62, 78, 1)
(51, 62, 78, 1)
(53, 62, 78, 1)
(55, 62, 78, 1)
(57, 62, 78, 1)
(59, 62, 78, 1)
(16, 63, 78, 1)
(20, 63, 78, 1)
(22, 63, 78, 1)
(26, 63, 78, 1)
(32, 63, 78, 1)
(34, 63, 78, 1)
(40, 63, 78, 1)
(44, 63, 78, 1)
(46, 63, 78, 1)
(50, 63, 78, 1)
(52, 63, 78, 1)
(56, 63, 78, 1)
(17, 64, 78, 1)
(19, 64, 78, 1)
(21, 64, 78, 1)
(23, 64, 78, 1)
(25, 64, 78, 1)
(27, 64, 78, 1)
(31, 64, 78, 1)
(33, 64, 78, 1)
(35, 64, 78, 1)
(37, 64, 78, 1)
(39, 64, 78, 1)
(41, 64, 78, 1)
(45, 64, 78, 1)
(47, 64, 78, 1)
(49, 64, 78, 1)
(51, 64, 78, 1)
(53, 64, 78, 1)
(55, 64, 78, 1)
(59, 64, 78, 1)
(61, 64, 78, 1)
(14, 65, 78, 1)
(16, 65, 78, 1)
(18, 65, 78, 1)
(20, 65, 78, 1)
(22, 65, 78, 1)
(24, 65, 78, 1)
(28, 65, 78, 1)
(30, 65, 78, 1)
(32, 65, 78, 1)
(34, 65, 78, 1)
(36, 65, 78, 1)
(38, 65, 78, 1)
(40, 65, 78, 1)
(42, 65, 78, 1)
(44, 65, 78, 1)
(46, 65, 78, 1)
(48, 65, 78, 1)
(50, 65, 78, 1)
(54, 65, 78, 1)
(56, 65, 78, 1)
(58, 65, 78, 1)
(60, 65, 78, 1)
(62, 65, 78, 1)
(13, 66, 78, 1)
(17, 66, 78, 1)
(19, 66, 78, 1)
(23, 66, 78, 1)
(25, 66, 78, 1)
(29, 66, 78, 1)
(31, 66, 78, 1)
(35, 66, 78, 1)
(37, 66, 78, 1)
(41, 66, 78, 1)
(43, 66, 78, 1)
(47, 66, 78, 1)
(49, 66, 78, 1)
(53, 66, 78, 1)
(55, 66, 78, 1)
(59, 66, 78, 1)
(61, 66, 78, 1)
(14, 67, 78, 1)
(16, 67, 78, 1)
(18, 67, 78, 1)
(20, 67, 78, 1)
(22, 67, 78, 1)
(24, 67, 78, 1)
(26, 67, 78, 1)
(28, 67, 78, 1)
(30, 67, 78, 1)
(32, 67, 78, 1)
(36, 67, 78, 1)
(38, 67, 78, 1)
(40, 67, 78, 1)
(42, 67, 78, 1)
(44, 67, 78, 1)
(46, 67, 78, 1)
(48, 67, 78, 1)
(50, 67, 78, 1)
(52, 67, 78, 1)
(54, 67, 78, 1)
(58, 67, 78, 1)
(60, 67, 78, 1)
(62, 67, 78, 1)
(64, 67, 78, 1)
(11, 68, 78, 1)
(15, 68, 78, 1)
(17, 68, 78, 1)
(19, 68, 78, 1)
(21, 68, 78, 1)
(25, 68, 78, 1)
(27, 68, 78, 1)
(29, 68, 78, 1)
(31, 68, 78, 1)
(35, 68, 78, 1)
(37, 68, 78, 1)
(39, 68, 78, 1)
(41, 68, 78, 1)
(45, 68, 78, 1)
(47, 68, 78, 1)
(49, 68, 78, 1)
(51, 68, 78, 1)
(55, 68, 78, 1)
(57, 68, 78, 1)
(59, 68, 78, 1)
(61, 68, 78, 1)
(65, 68, 78, 1)
(10, 69, 78, 1)
(14, 69, 78, 1)
(16, 69, 78, 1)
(20, 69, 78, 1)
(22, 69, 78, 1)
(26, 69, 78, 1)
(28, 69, 78, 1)
(32, 69, 78, 1)
(34, 69, 78, 1)
(38, 69, 78, 1)
(40, 69, 78, 1)
(44, 69, 78, 1)
(46, 69, 78, 1)
(50, 69, 78, 1)
(52, 69, 78, 1)
(56, 69, 78, 1)
(58, 69, 78, 1)
(62, 69, 78, 1)
(64, 69, 78, 1)
(9, 70, 78, 1)
(11, 70, 78, 1)
(13, 70, 78, 1)
(15, 70, 78, 1)
(17, 70, 78, 1)
(19, 70, 78, 1)
(21, 70, 78, 1)
(23, 70, 78, 1)
(25, 70, 78, 1)
(27, 70, 78, 1)
(29, 70, 78, 1)
(31, 70, 78, 1)
(33, 70, 78, 1)
(35, 70, 78, 1)
(37, 70, 78, 1)
(39, 70, 78, 1)
(41, 70, 78, 1)
(43, 70, 78, 1)
(45, 70, 78, 1)
(47, 70, 78, 1)
(49, 70, 78, 1)
(51, 70, 78, 1)
(53, 70, 78, 1)
(55, 70, 78, 1)
(57, 70, 78, 1)
(59, 70, 78, 1)
(61, 70, 78, 1)
(63, 70, 78, 1)
(65, 70, 78, 1)
(67, 70, 78, 1)
(10, 71, 78, 1)
(12, 71, 78, 1)
(14, 71, 78, 1)
(16, 71, 78, 1)
(18, 71, 78, 1)
(20, 71, 78, 1)
(24, 71, 78, 1)
(26, 71, 78, 1)
(28, 71, 78, 1)
(30, 71, 78, 1)
(32, 71, 78, 1)
(34, 71, 78, 1)
(38, 71, 78, 1)
(40, 71, 78, 1)
(42, 71, 78, 1)
(44, 71, 78, 1)
(46, 71, 78, 1)
(48, 71, 78, 1)
(52, 71, 78, 1)
(54, 71, 78, 1)
(56, 71, 78, 1)
(58, 71, 78, 1)
(60, 71, 78, 1)
(62, 71, 78, 1)
(66, 71, 78, 1)
(68, 71, 78, 1)
(7, 72, 78, 1)
(11, 72, 78, 1)
(13, 72, 78, 1)
(17, 72, 78, 1)
(19, 72, 78, 1)
(23, 72, 78, 1)
(25, 72, 78, 1)
(29, 72, 78, 1)
(31, 72, 78, 1)
(35, 72, 78, 1)
(37, 72, 78, 1)
(41, 72, 78, 1)
(43, 72, 78, 1)
(47, 72, 78, 1)
(49, 72, 78, 1)
(53, 72, 78, 1)
(55, 72, 78, 1)
(59, 72, 78, 1)
(61, 72, 78, 1)
(65, 72, 78, 1)
(67, 72, 78, 1)
(6, 73, 78, 1)
(10, 73, 78, 1)
(12, 73, 78, 1)
(14, 73, 78, 1)
(16, 73, 78, 1)
(20, 73, 78, 1)
(22, 73, 78, 1)
(24, 73, 78, 1)
(26, 73, 78, 1)
(30, 73, 78, 1)
(32, 73, 78, 1)
(34, 73, 78, 1)
(36, 73, 78, 1)
(40, 73, 78, 1)
(42, 73, 78, 1)
(44, 73, 78, 1)
(46, 73, 78, 1)
(50, 73, 78, 1)
(52, 73, 78, 1)
(54, 73, 78, 1)
(56, 73, 78, 1)
(60, 73, 78, 1)
(62, 73, 78, 1)
(64, 73, 78, 1)
(66, 73, 78, 1)
(70, 73, 78, 1)
(5, 74, 78, 1)
(7, 74, 78, 1)
(9, 74, 78, 1)
(11, 74, 78, 1)
(13, 74, 78, 1)
(15, 74, 78, 1)
(17, 74, 78, 1)
(19, 74, 78, 1)
(21, 74, 78, 1)
(23, 74, 78, 1)
(25, 74, 78, 1)
(27, 74, 78, 1)
(29, 74, 78, 1)
(31, 74, 78, 1)
(33, 74, 78, 1)
(35, 74, 78, 1)
(37, 74, 78, 1)
(39, 74, 78, 1)
(41, 74, 78, 1)
(43, 74, 78, 1)
(45, 74, 78, 1)
(47, 74, 78, 1)
(49, 74, 78, 1)
(51, 74, 78, 1)
(53, 74, 78, 1)
(55, 74, 78, 1)
(57, 74, 78, 1)
(59, 74, 78, 1)
(61, 74, 78, 1)
(63, 74, 78, 1)
(65, 74, 78, 1)
(67, 74, 78, 1)
(69, 74, 78, 1)
(71, 74, 78, 1)
(4, 75, 78, 1)
(8, 75, 78, 1)
(10, 75, 78, 1)
(14, 75, 78, 1)
(16, 75, 78, 1)
(20, 75, 78, 1)
(22, 75, 78, 1)
(26, 75, 78, 1)
(28, 75, 78, 1)
(32, 75, 78, 1)
(34, 75, 78, 1)
(38, 75, 78, 1)
(40, 75, 78, 1)
(44, 75, 78, 1)
(46, 75, 78, 1)
(50, 75, 78, 1)
(52, 75, 78, 1)
(56, 75, 78, 1)
(58, 75, 78, 1)
(62, 75, 78, 1)
(64, 75, 78, 1)
(68, 75, 78, 1)
(70, 75, 78, 1)
(38, 40, 79, 1)
(38, 41, 79, 1)
(36, 42, 79, 1)
(37, 42, 79, 1)
(38, 42, 79, 1)
(39, 42, 79, 1)
(40, 42, 79, 1)
(36, 43, 79, 1)
(38, 43, 79, 1)
(35, 44, 79, 1)
(36, 44, 79, 1)
(38, 44, 79, 1)
(40, 44, 79, 1)
(41, 44, 79, 1)
(42, 44, 79, 1)
(34, 45, 79, 1)
(36, 45, 79, 1)
(38, 45, 79, 1)
(40, 45, 79, 1)
(42, 45, 79, 1)
(32, 46, 79, 1)
(33, 46, 79, 1)
(36, 46, 79, 1)
(38, 46, 79, 1)
(39, 46, 79, 1)
(41, 46, 79, 1)
(42, 46, 79, 1)
(44, 46, 79, 1)
(32, 47, 79, 1)
(34, 47, 79, 1)
(36, 47, 79, 1)
(38, 47, 79, 1)
(40, 47, 79, 1)
(42, 47, 79, 1)
(44, 47, 79, 1)
(30, 48, 79, 1)
(31, 48, 79, 1)
(32, 48, 79, 1)
(33, 48, 79, 1)
(34, 48, 79, 1)
(35, 48, 79, 1)
(36, 48, 79, 1)
(37, 48, 79, 1)
(38, 48, 79, 1)
(39, 48, 79, 1)
(40, 48, 79, 1)
(41, 48, 79, 1)
(42, 48, 79, 1)
(43, 48, 79, 1)
(44, 48, 79, 1)
(45, 48, 79, 1)
(46, 48, 79, 1)
(30, 49, 79, 1)
(32, 49, 79, 1)
(36, 49, 79, 1)
(38, 49, 79, 1)
(42, 49, 79, 1)
(28, 50, 79, 1)
(29, 50, 79, 1)
(30, 50, 79, 1)
(31, 50, 79, 1)
(32, 50, 79, 1)
(33, 50, 79, 1)
(34, 50, 79, 1)
(35, 50, 79, 1)
(36, 50, 79, 1)
(37, 50, 79, 1)
(38, 50, 79, 1)
(39, 50, 79, 1)
(40, 50, 79, 1)
(41, 50, 79, 1)
(42, 50, 79, 1)
(43, 50, 79, 1)
(44, 50, 79, 1)
(45, 50, 79, 1)
(46, 50, 79, 1)
(47, 50, 79, 1)
(48, 50, 79, 1)
(28, 51, 79, 1)
(32, 51, 79, 1)
(34, 51, 79, 1)
(36, 51, 79, 1)
(38, 51, 79, 1)
(40, 51, 79, 1)
(42, 51, 79, 1)
(46, 51, 79, 1)
(48, 51, 79, 1)
(26, 52, 79, 1)
(27, 52, 79, 1)
(29, 52, 79, 1)
(30, 52, 79, 1)
(32, 52, 79, 1)
(33, 52, 79, 1)
(35, 52, 79, 1)
(36, 52, 79, 1)
(38, 52, 79, 1)
(39, 52, 79, 1)
(41, 52, 79, 1)
(42, 52, 79, 1)
(44, 52, 79, 1)
(45, 52, 79, 1)
(47, 52, 79, 1)
(48, 52, 79, 1)
(50, 52, 79, 1)
(26, 53, 79, 1)
(28, 53, 79, 1)
(30, 53, 79, 1)
(32, 53, 79, 1)
(34, 53, 79, 1)
(36, 53, 79, 1)
(38, 53, 79, 1)
(42, 53, 79, 1)
(44, 53, 79, 1)
(46, 53, 79, 1)
(48, 53, 79, 1)
(50, 53, 79, 1)
(25, 54, 79, 1)
(26, 54, 79, 1)
(27, 54, 79, 1)
(28, 54, 79, 1)
(30, 54, 79, 1)
(31, 54, 79, 1)
(32, 54, 79, 1)
(33, 54, 79, 1)
(35, 54, 79, 1)
(36, 54, 79, 1)
(37, 54, 79, 1)
(38, 54, 79, 1)
(40, 54, 79, 1)
(41, 54, 79, 1)
(42, 54, 79, 1)
(43, 54, 79, 1)
(45, 54, 79, 1)
(46, 54, 79, 1)
(47, 54, 79, 1)
(48, 54, 79, 1)
(50, 54, 79, 1)
(51, 54, 79, 1)
(52, 54, 79, 1)
(24, 55, 79, 1)
(26, 55, 79, 1)
(30, 55, 79, 1)
(32, 55, 79, 1)
(36, 55, 79, 1)
(38, 55, 79, 1)
(42, 55, 79, 1)
(44, 55, 79, 1)
(48, 55, 79, 1)
(50, 55, 79, 1)
(22, 56, 79, 1)
(23, 56, 79, 1)
(24, 56, 79, 1)
(25, 56, 79, 1)
(26, 56, 79, 1)
(27, 56, 79, 1)
(28, 56, 79, 1)
(29, 56, 79, 1)
(30, 56, 79, 1)
(31, 56, 79, 1)
(32, 56, 79, 1)
(34, 56, 79, 1)
(35, 56, 79, 1)
(36, 56, 79, 1)
(37, 56, 79, 1)
(38, 56, 79, 1)
(39, 56, 79, 1)
(40, 56, 79, 1)
(41, 56, 79, 1)
(42, 56, 79, 1)
(43, 56, 79, 1)
(44, 56, 79, 1)
(45, 56, 79, 1)
(46, 56, 79, 1)
(47, 56, 79, 1)
(48, 56, 79, 1)
(49, 56, 79, 1)
(50, 56, 79, 1)
(51, 56, 79, 1)
(52, 56, 79, 1)
(53, 56, 79, 1)
(54, 56, 79, 1)
(22, 57, 79, 1)
(26, 57, 79, 1)
(28, 57, 79, 1)
(30, 57, 79, 1)
(32, 57, 79, 1)
(34, 57, 79, 1)
(36, 57, 79, 1)
(38, 57, 79, 1)
(40, 57, 79, 1)
(42, 57, 79, 1)
(44, 57, 79, 1)
(48, 57, 79, 1)
(50, 57, 79, 1)
(52, 57, 79, 1)
(54, 57, 79, 1)
(20, 58, 79, 1)
(21, 58, 79, 1)
(24, 58, 79, 1)
(26, 58, 79, 1)
(27, 58, 79, 1)
(29, 58, 79, 1)
(32, 58, 79, 1)
(33, 58, 79, 1)
(35, 58, 79, 1)
(36, 58, 79, 1)
(38, 58, 79, 1)
(39, 58, 79, 1)
(41, 58, 79, 1)
(42, 58, 79, 1)
(45, 58, 79, 1)
(47, 58, 79, 1)
(48, 58, 79, 1)
(50, 58, 79, 1)
(53, 58, 79, 1)
(54, 58, 79, 1)
(56, 58, 79, 1)
(20, 59, 79, 1)
(22, 59, 79, 1)
(26, 59, 79, 1)
(28, 59, 79, 1)
(30, 59, 79, 1)
(32, 59, 79, 1)
(36, 59, 79, 1)
(38, 59, 79, 1)
(40, 59, 79, 1)
(42, 59, 79, 1)
(46, 59, 79, 1)
(48, 59, 79, 1)
(50, 59, 79, 1)
(52, 59, 79, 1)
(56, 59, 79, 1)
(18, 60, 79, 1)
(19, 60, 79, 1)
(20, 60, 79, 1)
(21, 60, 79, 1)
(23, 60, 79, 1)
(24, 60, 79, 1)
(25, 60, 79, 1)
(26, 60, 79, 1)
(27, 60, 79, 1)
(28, 60, 79, 1)
(29, 60, 79, 1)
(30, 60, 79, 1)
(31, 60, 79, 1)
(32, 60, 79, 1)
(33, 60, 79, 1)
(34, 60, 79, 1)
(35, 60, 79, 1)
(36, 60, 79, 1)
(37, 60, 79, 1)
(38, 60, 79, 1)
(39, 60, 79, 1)
(40, 60, 79, 1)
(42, 60, 79, 1)
(43, 60, 79, 1)
(44, 60, 79, 1)
(45, 60, 79, 1)
(46, 60, 79, 1)
(47, 60, 79, 1)
(48, 60, 79, 1)
(49, 60, 79, 1)
(50, 60, 79, 1)
(51, 60, 79, 1)
(52, 60, 79, 1)
(53, 60, 79, 1)
(54, 60, 79, 1)
(55, 60, 79, 1)
(56, 60, 79, 1)
(57, 60, 79, 1)
(58, 60, 79, 1)
(18, 61, 79, 1)
(20, 61, 79, 1)
(24, 61, 79, 1)
(26, 61, 79, 1)
(30, 61, 79, 1)
(32, 61, 79, 1)
(36, 61, 79, 1)
(38, 61, 79, 1)
(42, 61, 79, 1)
(44, 61, 79, 1)
(48, 61, 79, 1)
(50, 61, 79, 1)
(54, 61, 79, 1)
(56, 61, 79, 1)
(16, 62, 79, 1)
(17, 62, 79, 1)
(18, 62, 79, 1)
(19, 62, 79, 1)
(20, 62, 79, 1)
(21, 62, 79, 1)
(22, 62, 79, 1)
(23, 62, 79, 1)
(24, 62, 79, 1)
(25, 62, 79, 1)
(26, 62, 79, 1)
(27, 62, 79, 1)
(29, 62, 79, 1)
(30, 62, 79, 1)
(31, 62, 79, 1)
(32, 62, 79, 1)
(33, 62, 79, 1)
(34, 62, 79, 1)
(35, 62, 79, 1)
(36, 62, 79, 1)
(37, 62, 79, 1)
(38, 62, 79, 1)
(39, 62, 79, 1)
(40, 62, 79, 1)
(41, 62, 79, 1)
(42, 62, 79, 1)
(43, 62, 79, 1)
(44, 62, 79, 1)
(46, 62, 79, 1)
(47, 62, 79, 1)
(48, 62, 79, 1)
(49, 62, 79, 1)
(50, 62, 79, 1)
(51, 62, 79, 1)
(52, 62, 79, 1)
(53, 62, 79, 1)
(54, 62, 79, 1)
(55, 62, 79, 1)
(56, 62, 79, 1)
(57, 62, 79, 1)
(58, 62, 79, 1)
(59, 62, 79, 1)
(60, 62, 79, 1)
(16, 63, 79, 1)
(18, 63, 79, 1)
(20, 63, 79, 1)
(22, 63, 79, 1)
(24, 63, 79, 1)
(26, 63, 79, 1)
(28, 63, 79, 1)
(30, 63, 79, 1)
(32, 63, 79, 1)
(34, 63, 79, 1)
(36, 63, 79, 1)
(38, 63, 79, 1)
(40, 63, 79, 1)
(42, 63, 79, 1)
(44, 63, 79, 1)
(46, 63, 79, 1)
(48, 63, 79, 1)
(50, 63, 79, 1)
(52, 63, 79, 1)
(54, 63, 79, 1)
(56, 63, 79, 1)
(58, 63, 79, 1)
(60, 63, 79, 1)
(15, 64, 79, 1)
(17, 64, 79, 1)
(18, 64, 79, 1)
(20, 64, 79, 1)
(21, 64, 79, 1)
(23, 64, 79, 1)
(26, 64, 79, 1)
(27, 64, 79, 1)
(30, 64, 79, 1)
(32, 64, 79, 1)
(33, 64, 79, 1)
(35, 64, 79, 1)
(36, 64, 79, 1)
(38, 64, 79, 1)
(41, 64, 79, 1)
(42, 64, 79, 1)
(45, 64, 79, 1)
(47, 64, 79, 1)
(48, 64, 79, 1)
(50, 64, 79, 1)
(51, 64, 79, 1)
(53, 64, 79, 1)
(56, 64, 79, 1)
(57, 64, 79, 1)
(60, 64, 79, 1)
(62, 64, 79, 1)
(14, 65, 79, 1)
(18, 65, 79, 1)
(20, 65, 79, 1)
(22, 65, 79, 1)
(24, 65, 79, 1)
(26, 65, 79, 1)
(28, 65, 79, 1)
(32, 65, 79, 1)
(34, 65, 79, 1)
(36, 65, 79, 1)
(38, 65, 79, 1)
(40, 65, 79, 1)
(42, 65, 79, 1)
(46, 65, 79, 1)
(48, 65, 79, 1)
(50, 65, 79, 1)
(52, 65, 79, 1)
(54, 65, 79, 1)
(56, 65, 79, 1)
(60, 65, 79, 1)
(62, 65, 79, 1)
(12, 66, 79, 1)
(13, 66, 79, 1)
(15, 66, 79, 1)
(16, 66, 79, 1)
(17, 66, 79, 1)
(18, 66, 79, 1)
(19, 66, 79, 1)
(20, 66, 79, 1)
(21, 66, 79, 1)
(22, 66, 79, 1)
(23, 66, 79, 1)
(24, 66, 79, 1)
(25, 66, 79, 1)
(26, 66, 79, 1)
(28, 66, 79, 1)
(29, 66, 79, 1)
(30, 66, 79, 1)
(31, 66, 79, 1)
(32, 66, 79, 1)
(33, 66, 79, 1)
(34, 66, 79, 1)
(35, 66, 79, 1)
(36, 66, 79, 1)
(37, 66, 79, 1)
(38, 66, 79, 1)
(39, 66, 79, 1)
(41, 66, 79, 1)
(42, 66, 79, 1)
(43, 66, 79, 1)
(44, 66, 79, 1)
(45, 66, 79, 1)
(46, 66, 79, 1)
(47, 66, 79, 1)
(48, 66, 79, 1)
(49, 66, 79, 1)
(50, 66, 79, 1)
(51, 66, 79, 1)
(52, 66, 79, 1)
(54, 66, 79, 1)
(55, 66, 79, 1)
(56, 66, 79, 1)
(57, 66, 79, 1)
(58, 66, 79, 1)
(59, 66, 79, 1)
(60, 66, 79, 1)
(61, 66, 79, 1)
(62, 66, 79, 1)
(63, 66, 79, 1)
(64, 66, 79, 1)
(12, 67, 79, 1)
(14, 67, 79, 1)
(18, 67, 79, 1)
(20, 67, 79, 1)
(24, 67, 79, 1)
(26, 67, 79, 1)
(30, 67, 79, 1)
(32, 67, 79, 1)
(36, 67, 79, 1)
(38, 67, 79, 1)
(42, 67, 79, 1)
(44, 67, 79, 1)
(48, 67, 79, 1)
(50, 67, 79, 1)
(54, 67, 79, 1)
(56, 67, 79, 1)
(60, 67, 79, 1)
(62, 67, 79, 1)
(10, 68, 79, 1)
(11, 68, 79, 1)
(12, 68, 79, 1)
(14, 68, 79, 1)
(15, 68, 79, 1)
(16, 68, 79, 1)
(17, 68, 79, 1)
(18, 68, 79, 1)
(19, 68, 79, 1)
(20, 68, 79, 1)
(21, 68, 79, 1)
(22, 68, 79, 1)
(23, 68, 79, 1)
(25, 68, 79, 1)
(26, 68, 79, 1)
(27, 68, 79, 1)
(28, 68, 79, 1)
(29, 68, 79, 1)
(30, 68, 79, 1)
(31, 68, 79, 1)
(32, 68, 79, 1)
(33, 68, 79, 1)
(34, 68, 79, 1)
(36, 68, 79, 1)
(37, 68, 79, 1)
(38, 68, 79, 1)
(39, 68, 79, 1)
(40, 68, 79, 1)
(41, 68, 79, 1)
(42, 68, 79, 1)
(43, 68, 79, 1)
(44, 68, 79, 1)
(45, 68, 79, 1)
(47, 68, 79, 1)
(48, 68, 79, 1)
(49, 68, 79, 1)
(50, 68, 79, 1)
(51, 68, 79, 1)
(52, 68, 79, 1)
(53, 68, 79, 1)
(54, 68, 79, 1)
(55, 68, 79, 1)
(56, 68, 79, 1)
(58, 68, 79, 1)
(59, 68, 79, 1)
(60, 68, 79, 1)
(61, 68, 79, 1)
(62, 68, 79, 1)
(63, 68, 79, 1)
(64, 68, 79, 1)
(65, 68, 79, 1)
(66, 68, 79, 1)
(10, 69, 79, 1)
(12, 69, 79, 1)
(16, 69, 79, 1)
(18, 69, 79, 1)
(20, 69, 79, 1)
(22, 69, 79, 1)
(26, 69, 79, 1)
(28, 69, 79, 1)
(30, 69, 79, 1)
(32, 69, 79, 1)
(36, 69, 79, 1)
(38, 69, 79, 1)
(40, 69, 79, 1)
(42, 69, 79, 1)
(46, 69, 79, 1)
(48, 69, 79, 1)
(50, 69, 79, 1)
(52, 69, 79, 1)
(56, 69, 79, 1)
(58, 69, 79, 1)
(60, 69, 79, 1)
(62, 69, 79, 1)
(66, 69, 79, 1)
(8, 70, 79, 1)
(9, 70, 79, 1)
(11, 70, 79, 1)
(12, 70, 79, 1)
(14, 70, 79, 1)
(15, 70, 79, 1)
(17, 70, 79, 1)
(18, 70, 79, 1)
(20, 70, 79, 1)
(21, 70, 79, 1)
(23, 70, 79, 1)
(24, 70, 79, 1)
(26, 70, 79, 1)
(27, 70, 79, 1)
(29, 70, 79, 1)
(30, 70, 79, 1)
(32, 70, 79, 1)
(33, 70, 79, 1)
(35, 70, 79, 1)
(36, 70, 79, 1)
(38, 70, 79, 1)
(39, 70, 79, 1)
(41, 70, 79, 1)
(42, 70, 79, 1)
(44, 70, 79, 1)
(45, 70, 79, 1)
(47, 70, 79, 1)
(48, 70, 79, 1)
(50, 70, 79, 1)
(51, 70, 79, 1)
(53, 70, 79, 1)
(54, 70, 79, 1)
(56, 70, 79, 1)
(57, 70, 79, 1)
(59, 70, 79, 1)
(60, 70, 79, 1)
(62, 70, 79, 1)
(63, 70, 79, 1)
(65, 70, 79, 1)
(66, 70, 79, 1)
(68, 70, 79, 1)
(8, 71, 79, 1)
(10, 71, 79, 1)
(12, 71, 79, 1)
(14, 71, 79, 1)
(16, 71, 79, 1)
(18, 71, 79, 1)
(20, 71, 79, 1)
(22, 71, 79, 1)
(24, 71, 79, 1)
(26, 71, 79, 1)
(28, 71, 79, 1)
(30, 71, 79, 1)
(32, 71, 79, 1)
(34, 71, 79, 1)
(36, 71, 79, 1)
(38, 71, 79, 1)
(40, 71, 79, 1)
(42, 71, 79, 1)
(44, 71, 79, 1)
(46, 71, 79, 1)
(48, 71, 79, 1)
(50, 71, 79, 1)
(52, 71, 79, 1)
(54, 71, 79, 1)
(56, 71, 79, 1)
(58, 71, 79, 1)
(60, 71, 79, 1)
(62, 71, 79, 1)
(64, 71, 79, 1)
(66, 71, 79, 1)
(68, 71, 79, 1)
(6, 72, 79, 1)
(7, 72, 79, 1)
(8, 72, 79, 1)
(10, 72, 79, 1)
(11, 72, 79, 1)
(12, 72, 79, 1)
(13, 72, 79, 1)
(14, 72, 79, 1)
(15, 72, 79, 1)
(17, 72, 79, 1)
(18, 72, 79, 1)
(19, 72, 79, 1)
(20, 72, 79, 1)
(21, 72, 79, 1)
(22, 72, 79, 1)
(24, 72, 79, 1)
(25, 72, 79, 1)
(26, 72, 79, 1)
(27, 72, 79, 1)
(28, 72, 79, 1)
(29, 72, 79, 1)
(31, 72, 79, 1)
(32, 72, 79, 1)
(33, 72, 79, 1)
(34, 72, 79, 1)
(35, 72, 79, 1)
(36, 72, 79, 1)
(38, 72, 79, 1)
(39, 72, 79, 1)
(40, 72, 79, 1)
(41, 72, 79, 1)
(42, 72, 79, 1)
(43, 72, 79, 1)
(45, 72, 79, 1)
(46, 72, 79, 1)
(47, 72, 79, 1)
(48, 72, 79, 1)
(49, 72, 79, 1)
(50, 72, 79, 1)
(52, 72, 79, 1)
(53, 72, 79, 1)
(54, 72, 79, 1)
(55, 72, 79, 1)
(56, 72, 79, 1)
(57, 72, 79, 1)
(59, 72, 79, 1)
(60, 72, 79, 1)
(61, 72, 79, 1)
(62, 72, 79, 1)
(63, 72, 79, 1)
(64, 72, 79, 1)
(66, 72, 79, 1)
(67, 72, 79, 1)
(68, 72, 79, 1)
(69, 72, 79, 1)
(70, 72, 79, 1)
(6, 73, 79, 1)
(8, 73, 79, 1)
(12, 73, 79, 1)
(14, 73, 79, 1)
(18, 73, 79, 1)
(20, 73, 79, 1)
(24, 73, 79, 1)
(26, 73, 79, 1)
(30, 73, 79, 1)
(32, 73, 79, 1)
(36, 73, 79, 1)
(38, 73, 79, 1)
(42, 73, 79, 1)
(44, 73, 79, 1)
(48, 73, 79, 1)
(50, 73, 79, 1)
(54, 73, 79, 1)
(56, 73, 79, 1)
(60, 73, 79, 1)
(62, 73, 79, 1)
(66, 73, 79, 1)
(68, 73, 79, 1)
(5, 74, 79, 1)
(6, 74, 79, 1)
(7, 74, 79, 1)
(8, 74, 79, 1)
(10, 74, 79, 1)
(11, 74, 79, 1)
(12, 74, 79, 1)
(13, 74, 79, 1)
(15, 74, 79, 1)
(16, 74, 79, 1)
(17, 74, 79, 1)
(18, 74, 79, 1)
(20, 74, 79, 1)
(21, 74, 79, 1)
(22, 74, 79, 1)
(23, 74, 79, 1)
(25, 74, 79, 1)
(26, 74, 79, 1)
(27, 74, 79, 1)
(28, 74, 79, 1)
(30, 74, 79, 1)
(31, 74, 79, 1)
(32, 74, 79, 1)
(33, 74, 79, 1)
(35, 74, 79, 1)
(36, 74, 79, 1)
(37, 74, 79, 1)
(38, 74, 79, 1)
(40, 74, 79, 1)
(41, 74, 79, 1)
(42, 74, 79, 1)
(43, 74, 79, 1)
(45, 74, 79, 1)
(46, 74, 79, 1)
(47, 74, 79, 1)
(48, 74, 79, 1)
(50, 74, 79, 1)
(51, 74, 79, 1)
(52, 74, 79, 1)
(53, 74, 79, 1)
(55, 74, 79, 1)
(56, 74, 79, 1)
(57, 74, 79, 1)
(58, 74, 79, 1)
(60, 74, 79, 1)
(61, 74, 79, 1)
(62, 74, 79, 1)
(63, 74, 79, 1)
(65, 74, 79, 1)
(66, 74, 79, 1)
(67, 74, 79, 1)
(68, 74, 79, 1)
(70, 74, 79, 1)
(71, 74, 79, 1)
(72, 74, 79, 1)
(4, 75, 79, 1)
(6, 75, 79, 1)
(8, 75, 79, 1)
(10, 75, 79, 1)
(12, 75, 79, 1)
(14, 75, 79, 1)
(16, 75, 79, 1)
(18, 75, 79, 1)
(20, 75, 79, 1)
(22, 75, 79, 1)
(24, 75, 79, 1)
(26, 75, 79, 1)
(28, 75, 79, 1)
(30, 75, 79, 1)
(32, 75, 79, 1)
(34, 75, 79, 1)
(36, 75, 79, 1)
(38, 75, 79, 1)
(40, 75, 79, 1)
(42, 75, 79, 1)
(44, 75, 79, 1)
(46, 75, 79, 1)
(48, 75, 79, 1)
(50, 75, 79, 1)
(52, 75, 79, 1)
(54, 75, 79, 1)
(56, 75, 79, 1)
(58, 75, 79, 1)
(60, 75, 79, 1)
(62, 75, 79, 1)
(64, 75, 79, 1)
(66, 75, 79, 1)
(68, 75, 79, 1)
(70, 75, 79, 1)
(72, 75, 79, 1)
(5, 76, 79, 1)
(6, 76, 79, 1)
(8, 76, 79, 1)
(9, 76, 79, 1)
(11, 76, 79, 1)
(12, 76, 79, 1)
(14, 76, 79, 1)
(15, 76, 79, 1)
(17, 76, 79, 1)
(18, 76, 79, 1)
(20, 76, 79, 1)
(21, 76, 79, 1)
(23, 76, 79, 1)
(24, 76, 79, 1)
(26, 76, 79, 1)
(27, 76, 79, 1)
(29, 76, 79, 1)
(30, 76, 79, 1)
(32, 76, 79, 1)
(33, 76, 79, 1)
(35, 76, 79, 1)
(36, 76, 79, 1)
(38, 76, 79, 1)
(39, 76, 79, 1)
(41, 76, 79, 1)
(42, 76, 79, 1)
(44, 76, 79, 1)
(45, 76, 79, 1)
(47, 76, 79, 1)
(48, 76, 79, 1)
(50, 76, 79, 1)
(51, 76, 79, 1)
(53, 76, 79, 1)
(54, 76, 79, 1)
(56, 76, 79, 1)
(57, 76, 79, 1)
(59, 76, 79, 1)
(60, 76, 79, 1)
(62, 76, 79, 1)
(63, 76, 79, 1)
(65, 76, 79, 1)
(66, 76, 79, 1)
(68, 76, 79, 1)
(69, 76, 79, 1)
(71, 76, 79, 1)
(72, 76, 79, 1)
(74, 76, 79, 1)
(39, 42, 80, 1)
(38, 43, 80, 1)
(40, 43, 80, 1)
(39, 44, 80, 1)
(42, 45, 80, 1)
(35, 46, 80, 1)
(37, 46, 80, 1)
(39, 46, 80, 1)
(41, 46, 80, 1)
(43, 46, 80, 1)
(34, 47, 80, 1)
(40, 47, 80, 1)
(42, 47, 80, 1)
(35, 48, 80, 1)
(39, 48, 80, 1)
(43, 48, 80, 1)
(34, 49, 80, 1)
(38, 49, 80, 1)
(42, 49, 80, 1)
(46, 49, 80, 1)
(31, 50, 80, 1)
(33, 50, 80, 1)
(37, 50, 80, 1)
(39, 50, 80, 1)
(43, 50, 80, 1)
(30, 51, 80, 1)
(32, 51, 80, 1)
(34, 51, 80, 1)
(36, 51, 80, 1)
(38, 51, 80, 1)
(40, 51, 80, 1)
(42, 51, 80, 1)
(44, 51, 80, 1)
(46, 51, 80, 1)
(48, 51, 80, 1)
(35, 52, 80, 1)
(39, 52, 80, 1)
(43, 52, 80, 1)
(47, 52, 80, 1)
(30, 53, 80, 1)
(34, 53, 80, 1)
(42, 53, 80, 1)
(46, 53, 80, 1)
(27, 54, 80, 1)
(29, 54, 80, 1)
(31, 54, 80, 1)
(33, 54, 80, 1)
(35, 54, 80, 1)
(37, 54, 80, 1)
(39, 54, 80, 1)
(43, 54, 80, 1)
(45, 54, 80, 1)
(47, 54, 80, 1)
(49, 54, 80, 1)
(51, 54, 80, 1)
(26, 55, 80, 1)
(28, 55, 80, 1)
(32, 55, 80, 1)
(34, 55, 80, 1)
(36, 55, 80, 1)
(38, 55, 80, 1)
(42, 55, 80, 1)
(44, 55, 80, 1)
(46, 55, 80, 1)
(48, 55, 80, 1)
(52, 55, 80, 1)
(27, 56, 80, 1)
(31, 56, 80, 1)
(39, 56, 80, 1)
(43, 56, 80, 1)
(51, 56, 80, 1)
(26, 57, 80, 1)
(30, 57, 80, 1)
(38, 57, 80, 1)
(42, 57, 80, 1)
(46, 57, 80, 1)
(50, 57, 80, 1)
(54, 57, 80, 1)
(23, 58, 80, 1)
(27, 58, 80, 1)
(29, 58, 80, 1)
(31, 58, 80, 1)
(33, 58, 80, 1)
(35, 58, 80, 1)
(37, 58, 80, 1)
(39, 58, 80, 1)
(41, 58, 80, 1)
(43, 58, 80, 1)
(45, 58, 80, 1)
(49, 58, 80, 1)
(51, 58, 80, 1)
(53, 58, 80, 1)
(55, 58, 80, 1)
(22, 59, 80, 1)
(28, 59, 80, 1)
(30, 59, 80, 1)
(34, 59, 80, 1)
(36, 59, 80, 1)
(40, 59, 80, 1)
(42, 59, 80, 1)
(46, 59, 80, 1)
(48, 59, 80, 1)
(54, 59, 80, 1)
(23, 60, 80, 1)
(27, 60, 80, 1)
(31, 60, 80, 1)
(39, 60, 80, 1)
(43, 60, 80, 1)
(47, 60, 80, 1)
(51, 60, 80, 1)
(22, 61, 80, 1)
(26, 61, 80, 1)
(30, 61, 80, 1)
(34, 61, 80, 1)
(38, 61, 80, 1)
(46, 61, 80, 1)
(50, 61, 80, 1)
(54, 61, 80, 1)
(58, 61, 80, 1)
(19, 62, 80, 1)
(21, 62, 80, 1)
(25, 62, 80, 1)
(27, 62, 80, 1)
(31, 62, 80, 1)
(33, 62, 80, 1)
(37, 62, 80, 1)
(39, 62, 80, 1)
(43, 62, 80, 1)
(45, 62, 80, 1)
(49, 62, 80, 1)
(51, 62, 80, 1)
(55, 62, 80, 1)
(57, 62, 80, 1)
(18, 63, 80, 1)
(20, 63, 80, 1)
(22, 63, 80, 1)
(24, 63, 80, 1)
(26, 63, 80, 1)
(28, 63, 80, 1)
(30, 63, 80, 1)
(32, 63, 80, 1)
(34, 63, 80, 1)
(36, 63, 80, 1)
(38, 63, 80, 1)
(40, 63, 80, 1)
(42, 63, 80, 1)
(44, 63, 80, 1)
(48, 63, 80, 1)
(50, 63, 80, 1)
(52, 63, 80, 1)
(54, 63, 80, 1)
(56, 63, 80, 1)
(58, 63, 80, 1)
(60, 63, 80, 1)
(19, 64, 80, 1)
(23, 64, 80, 1)
(27, 64, 80, 1)
(31, 64, 80, 1)
(35, 64, 80, 1)
(39, 64, 80, 1)
(43, 64, 80, 1)
(47, 64, 80, 1)
(51, 64, 80, 1)
(55, 64, 80, 1)
(59, 64, 80, 1)
(18, 65, 80, 1)
(22, 65, 80, 1)
(34, 65, 80, 1)
(42, 65, 80, 1)
(46, 65, 80, 1)
(54, 65, 80, 1)
(58, 65, 80, 1)
(15, 66, 80, 1)
(19, 66, 80, 1)
(21, 66, 80, 1)
(23, 66, 80, 1)
(25, 66, 80, 1)
(27, 66, 80, 1)
(29, 66, 80, 1)
(33, 66, 80, 1)
(35, 66, 80, 1)
(37, 66, 80, 1)
(39, 66, 80, 1)
(41, 66, 80, 1)
(43, 66, 80, 1)
(47, 66, 80, 1)
(49, 66, 80, 1)
(51, 66, 80, 1)
(53, 66, 80, 1)
(55, 66, 80, 1)
(57, 66, 80, 1)
(61, 66, 80, 1)
(63, 66, 80, 1)
(14, 67, 80, 1)
(16, 67, 80, 1)
(18, 67, 80, 1)
(20, 67, 80, 1)
(22, 67, 80, 1)
(24, 67, 80, 1)
(26, 67, 80, 1)
(30, 67, 80, 1)
(32, 67, 80, 1)
(34, 67, 80, 1)
(36, 67, 80, 1)
(38, 67, 80, 1)
(40, 67, 80, 1)
(42, 67, 80, 1)
(44, 67, 80, 1)
(46, 67, 80, 1)
(48, 67, 80, 1)
(50, 67, 80, 1)
(52, 67, 80, 1)
(56, 67, 80, 1)
(58, 67, 80, 1)
(60, 67, 80, 1)
(62, 67, 80, 1)
(64, 67, 80, 1)
(15, 68, 80, 1)
(19, 68, 80, 1)
(27, 68, 80, 1)
(31, 68, 80, 1)
(39, 68, 80, 1)
(43, 68, 80, 1)
(51, 68, 80, 1)
(55, 68, 80, 1)
(63, 68, 80, 1)
(18, 69, 80, 1)
(22, 69, 80, 1)
(26, 69, 80, 1)
(30, 69, 80, 1)
(34, 69, 80, 1)
(38, 69, 80, 1)
(42, 69, 80, 1)
(46, 69, 80, 1)
(50, 69, 80, 1)
(54, 69, 80, 1)
(62, 69, 80, 1)
(66, 69, 80, 1)
(11, 70, 80, 1)
(13, 70, 80, 1)
(17, 70, 80, 1)
(19, 70, 80, 1)
(21, 70, 80, 1)
(23, 70, 80, 1)
(27, 70, 80, 1)
(29, 70, 80, 1)
(31, 70, 80, 1)
(33, 70, 80, 1)
(37, 70, 80, 1)
(39, 70, 80, 1)
(41, 70, 80, 1)
(43, 70, 80, 1)
(47, 70, 80, 1)
(49, 70, 80, 1)
(51, 70, 80, 1)
(53, 70, 80, 1)
(57, 70, 80, 1)
(59, 70, 80, 1)
(61, 70, 80, 1)
(63, 70, 80, 1)
(67, 70, 80, 1)
(10, 71, 80, 1)
(12, 71, 80, 1)
(16, 71, 80, 1)
(18, 71, 80, 1)
(22, 71, 80, 1)
(24, 71, 80, 1)
(28, 71, 80, 1)
(30, 71, 80, 1)
(34, 71, 80, 1)
(36, 71, 80, 1)
(40, 71, 80, 1)
(42, 71, 80, 1)
(46, 71, 80, 1)
(48, 71, 80, 1)
(52, 71, 80, 1)
(54, 71, 80, 1)
(58, 71, 80, 1)
(60, 71, 80, 1)
(64, 71, 80, 1)
(66, 71, 80, 1)
(11, 72, 80, 1)
(15, 72, 80, 1)
(19, 72, 80, 1)
(23, 72, 80, 1)
(27, 72, 80, 1)
(31, 72, 80, 1)
(35, 72, 80, 1)
(39, 72, 80, 1)
(43, 72, 80, 1)
(47, 72, 80, 1)
(51, 72, 80, 1)
(55, 72, 80, 1)
(59, 72, 80, 1)
(63, 72, 80, 1)
(67, 72, 80, 1)
(14, 73, 80, 1)
(18, 73, 80, 1)
(22, 73, 80, 1)
(26, 73, 80, 1)
(30, 73, 80, 1)
(34, 73, 80, 1)
(42, 73, 80, 1)
(46, 73, 80, 1)
(50, 73, 80, 1)
(54, 73, 80, 1)
(58, 73, 80, 1)
(62, 73, 80, 1)
(70, 73, 80, 1)
(7, 74, 80, 1)
(9, 74, 80, 1)
(13, 74, 80, 1)
(15, 74, 80, 1)
(19, 74, 80, 1)
(21, 74, 80, 1)
(25, 74, 80, 1)
(27, 74, 80, 1)
(31, 74, 80, 1)
(33, 74, 80, 1)
(37, 74, 80, 1)
(39, 74, 80, 1)
(43, 74, 80, 1)
(45, 74, 80, 1)
(49, 74, 80, 1)
(51, 74, 80, 1)
(55, 74, 80, 1)
(57, 74, 80, 1)
(61, 74, 80, 1)
(63, 74, 80, 1)
(67, 74, 80, 1)
(69, 74, 80, 1)
(6, 75, 80, 1)
(8, 75, 80, 1)
(12, 75, 80, 1)
(14, 75, 80, 1)
(16, 75, 80, 1)
(18, 75, 80, 1)
(22, 75, 80, 1)
(24, 75, 80, 1)
(26, 75, 80, 1)
(28, 75, 80, 1)
(32, 75, 80, 1)
(34, 75, 80, 1)
(36, 75, 80, 1)
(38, 75, 80, 1)
(42, 75, 80, 1)
(44, 75, 80, 1)
(46, 75, 80, 1)
(48, 75, 80, 1)
(52, 75, 80, 1)
(54, 75, 80, 1)
(56, 75, 80, 1)
(58, 75, 80, 1)
(62, 75, 80, 1)
(64, 75, 80, 1)
(66, 75, 80, 1)
(68, 75, 80, 1)
(72, 75, 80, 1)
(7, 76, 80, 1)
(11, 76, 80, 1)
(15, 76, 80, 1)
(19, 76, 80, 1)
(23, 76, 80, 1)
(27, 76, 80, 1)
(31, 76, 80, 1)
(35, 76, 80, 1)
(39, 76, 80, 1)
(43, 76, 80, 1)
(47, 76, 80, 1)
(51, 76, 80, 1)
(55, 76, 80, 1)
(59, 76, 80, 1)
(63, 76, 80, 1)
(67, 76, 80, 1)
(71, 76, 80, 1)
(6, 77, 80, 1)
(10, 77, 80, 1)
(18, 77, 80, 1)
(22, 77, 80, 1)
(30, 77, 80, 1)
(34, 77, 80, 1)
(42, 77, 80, 1)
(46, 77, 80, 1)
(54, 77, 80, 1)
(58, 77, 80, 1)
(66, 77, 80, 1)
(70, 77, 80, 1)
(38, 42, 81, 1)
(40, 42, 81, 1)
(38, 43, 81, 1)
(40, 43, 81, 1)
(38, 44, 81, 1)
(39, 44, 81, 1)
(42, 44, 81, 1)
(38, 45, 81, 1)
(34, 46, 81, 1)
(35, 46, 81, 1)
(37, 46, 81, 1)
(38, 46, 81, 1)
(40, 46, 81, 1)
(42, 46, 81, 1)
(43, 46, 81, 1)
(44, 46, 81, 1)
(34, 47, 81, 1)
(36, 47, 81, 1)
(38, 47, 81, 1)
(40, 47, 81, 1)
(42, 47, 81, 1)
(44, 47, 81, 1)
(34, 48, 81, 1)
(35, 48, 81, 1)
(38, 48, 81, 1)
(43, 48, 81, 1)
(46, 48, 81, 1)
(34, 49, 81, 1)
(38, 49, 81, 1)
(42, 49, 81, 1)
(46, 49, 81, 1)
(30, 50, 81, 1)
(31, 50, 81, 1)
(32, 50, 81, 1)
(33, 50, 81, 1)
(34, 50, 81, 1)
(35, 50, 81, 1)
(36, 50, 81, 1)
(37, 50, 81, 1)
(38, 50, 81, 1)
(39, 50, 81, 1)
(40, 50, 81, 1)
(41, 50, 81, 1)
(42, 50, 81, 1)
(43, 50, 81, 1)
(44, 50, 81, 1)
(45, 50, 81, 1)
(46, 50, 81, 1)
(47, 50, 81, 1)
(48, 50, 81, 1)
(32, 51, 81, 1)
(34, 51, 81, 1)
(38, 51, 81, 1)
(40, 51, 81, 1)
(44, 51, 81, 1)
(30, 52, 81, 1)
(31, 52, 81, 1)
(34, 52, 81, 1)
(35, 52, 81, 1)
(38, 52, 81, 1)
(39, 52, 81, 1)
(42, 52, 81, 1)
(43, 52, 81, 1)
(46, 52, 81, 1)
(47, 52, 81, 1)
(50, 52, 81, 1)
(30, 53, 81, 1)
(34, 53, 81, 1)
(38, 53, 81, 1)
(42, 53, 81, 1)
(50, 53, 81, 1)
(28, 54, 81, 1)
(29, 54, 81, 1)
(31, 54, 81, 1)
(32, 54, 81, 1)
(34, 54, 81, 1)
(35, 54, 81, 1)
(37, 54, 81, 1)
(38, 54, 81, 1)
(40, 54, 81, 1)
(41, 54, 81, 1)
(43, 54, 81, 1)
(44, 54, 81, 1)
(46, 54, 81, 1)
(47, 54, 81, 1)
(49, 54, 81, 1)
(50, 54, 81, 1)
(52, 54, 81, 1)
(26, 55, 81, 1)
(28, 55, 81, 1)
(30, 55, 81, 1)
(32, 55, 81, 1)
(34, 55, 81, 1)
(36, 55, 81, 1)
(38, 55, 81, 1)
(40, 55, 81, 1)
(44, 55, 81, 1)
(46, 55, 81, 1)
(48, 55, 81, 1)
(50, 55, 81, 1)
(52, 55, 81, 1)
(27, 56, 81, 1)
(30, 56, 81, 1)
(34, 56, 81, 1)
(35, 56, 81, 1)
(38, 56, 81, 1)
(39, 56, 81, 1)
(42, 56, 81, 1)
(43, 56, 81, 1)
(47, 56, 81, 1)
(50, 56, 81, 1)
(54, 56, 81, 1)
(26, 57, 81, 1)
(34, 57, 81, 1)
(38, 57, 81, 1)
(46, 57, 81, 1)
(50, 57, 81, 1)
(22, 58, 81, 1)
(23, 58, 81, 1)
(24, 58, 81, 1)
(25, 58, 81, 1)
(26, 58, 81, 1)
(27, 58, 81, 1)
(28, 58, 81, 1)
(29, 58, 81, 1)
(30, 58, 81, 1)
(31, 58, 81, 1)
(32, 58, 81, 1)
(33, 58, 81, 1)
(34, 58, 81, 1)
(36, 58, 81, 1)
(37, 58, 81, 1)
(38, 58, 81, 1)
(39, 58, 81, 1)
(40, 58, 81, 1)
(41, 58, 81, 1)
(42, 58, 81, 1)
(43, 58, 81, 1)
(44, 58, 81, 1)
(45, 58, 81, 1)
(46, 58, 81, 1)
(47, 58, 81, 1)
(48, 58, 81, 1)
(49, 58, 81, 1)
(50, 58, 81, 1)
(51, 58, 81, 1)
(52, 58, 81, 1)
(53, 58, 81, 1)
(54, 58, 81, 1)
(55, 58, 81, 1)
(56, 58, 81, 1)
(22, 59, 81, 1)
(24, 59, 81, 1)
(28, 59, 81, 1)
(30, 59, 81, 1)
(32, 59, 81, 1)
(34, 59, 81, 1)
(36, 59, 81, 1)
(38, 59, 81, 1)
(40, 59, 81, 1)
(42, 59, 81, 1)
(44, 59, 81, 1)
(46, 59, 81, 1)
(50, 59, 81, 1)
(52, 59, 81, 1)
(54, 59, 81, 1)
(56, 59, 81, 1)
(22, 60, 81, 1)
(23, 60, 81, 1)
(26, 60, 81, 1)
(31, 60, 81, 1)
(34, 60, 81, 1)
(35, 60, 81, 1)
(38, 60, 81, 1)
(43, 60, 81, 1)
(47, 60, 81, 1)
(50, 60, 81, 1)
(55, 60, 81, 1)
(58, 60, 81, 1)
(22, 61, 81, 1)
(30, 61, 81, 1)
(34, 61, 81, 1)
(38, 61, 81, 1)
(42, 61, 81, 1)
(50, 61, 81, 1)
(54, 61, 81, 1)
(58, 61, 81, 1)
(18, 62, 81, 1)
(19, 62, 81, 1)
(20, 62, 81, 1)
(21, 62, 81, 1)
(22, 62, 81, 1)
(23, 62, 81, 1)
(25, 62, 81, 1)
(26, 62, 81, 1)
(27, 62, 81, 1)
(28, 62, 81, 1)
(29, 62, 81, 1)
(30, 62, 81, 1)
(31, 62, 81, 1)
(32, 62, 81, 1)
(33, 62, 81, 1)
(34, 62, 81, 1)
(35, 62, 81, 1)
(36, 62, 81, 1)
(37, 62, 81, 1)
(38, 62, 81, 1)
(39, 62, 81, 1)
(40, 62, 81, 1)
(41, 62, 81, 1)
(42, 62, 81, 1)
(44, 62, 81, 1)
(45, 62, 81, 1)
(46, 62, 81, 1)
(47, 62, 81, 1)
(48, 62, 81, 1)
(49, 62, 81, 1)
(50, 62, 81, 1)
(51, 62, 81, 1)
(52, 62, 81, 1)
(53, 62, 81, 1)
(54, 62, 81, 1)
(55, 62, 81, 1)
(56, 62, 81, 1)
(57, 62, 81, 1)
(58, 62, 81, 1)
(59, 62, 81, 1)
(60, 62, 81, 1)
(20, 63, 81, 1)
(22, 63, 81, 1)
(26, 63, 81, 1)
(28, 63, 81, 1)
(32, 63, 81, 1)
(34, 63, 81, 1)
(38, 63, 81, 1)
(40, 63, 81, 1)
(44, 63, 81, 1)
(46, 63, 81, 1)
(50, 63, 81, 1)
(52, 63, 81, 1)
(56, 63, 81, 1)
(58, 63, 81, 1)
(18, 64, 81, 1)
(19, 64, 81, 1)
(22, 64, 81, 1)
(23, 64, 81, 1)
(26, 64, 81, 1)
(27, 64, 81, 1)
(31, 64, 81, 1)
(34, 64, 81, 1)
(35, 64, 81, 1)
(38, 64, 81, 1)
(39, 64, 81, 1)
(42, 64, 81, 1)
(43, 64, 81, 1)
(46, 64, 81, 1)
(50, 64, 81, 1)
(51, 64, 81, 1)
(54, 64, 81, 1)
(55, 64, 81, 1)
(58, 64, 81, 1)
(59, 64, 81, 1)
(62, 64, 81, 1)
(18, 65, 81, 1)
(22, 65, 81, 1)
(26, 65, 81, 1)
(30, 65, 81, 1)
(34, 65, 81, 1)
(38, 65, 81, 1)
(42, 65, 81, 1)
(46, 65, 81, 1)
(50, 65, 81, 1)
(54, 65, 81, 1)
(58, 65, 81, 1)
(62, 65, 81, 1)
(14, 66, 81, 1)
(17, 66, 81, 1)
(19, 66, 81, 1)
(20, 66, 81, 1)
(22, 66, 81, 1)
(23, 66, 81, 1)
(25, 66, 81, 1)
(28, 66, 81, 1)
(29, 66, 81, 1)
(32, 66, 81, 1)
(34, 66, 81, 1)
(35, 66, 81, 1)
(37, 66, 81, 1)
(38, 66, 81, 1)
(40, 66, 81, 1)
(43, 66, 81, 1)
(44, 66, 81, 1)
(47, 66, 81, 1)
(49, 66, 81, 1)
(50, 66, 81, 1)
(52, 66, 81, 1)
(53, 66, 81, 1)
(55, 66, 81, 1)
(58, 66, 81, 1)
(59, 66, 81, 1)
(62, 66, 81, 1)
(64, 66, 81, 1)
(14, 67, 81, 1)
(16, 67, 81, 1)
(20, 67, 81, 1)
(22, 67, 81, 1)
(24, 67, 81, 1)
(26, 67, 81, 1)
(28, 67, 81, 1)
(30, 67, 81, 1)
(34, 67, 81, 1)
(36, 67, 81, 1)
(38, 67, 81, 1)
(40, 67, 81, 1)
(42, 67, 81, 1)
(44, 67, 81, 1)
(48, 67, 81, 1)
(50, 67, 81, 1)
(52, 67, 81, 1)
(54, 67, 81, 1)
(56, 67, 81, 1)
(58, 67, 81, 1)
(62, 67, 81, 1)
(64, 67, 81, 1)
(14, 68, 81, 1)
(15, 68, 81, 1)
(18, 68, 81, 1)
(19, 68, 81, 1)
(22, 68, 81, 1)
(23, 68, 81, 1)
(26, 68, 81, 1)
(27, 68, 81, 1)
(30, 68, 81, 1)
(31, 68, 81, 1)
(34, 68, 81, 1)
(35, 68, 81, 1)
(38, 68, 81, 1)
(39, 68, 81, 1)
(43, 68, 81, 1)
(46, 68, 81, 1)
(47, 68, 81, 1)
(50, 68, 81, 1)
(51, 68, 81, 1)
(54, 68, 81, 1)
(58, 68, 81, 1)
(59, 68, 81, 1)
(62, 68, 81, 1)
(63, 68, 81, 1)
(66, 68, 81, 1)
(14, 69, 81, 1)
(22, 69, 81, 1)
(26, 69, 81, 1)
(34, 69, 81, 1)
(38, 69, 81, 1)
(46, 69, 81, 1)
(50, 69, 81, 1)
(58, 69, 81, 1)
(62, 69, 81, 1)
(10, 70, 81, 1)
(11, 70, 81, 1)
(12, 70, 81, 1)
(13, 70, 81, 1)
(14, 70, 81, 1)
(16, 70, 81, 1)
(17, 70, 81, 1)
(18, 70, 81, 1)
(19, 70, 81, 1)
(20, 70, 81, 1)
(21, 70, 81, 1)
(22, 70, 81, 1)
(23, 70, 81, 1)
(24, 70, 81, 1)
(25, 70, 81, 1)
(27, 70, 81, 1)
(28, 70, 81, 1)
(29, 70, 81, 1)
(30, 70, 81, 1)
(31, 70, 81, 1)
(32, 70, 81, 1)
(33, 70, 81, 1)
(34, 70, 81, 1)
(35, 70, 81, 1)
(36, 70, 81, 1)
(38, 70, 81, 1)
(39, 70, 81, 1)
(40, 70, 81, 1)
(41, 70, 81, 1)
(42, 70, 81, 1)
(43, 70, 81, 1)
(44, 70, 81, 1)
(45, 70, 81, 1)
(46, 70, 81, 1)
(47, 70, 81, 1)
(49, 70, 81, 1)
(50, 70, 81, 1)
(51, 70, 81, 1)
(52, 70, 81, 1)
(53, 70, 81, 1)
(54, 70, 81, 1)
(55, 70, 81, 1)
(56, 70, 81, 1)
(57, 70, 81, 1)
(58, 70, 81, 1)
(60, 70, 81, 1)
(61, 70, 81, 1)
(62, 70, 81, 1)
(63, 70, 81, 1)
(64, 70, 81, 1)
(65, 70, 81, 1)
(66, 70, 81, 1)
(67, 70, 81, 1)
(68, 70, 81, 1)
(10, 71, 81, 1)
(12, 71, 81, 1)
(14, 71, 81, 1)
(18, 71, 81, 1)
(20, 71, 81, 1)
(22, 71, 81, 1)
(24, 71, 81, 1)
(28, 71, 81, 1)
(30, 71, 81, 1)
(32, 71, 81, 1)
(34, 71, 81, 1)
(38, 71, 81, 1)
(40, 71, 81, 1)
(42, 71, 81, 1)
(44, 71, 81, 1)
(48, 71, 81, 1)
(50, 71, 81, 1)
(52, 71, 81, 1)
(54, 71, 81, 1)
(58, 71, 81, 1)
(60, 71, 81, 1)
(62, 71, 81, 1)
(64, 71, 81, 1)
(68, 71, 81, 1)
(10, 72, 81, 1)
(11, 72, 81, 1)
(14, 72, 81, 1)
(19, 72, 81, 1)
(22, 72, 81, 1)
(23, 72, 81, 1)
(26, 72, 81, 1)
(31, 72, 81, 1)
(34, 72, 81, 1)
(35, 72, 81, 1)
(38, 72, 81, 1)
(43, 72, 81, 1)
(46, 72, 81, 1)
(47, 72, 81, 1)
(50, 72, 81, 1)
(55, 72, 81, 1)
(58, 72, 81, 1)
(59, 72, 81, 1)
(62, 72, 81, 1)
(67, 72, 81, 1)
(70, 72, 81, 1)
(10, 73, 81, 1)
(14, 73, 81, 1)
(18, 73, 81, 1)
(22, 73, 81, 1)
(26, 73, 81, 1)
(30, 73, 81, 1)
(34, 73, 81, 1)
(38, 73, 81, 1)
(42, 73, 81, 1)
(46, 73, 81, 1)
(50, 73, 81, 1)
(54, 73, 81, 1)
(58, 73, 81, 1)
(62, 73, 81, 1)
(66, 73, 81, 1)
(70, 73, 81, 1)
(6, 74, 81, 1)
(7, 74, 81, 1)
(8, 74, 81, 1)
(9, 74, 81, 1)
(10, 74, 81, 1)
(12, 74, 81, 1)
(13, 74, 81, 1)
(14, 74, 81, 1)
(15, 74, 81, 1)
(16, 74, 81, 1)
(17, 74, 81, 1)
(19, 74, 81, 1)
(20, 74, 81, 1)
(21, 74, 81, 1)
(22, 74, 81, 1)
(23, 74, 81, 1)
(24, 74, 81, 1)
(26, 74, 81, 1)
(27, 74, 81, 1)
(28, 74, 81, 1)
(29, 74, 81, 1)
(30, 74, 81, 1)
(31, 74, 81, 1)
(33, 74, 81, 1)
(34, 74, 81, 1)
(35, 74, 81, 1)
(36, 74, 81, 1)
(37, 74, 81, 1)
(38, 74, 81, 1)
(40, 74, 81, 1)
(41, 74, 81, 1)
(42, 74, 81, 1)
(43, 74, 81, 1)
(44, 74, 81, 1)
(45, 74, 81, 1)
(47, 74, 81, 1)
(48, 74, 81, 1)
(49, 74, 81, 1)
(50, 74, 81, 1)
(51, 74, 81, 1)
(52, 74, 81, 1)
(54, 74, 81, 1)
(55, 74, 81, 1)
(56, 74, 81, 1)
(57, 74, 81, 1)
(58, 74, 81, 1)
(59, 74, 81, 1)
(61, 74, 81, 1)
(62, 74, 81, 1)
(63, 74, 81, 1)
(64, 74, 81, 1)
(65, 74, 81, 1)
(66, 74, 81, 1)
(68, 74, 81, 1)
(69, 74, 81, 1)
(70, 74, 81, 1)
(71, 74, 81, 1)
(72, 74, 81, 1)
(8, 75, 81, 1)
(10, 75, 81, 1)
(14, 75, 81, 1)
(16, 75, 81, 1)
(20, 75, 81, 1)
(22, 75, 81, 1)
(26, 75, 81, 1)
(28, 75, 81, 1)
(32, 75, 81, 1)
(34, 75, 81, 1)
(38, 75, 81, 1)
(40, 75, 81, 1)
(44, 75, 81, 1)
(46, 75, 81, 1)
(50, 75, 81, 1)
(52, 75, 81, 1)
(56, 75, 81, 1)
(58, 75, 81, 1)
(62, 75, 81, 1)
(64, 75, 81, 1)
(68, 75, 81, 1)
(70, 75, 81, 1)
(7, 76, 81, 1)
(10, 76, 81, 1)
(14, 76, 81, 1)
(15, 76, 81, 1)
(18, 76, 81, 1)
(19, 76, 81, 1)
(22, 76, 81, 1)
(23, 76, 81, 1)
(27, 76, 81, 1)
(30, 76, 81, 1)
(34, 76, 81, 1)
(35, 76, 81, 1)
(38, 76, 81, 1)
(39, 76, 81, 1)
(42, 76, 81, 1)
(43, 76, 81, 1)
(47, 76, 81, 1)
(50, 76, 81, 1)
(54, 76, 81, 1)
(55, 76, 81, 1)
(58, 76, 81, 1)
(59, 76, 81, 1)
(62, 76, 81, 1)
(63, 76, 81, 1)
(67, 76, 81, 1)
(70, 76, 81, 1)
(74, 76, 81, 1)
(6, 77, 81, 1)
(10, 77, 81, 1)
(14, 77, 81, 1)
(18, 77, 81, 1)
(22, 77, 81, 1)
(26, 77, 81, 1)
(30, 77, 81, 1)
(34, 77, 81, 1)
(38, 77, 81, 1)
(42, 77, 81, 1)
(46, 77, 81, 1)
(50, 77, 81, 1)
(54, 77, 81, 1)
(58, 77, 81, 1)
(62, 77, 81, 1)
(66, 77, 81, 1)
(70, 77, 81, 1)
(74, 77, 81, 1)
(4, 78, 81, 1)
(5, 78, 81, 1)
(7, 78, 81, 1)
(8, 78, 81, 1)
(10, 78, 81, 1)
(11, 78, 81, 1)
(13, 78, 81, 1)
(14, 78, 81, 1)
(16, 78, 81, 1)
(17, 78, 81, 1)
(19, 78, 81, 1)
(20, 78, 81, 1)
(22, 78, 81, 1)
(23, 78, 81, 1)
(25, 78, 81, 1)
(26, 78, 81, 1)
(28, 78, 81, 1)
(29, 78, 81, 1)
(31, 78, 81, 1)
(32, 78, 81, 1)
(34, 78, 81, 1)
(35, 78, 81, 1)
(37, 78, 81, 1)
(38, 78, 81, 1)
(40, 78, 81, 1)
(41, 78, 81, 1)
(43, 78, 81, 1)
(44, 78, 81, 1)
(46, 78, 81, 1)
(47, 78, 81, 1)
(49, 78, 81, 1)
(50, 78, 81, 1)
(52, 78, 81, 1)
(53, 78, 81, 1)
(55, 78, 81, 1)
(56, 78, 81, 1)
(58, 78, 81, 1)
(59, 78, 81, 1)
(61, 78, 81, 1)
(62, 78, 81, 1)
(64, 78, 81, 1)
(65, 78, 81, 1)
(67, 78, 81, 1)
(68, 78, 81, 1)
(70, 78, 81, 1)
(71, 78, 81, 1)
(73, 78, 81, 1)
(74, 78, 81, 1)
(76, 78, 81, 1)
(39, 44, 82, 1)
(41, 44, 82, 1)
(38, 45, 82, 1)
(40, 45, 82, 1)
(42, 45, 82, 1)
(39, 46, 82, 1)
(41, 46, 82, 1)
(36, 47, 82, 1)
(38, 47, 82, 1)
(44, 47, 82, 1)
(35, 48, 82, 1)
(37, 48, 82, 1)
(39, 48, 82, 1)
(41, 48, 82, 1)
(43, 48, 82, 1)
(45, 48, 82, 1)
(36, 49, 82, 1)
(42, 49, 82, 1)
(44, 49, 82, 1)
(33, 50, 82, 1)
(35, 50, 82, 1)
(37, 50, 82, 1)
(39, 50, 82, 1)
(41, 50, 82, 1)
(43, 50, 82, 1)
(45, 50, 82, 1)
(47, 50, 82, 1)
(32, 51, 82, 1)
(34, 51, 82, 1)
(36, 51, 82, 1)
(38, 51, 82, 1)
(40, 51, 82, 1)
(42, 51, 82, 1)
(44, 51, 82, 1)
(46, 51, 82, 1)
(48, 51, 82, 1)
(33, 52, 82, 1)
(35, 52, 82, 1)
(39, 52, 82, 1)
(41, 52, 82, 1)
(45, 52, 82, 1)
(30, 53, 82, 1)
(32, 53, 82, 1)
(34, 53, 82, 1)
(36, 53, 82, 1)
(38, 53, 82, 1)
(40, 53, 82, 1)
(42, 53, 82, 1)
(44, 53, 82, 1)
(46, 53, 82, 1)
(48, 53, 82, 1)
(50, 53, 82, 1)
(29, 54, 82, 1)
(31, 54, 82, 1)
(35, 54, 82, 1)
(37, 54, 82, 1)
(39, 54, 82, 1)
(41, 54, 82, 1)
(43, 54, 82, 1)
(45, 54, 82, 1)
(49, 54, 82, 1)
(51, 54, 82, 1)
(30, 55, 82, 1)
(32, 55, 82, 1)
(36, 55, 82, 1)
(38, 55, 82, 1)
(42, 55, 82, 1)
(44, 55, 82, 1)
(48, 55, 82, 1)
(50, 55, 82, 1)
(27, 56, 82, 1)
(29, 56, 82, 1)
(31, 56, 82, 1)
(33, 56, 82, 1)
(35, 56, 82, 1)
(37, 56, 82, 1)
(39, 56, 82, 1)
(41, 56, 82, 1)
(45, 56, 82, 1)
(47, 56, 82, 1)
(49, 56, 82, 1)
(51, 56, 82, 1)
(53, 56, 82, 1)
(26, 57, 82, 1)
(28, 57, 82, 1)
(30, 57, 82, 1)
(34, 57, 82, 1)
(36, 57, 82, 1)
(38, 57, 82, 1)
(40, 57, 82, 1)
(44, 57, 82, 1)
(46, 57, 82, 1)
(48, 57, 82, 1)
(50, 57, 82, 1)
(54, 57, 82, 1)
(27, 58, 82, 1)
(29, 58, 82, 1)
(33, 58, 82, 1)
(35, 58, 82, 1)
(39, 58, 82, 1)
(41, 58, 82, 1)
(45, 58, 82, 1)
(47, 58, 82, 1)
(51, 58, 82, 1)
(53, 58, 82, 1)
(24, 59, 82, 1)
(26, 59, 82, 1)
(28, 59, 82, 1)
(30, 59, 82, 1)
(32, 59, 82, 1)
(34, 59, 82, 1)
(38, 59, 82, 1)
(40, 59, 82, 1)
(42, 59, 82, 1)
(44, 59, 82, 1)
(46, 59, 82, 1)
(48, 59, 82, 1)
(50, 59, 82, 1)
(52, 59, 82, 1)
(54, 59, 82, 1)
(56, 59, 82, 1)
(23, 60, 82, 1)
(25, 60, 82, 1)
(29, 60, 82, 1)
(31, 60, 82, 1)
(33, 60, 82, 1)
(35, 60, 82, 1)
(37, 60, 82, 1)
(39, 60, 82, 1)
(41, 60, 82, 1)
(43, 60, 82, 1)
(45, 60, 82, 1)
(47, 60, 82, 1)
(51, 60, 82, 1)
(53, 60, 82, 1)
(55, 60, 82, 1)
(57, 60, 82, 1)
(24, 61, 82, 1)
(30, 61, 82, 1)
(32, 61, 82, 1)
(36, 61, 82, 1)
(38, 61, 82, 1)
(42, 61, 82, 1)
(44, 61, 82, 1)
(48, 61, 82, 1)
(50, 61, 82, 1)
(56, 61, 82, 1)
(21, 62, 82, 1)
(23, 62, 82, 1)
(25, 62, 82, 1)
(29, 62, 82, 1)
(31, 62, 82, 1)
(33, 62, 82, 1)
(35, 62, 82, 1)
(39, 62, 82, 1)
(41, 62, 82, 1)
(43, 62, 82, 1)
(45, 62, 82, 1)
(49, 62, 82, 1)
(51, 62, 82, 1)
(53, 62, 82, 1)
(55, 62, 82, 1)
(59, 62, 82, 1)
(20, 63, 82, 1)
(22, 63, 82, 1)
(24, 63, 82, 1)
(26, 63, 82, 1)
(28, 63, 82, 1)
(30, 63, 82, 1)
(32, 63, 82, 1)
(34, 63, 82, 1)
(36, 63, 82, 1)
(38, 63, 82, 1)
(40, 63, 82, 1)
(42, 63, 82, 1)
(46, 63, 82, 1)
(48, 63, 82, 1)
(50, 63, 82, 1)
(52, 63, 82, 1)
(54, 63, 82, 1)
(56, 63, 82, 1)
(58, 63, 82, 1)
(60, 63, 82, 1)
(21, 64, 82, 1)
(23, 64, 82, 1)
(27, 64, 82, 1)
(29, 64, 82, 1)
(33, 64, 82, 1)
(35, 64, 82, 1)
(39, 64, 82, 1)
(41, 64, 82, 1)
(45, 64, 82, 1)
(47, 64, 82, 1)
(51, 64, 82, 1)
(53, 64, 82, 1)
(57, 64, 82, 1)
(59, 64, 82, 1)
(18, 65, 82, 1)
(20, 65, 82, 1)
(22, 65, 82, 1)
(24, 65, 82, 1)
(26, 65, 82, 1)
(28, 65, 82, 1)
(30, 65, 82, 1)
(32, 65, 82, 1)
(34, 65, 82, 1)
(36, 65, 82, 1)
(38, 65, 82, 1)
(40, 65, 82, 1)
(42, 65, 82, 1)
(44, 65, 82, 1)
(46, 65, 82, 1)
(50, 65, 82, 1)
(52, 65, 82, 1)
(54, 65, 82, 1)
(56, 65, 82, 1)
(58, 65, 82, 1)
(60, 65, 82, 1)
(62, 65, 82, 1)
(17, 66, 82, 1)
(19, 66, 82, 1)
(21, 66, 82, 1)
(23, 66, 82, 1)
(25, 66, 82, 1)
(27, 66, 82, 1)
(29, 66, 82, 1)
(31, 66, 82, 1)
(33, 66, 82, 1)
(35, 66, 82, 1)
(37, 66, 82, 1)
(39, 66, 82, 1)
(41, 66, 82, 1)
(43, 66, 82, 1)
(45, 66, 82, 1)
(47, 66, 82, 1)
(49, 66, 82, 1)
(51, 66, 82, 1)
(53, 66, 82, 1)
(55, 66, 82, 1)
(57, 66, 82, 1)
(59, 66, 82, 1)
(61, 66, 82, 1)
(63, 66, 82, 1)
(18, 67, 82, 1)
(20, 67, 82, 1)
(24, 67, 82, 1)
(26, 67, 82, 1)
(30, 67, 82, 1)
(36, 67, 82, 1)
(38, 67, 82, 1)
(44, 67, 82, 1)
(48, 67, 82, 1)
(50, 67, 82, 1)
(54, 67, 82, 1)
(56, 67, 82, 1)
(60, 67, 82, 1)
(15, 68, 82, 1)
(17, 68, 82, 1)
(21, 68, 82, 1)
(23, 68, 82, 1)
(25, 68, 82, 1)
(27, 68, 82, 1)
(29, 68, 82, 1)
(31, 68, 82, 1)
(35, 68, 82, 1)
(37, 68, 82, 1)
(39, 68, 82, 1)
(41, 68, 82, 1)
(43, 68, 82, 1)
(45, 68, 82, 1)
(49, 68, 82, 1)
(51, 68, 82, 1)
(53, 68, 82, 1)
(55, 68, 82, 1)
(57, 68, 82, 1)
(59, 68, 82, 1)
(63, 68, 82, 1)
(65, 68, 82, 1)
(14, 69, 82, 1)
(16, 69, 82, 1)
(18, 69, 82, 1)
(20, 69, 82, 1)
(22, 69, 82, 1)
(24, 69, 82, 1)
(26, 69, 82, 1)
(28, 69, 82, 1)
(32, 69, 82, 1)
(34, 69, 82, 1)
(36, 69, 82, 1)
(38, 69, 82, 1)
(40, 69, 82, 1)
(42, 69, 82, 1)
(44, 69, 82, 1)
(46, 69, 82, 1)
(48, 69, 82, 1)
(50, 69, 82, 1)
(52, 69, 82, 1)
(54, 69, 82, 1)
(58, 69, 82, 1)
(60, 69, 82, 1)
(62, 69, 82, 1)
(64, 69, 82, 1)
(66, 69, 82, 1)
(15, 70, 82, 1)
(17, 70, 82, 1)
(21, 70, 82, 1)
(23, 70, 82, 1)
(27, 70, 82, 1)
(29, 70, 82, 1)
(33, 70, 82, 1)
(35, 70, 82, 1)
(39, 70, 82, 1)
(41, 70, 82, 1)
(45, 70, 82, 1)
(47, 70, 82, 1)
(51, 70, 82, 1)
(53, 70, 82, 1)
(57, 70, 82, 1)
(59, 70, 82, 1)
(63, 70, 82, 1)
(65, 70, 82, 1)
(12, 71, 82, 1)
(14, 71, 82, 1)
(18, 71, 82, 1)
(20, 71, 82, 1)
(22, 71, 82, 1)
(24, 71, 82, 1)
(26, 71, 82, 1)
(28, 71, 82, 1)
(30, 71, 82, 1)
(32, 71, 82, 1)
(34, 71, 82, 1)
(36, 71, 82, 1)
(40, 71, 82, 1)
(42, 71, 82, 1)
(44, 71, 82, 1)
(46, 71, 82, 1)
(48, 71, 82, 1)
(50, 71, 82, 1)
(52, 71, 82, 1)
(54, 71, 82, 1)
(56, 71, 82, 1)
(58, 71, 82, 1)
(62, 71, 82, 1)
(64, 71, 82, 1)
(66, 71, 82, 1)
(68, 71, 82, 1)
(11, 72, 82, 1)
(13, 72, 82, 1)
(15, 72, 82, 1)
(19, 72, 82, 1)
(21, 72, 82, 1)
(23, 72, 82, 1)
(25, 72, 82, 1)
(29, 72, 82, 1)
(31, 72, 82, 1)
(33, 72, 82, 1)
(35, 72, 82, 1)
(39, 72, 82, 1)
(41, 72, 82, 1)
(43, 72, 82, 1)
(45, 72, 82, 1)
(49, 72, 82, 1)
(51, 72, 82, 1)
(53, 72, 82, 1)
(55, 72, 82, 1)
(59, 72, 82, 1)
(61, 72, 82, 1)
(63, 72, 82, 1)
(65, 72, 82, 1)
(69, 72, 82, 1)
(12, 73, 82, 1)
(14, 73, 82, 1)
(18, 73, 82, 1)
(20, 73, 82, 1)
(24, 73, 82, 1)
(26, 73, 82, 1)
(30, 73, 82, 1)
(32, 73, 82, 1)
(36, 73, 82, 1)
(38, 73, 82, 1)
(42, 73, 82, 1)
(44, 73, 82, 1)
(48, 73, 82, 1)
(50, 73, 82, 1)
(54, 73, 82, 1)
(56, 73, 82, 1)
(60, 73, 82, 1)
(62, 73, 82, 1)
(66, 73, 82, 1)
(68, 73, 82, 1)
(9, 74, 82, 1)
(11, 74, 82, 1)
(13, 74, 82, 1)
(15, 74, 82, 1)
(17, 74, 82, 1)
(19, 74, 82, 1)
(21, 74, 82, 1)
(23, 74, 82, 1)
(25, 74, 82, 1)
(27, 74, 82, 1)
(29, 74, 82, 1)
(31, 74, 82, 1)
(33, 74, 82, 1)
(35, 74, 82, 1)
(37, 74, 82, 1)
(39, 74, 82, 1)
(41, 74, 82, 1)
(43, 74, 82, 1)
(45, 74, 82, 1)
(47, 74, 82, 1)
(49, 74, 82, 1)
(51, 74, 82, 1)
(53, 74, 82, 1)
(55, 74, 82, 1)
(57, 74, 82, 1)
(59, 74, 82, 1)
(61, 74, 82, 1)
(63, 74, 82, 1)
(65, 74, 82, 1)
(67, 74, 82, 1)
(69, 74, 82, 1)
(71, 74, 82, 1)
(8, 75, 82, 1)
(10, 75, 82, 1)
(14, 75, 82, 1)
(16, 75, 82, 1)
(18, 75, 82, 1)
(20, 75, 82, 1)
(22, 75, 82, 1)
(24, 75, 82, 1)
(28, 75, 82, 1)
(30, 75, 82, 1)
(32, 75, 82, 1)
(34, 75, 82, 1)
(36, 75, 82, 1)
(38, 75, 82, 1)
(42, 75, 82, 1)
(44, 75, 82, 1)
(46, 75, 82, 1)
(48, 75, 82, 1)
(50, 75, 82, 1)
(52, 75, 82, 1)
(56, 75, 82, 1)
(58, 75, 82, 1)
(60, 75, 82, 1)
(62, 75, 82, 1)
(64, 75, 82, 1)
(66, 75, 82, 1)
(70, 75, 82, 1)
(72, 75, 82, 1)
(9, 76, 82, 1)
(11, 76, 82, 1)
(15, 76, 82, 1)
(17, 76, 82, 1)
(21, 76, 82, 1)
(23, 76, 82, 1)
(27, 76, 82, 1)
(29, 76, 82, 1)
(33, 76, 82, 1)
(35, 76, 82, 1)
(39, 76, 82, 1)
(41, 76, 82, 1)
(45, 76, 82, 1)
(47, 76, 82, 1)
(51, 76, 82, 1)
(53, 76, 82, 1)
(57, 76, 82, 1)
(59, 76, 82, 1)
(63, 76, 82, 1)
(65, 76, 82, 1)
(69, 76, 82, 1)
(71, 76, 82, 1)
(6, 77, 82, 1)
(8, 77, 82, 1)
(10, 77, 82, 1)
(14, 77, 82, 1)
(16, 77, 82, 1)
(18, 77, 82, 1)
(20, 77, 82, 1)
(24, 77, 82, 1)
(26, 77, 82, 1)
(28, 77, 82, 1)
(30, 77, 82, 1)
(34, 77, 82, 1)
(36, 77, 82, 1)
(38, 77, 82, 1)
(40, 77, 82, 1)
(44, 77, 82, 1)
(46, 77, 82, 1)
(48, 77, 82, 1)
(50, 77, 82, 1)
(54, 77, 82, 1)
(56, 77, 82, 1)
(58, 77, 82, 1)
(60, 77, 82, 1)
(64, 77, 82, 1)
(66, 77, 82, 1)
(68, 77, 82, 1)
(70, 77, 82, 1)
(74, 77, 82, 1)
(5, 78, 82, 1)
(7, 78, 82, 1)
(9, 78, 82, 1)
(11, 78, 82, 1)
(13, 78, 82, 1)
(15, 78, 82, 1)
(17, 78, 82, 1)
(19, 78, 82, 1)
(21, 78, 82, 1)
(23, 78, 82, 1)
(25, 78, 82, 1)
(27, 78, 82, 1)
(29, 78, 82, 1)
(31, 78, 82, 1)
(33, 78, 82, 1)
(35, 78, 82, 1)
(37, 78, 82, 1)
(39, 78, 82, 1)
(41, 78, 82, 1)
(43, 78, 82, 1)
(45, 78, 82, 1)
(47, 78, 82, 1)
(49, 78, 82, 1)
(51, 78, 82, 1)
(53, 78, 82, 1)
(55, 78, 82, 1)
(57, 78, 82, 1)
(59, 78, 82, 1)
(61, 78, 82, 1)
(63, 78, 82, 1)
(65, 78, 82, 1)
(67, 78, 82, 1)
(69, 78, 82, 1)
(71, 78, 82, 1)
(73, 78, 82, 1)
(75, 78, 82, 1)
(6, 79, 82, 1)
(8, 79, 82, 1)
(12, 79, 82, 1)
(14, 79, 82, 1)
(18, 79, 82, 1)
(20, 79, 82, 1)
(24, 79, 82, 1)
(26, 79, 82, 1)
(30, 79, 82, 1)
(32, 79, 82, 1)
(36, 79, 82, 1)
(38, 79, 82, 1)
(42, 79, 82, 1)
(44, 79, 82, 1)
(48, 79, 82, 1)
(50, 79, 82, 1)
(54, 79, 82, 1)
(56, 79, 82, 1)
(60, 79, 82, 1)
(62, 79, 82, 1)
(66, 79, 82, 1)
(68, 79, 82, 1)
(72, 79, 82, 1)
(74, 79, 82, 1)
(40, 42, 83, 1)
(40, 43, 83, 1)
(39, 44, 83, 1)
(40, 44, 83, 1)
(42, 44, 83, 1)
(38, 45, 83, 1)
(40, 45, 83, 1)
(42, 45, 83, 1)
(36, 46, 83, 1)
(37, 46, 83, 1)
(38, 46, 83, 1)
(39, 46, 83, 1)
(40, 46, 83, 1)
(41, 46, 83, 1)
(42, 46, 83, 1)
(43, 46, 83, 1)
(44, 46, 83, 1)
(36, 47, 83, 1)
(40, 47, 83, 1)
(42, 47, 83, 1)
(35, 48, 83, 1)
(36, 48, 83, 1)
(37, 48, 83, 1)
(39, 48, 83, 1)
(40, 48, 83, 1)
(42, 48, 83, 1)
(44, 48, 83, 1)
(45, 48, 83, 1)
(46, 48, 83, 1)
(34, 49, 83, 1)
(36, 49, 83, 1)
(38, 49, 83, 1)
(40, 49, 83, 1)
(42, 49, 83, 1)
(44, 49, 83, 1)
(46, 49, 83, 1)
(33, 50, 83, 1)
(34, 50, 83, 1)
(36, 50, 83, 1)
(37, 50, 83, 1)
(40, 50, 83, 1)
(42, 50, 83, 1)
(43, 50, 83, 1)
(45, 50, 83, 1)
(46, 50, 83, 1)
(48, 50, 83, 1)
(32, 51, 83, 1)
(34, 51, 83, 1)
(36, 51, 83, 1)
(38, 51, 83, 1)
(40, 51, 83, 1)
(42, 51, 83, 1)
(44, 51, 83, 1)
(46, 51, 83, 1)
(48, 51, 83, 1)
(30, 52, 83, 1)
(31, 52, 83, 1)
(32, 52, 83, 1)
(33, 52, 83, 1)
(34, 52, 83, 1)
(35, 52, 83, 1)
(36, 52, 83, 1)
(37, 52, 83, 1)
(38, 52, 83, 1)
(39, 52, 83, 1)
(40, 52, 83, 1)
(41, 52, 83, 1)
(42, 52, 83, 1)
(43, 52, 83, 1)
(44, 52, 83, 1)
(45, 52, 83, 1)
(46, 52, 83, 1)
(47, 52, 83, 1)
(48, 52, 83, 1)
(49, 52, 83, 1)
(50, 52, 83, 1)
(30, 53, 83, 1)
(34, 53, 83, 1)
(36, 53, 83, 1)
(40, 53, 83, 1)
(42, 53, 83, 1)
(46, 53, 83, 1)
(28, 54, 83, 1)
(29, 54, 83, 1)
(30, 54, 83, 1)
(31, 54, 83, 1)
(32, 54, 83, 1)
(33, 54, 83, 1)
(34, 54, 83, 1)
(35, 54, 83, 1)
(36, 54, 83, 1)
(37, 54, 83, 1)
(38, 54, 83, 1)
(39, 54, 83, 1)
(40, 54, 83, 1)
(41, 54, 83, 1)
(42, 54, 83, 1)
(43, 54, 83, 1)
(44, 54, 83, 1)
(45, 54, 83, 1)
(46, 54, 83, 1)
(47, 54, 83, 1)
(48, 54, 83, 1)
(49, 54, 83, 1)
(50, 54, 83, 1)
(51, 54, 83, 1)
(52, 54, 83, 1)
(28, 55, 83, 1)
(30, 55, 83, 1)
(32, 55, 83, 1)
(36, 55, 83, 1)
(38, 55, 83, 1)
(40, 55, 83, 1)
(42, 55, 83, 1)
(44, 55, 83, 1)
(46, 55, 83, 1)
(50, 55, 83, 1)
(52, 55, 83, 1)
(27, 56, 83, 1)
(28, 56, 83, 1)
(30, 56, 83, 1)
(31, 56, 83, 1)
(33, 56, 83, 1)
(34, 56, 83, 1)
(36, 56, 83, 1)
(37, 56, 83, 1)
(39, 56, 83, 1)
(40, 56, 83, 1)
(42, 56, 83, 1)
(43, 56, 83, 1)
(45, 56, 83, 1)
(46, 56, 83, 1)
(48, 56, 83, 1)
(49, 56, 83, 1)
(51, 56, 83, 1)
(52, 56, 83, 1)
(54, 56, 83, 1)
(26, 57, 83, 1)
(28, 57, 83, 1)
(30, 57, 83, 1)
(32, 57, 83, 1)
(34, 57, 83, 1)
(36, 57, 83, 1)
(38, 57, 83, 1)
(40, 57, 83, 1)
(42, 57, 83, 1)
(46, 57, 83, 1)
(48, 57, 83, 1)
(50, 57, 83, 1)
(52, 57, 83, 1)
(54, 57, 83, 1)
(24, 58, 83, 1)
(25, 58, 83, 1)
(26, 58, 83, 1)
(27, 58, 83, 1)
(29, 58, 83, 1)
(30, 58, 83, 1)
(31, 58, 83, 1)
(32, 58, 83, 1)
(34, 58, 83, 1)
(35, 58, 83, 1)
(36, 58, 83, 1)
(37, 58, 83, 1)
(39, 58, 83, 1)
(40, 58, 83, 1)
(41, 58, 83, 1)
(42, 58, 83, 1)
(44, 58, 83, 1)
(45, 58, 83, 1)
(46, 58, 83, 1)
(47, 58, 83, 1)
(49, 58, 83, 1)
(50, 58, 83, 1)
(51, 58, 83, 1)
(52, 58, 83, 1)
(54, 58, 83, 1)
(55, 58, 83, 1)
(56, 58, 83, 1)
(24, 59, 83, 1)
(28, 59, 83, 1)
(30, 59, 83, 1)
(34, 59, 83, 1)
(36, 59, 83, 1)
(40, 59, 83, 1)
(42, 59, 83, 1)
(46, 59, 83, 1)
(48, 59, 83, 1)
(52, 59, 83, 1)
(54, 59, 83, 1)
(22, 60, 83, 1)
(23, 60, 83, 1)
(24, 60, 83, 1)
(25, 60, 83, 1)
(26, 60, 83, 1)
(27, 60, 83, 1)
(28, 60, 83, 1)
(29, 60, 83, 1)
(30, 60, 83, 1)
(31, 60, 83, 1)
(32, 60, 83, 1)
(33, 60, 83, 1)
(34, 60, 83, 1)
(35, 60, 83, 1)
(36, 60, 83, 1)
(38, 60, 83, 1)
(39, 60, 83, 1)
(40, 60, 83, 1)
(41, 60, 83, 1)
(42, 60, 83, 1)
(43, 60, 83, 1)
(44, 60, 83, 1)
(45, 60, 83, 1)
(46, 60, 83, 1)
(47, 60, 83, 1)
(48, 60, 83, 1)
(49, 60, 83, 1)
(50, 60, 83, 1)
(51, 60, 83, 1)
(52, 60, 83, 1)
(53, 60, 83, 1)
(54, 60, 83, 1)
(55, 60, 83, 1)
(56, 60, 83, 1)
(57, 60, 83, 1)
(58, 60, 83, 1)
(22, 61, 83, 1)
(24, 61, 83, 1)
(26, 61, 83, 1)
(30, 61, 83, 1)
(32, 61, 83, 1)
(34, 61, 83, 1)
(36, 61, 83, 1)
(38, 61, 83, 1)
(40, 61, 83, 1)
(42, 61, 83, 1)
(44, 61, 83, 1)
(46, 61, 83, 1)
(48, 61, 83, 1)
(52, 61, 83, 1)
(54, 61, 83, 1)
(56, 61, 83, 1)
(58, 61, 83, 1)
(21, 62, 83, 1)
(22, 62, 83, 1)
(24, 62, 83, 1)
(25, 62, 83, 1)
(28, 62, 83, 1)
(30, 62, 83, 1)
(31, 62, 83, 1)
(33, 62, 83, 1)
(36, 62, 83, 1)
(37, 62, 83, 1)
(39, 62, 83, 1)
(40, 62, 83, 1)
(42, 62, 83, 1)
(43, 62, 83, 1)
(45, 62, 83, 1)
(46, 62, 83, 1)
(49, 62, 83, 1)
(51, 62, 83, 1)
(52, 62, 83, 1)
(54, 62, 83, 1)
(57, 62, 83, 1)
(58, 62, 83, 1)
(60, 62, 83, 1)
(20, 63, 83, 1)
(22, 63, 83, 1)
(24, 63, 83, 1)
(26, 63, 83, 1)
(30, 63, 83, 1)
(32, 63, 83, 1)
(34, 63, 83, 1)
(36, 63, 83, 1)
(40, 63, 83, 1)
(42, 63, 83, 1)
(44, 63, 83, 1)
(46, 63, 83, 1)
(50, 63, 83, 1)
(52, 63, 83, 1)
(54, 63, 83, 1)
(56, 63, 83, 1)
(60, 63, 83, 1)
(18, 64, 83, 1)
(19, 64, 83, 1)
(20, 64, 83, 1)
(21, 64, 83, 1)
(22, 64, 83, 1)
(23, 64, 83, 1)
(24, 64, 83, 1)
(25, 64, 83, 1)
(27, 64, 83, 1)
(28, 64, 83, 1)
(29, 64, 83, 1)
(30, 64, 83, 1)
(31, 64, 83, 1)
(32, 64, 83, 1)
(33, 64, 83, 1)
(34, 64, 83, 1)
(35, 64, 83, 1)
(36, 64, 83, 1)
(37, 64, 83, 1)
(38, 64, 83, 1)
(39, 64, 83, 1)
(40, 64, 83, 1)
(41, 64, 83, 1)
(42, 64, 83, 1)
(43, 64, 83, 1)
(44, 64, 83, 1)
(46, 64, 83, 1)
(47, 64, 83, 1)
(48, 64, 83, 1)
(49, 64, 83, 1)
(50, 64, 83, 1)
(51, 64, 83, 1)
(52, 64, 83, 1)
(53, 64, 83, 1)
(54, 64, 83, 1)
(55, 64, 83, 1)
(56, 64, 83, 1)
(57, 64, 83, 1)
(58, 64, 83, 1)
(59, 64, 83, 1)
(60, 64, 83, 1)
(61, 64, 83, 1)
(62, 64, 83, 1)
(18, 65, 83, 1)
(22, 65, 83, 1)
(24, 65, 83, 1)
(28, 65, 83, 1)
(30, 65, 83, 1)
(34, 65, 83, 1)
(36, 65, 83, 1)
(40, 65, 83, 1)
(42, 65, 83, 1)
(46, 65, 83, 1)
(48, 65, 83, 1)
(52, 65, 83, 1)
(54, 65, 83, 1)
(58, 65, 83, 1)
(60, 65, 83, 1)
(16, 66, 83, 1)
(17, 66, 83, 1)
(18, 66, 83, 1)
(19, 66, 83, 1)
(20, 66, 83, 1)
(21, 66, 83, 1)
(22, 66, 83, 1)
(23, 66, 83, 1)
(24, 66, 83, 1)
(25, 66, 83, 1)
(26, 66, 83, 1)
(27, 66, 83, 1)
(28, 66, 83, 1)
(29, 66, 83, 1)
(30, 66, 83, 1)
(31, 66, 83, 1)
(33, 66, 83, 1)
(34, 66, 83, 1)
(35, 66, 83, 1)
(36, 66, 83, 1)
(37, 66, 83, 1)
(38, 66, 83, 1)
(39, 66, 83, 1)
(40, 66, 83, 1)
(41, 66, 83, 1)
(42, 66, 83, 1)
(43, 66, 83, 1)
(44, 66, 83, 1)
(45, 66, 83, 1)
(46, 66, 83, 1)
(47, 66, 83, 1)
(48, 66, 83, 1)
(50, 66, 83, 1)
(51, 66, 83, 1)
(52, 66, 83, 1)
(53, 66, 83, 1)
(54, 66, 83, 1)
(55, 66, 83, 1)
(56, 66, 83, 1)
(57, 66, 83, 1)
(58, 66, 83, 1)
(59, 66, 83, 1)
(60, 66, 83, 1)
(61, 66, 83, 1)
(62, 66, 83, 1)
(63, 66, 83, 1)
(64, 66, 83, 1)
(16, 67, 83, 1)
(18, 67, 83, 1)
(20, 67, 83, 1)
(22, 67, 83, 1)
(24, 67, 83, 1)
(26, 67, 83, 1)
(28, 67, 83, 1)
(30, 67, 83, 1)
(32, 67, 83, 1)
(34, 67, 83, 1)
(36, 67, 83, 1)
(38, 67, 83, 1)
(40, 67, 83, 1)
(42, 67, 83, 1)
(44, 67, 83, 1)
(46, 67, 83, 1)
(48, 67, 83, 1)
(50, 67, 83, 1)
(52, 67, 83, 1)
(54, 67, 83, 1)
(56, 67, 83, 1)
(58, 67, 83, 1)
(60, 67, 83, 1)
(62, 67, 83, 1)
(64, 67, 83, 1)
(15, 68, 83, 1)
(16, 68, 83, 1)
(19, 68, 83, 1)
(21, 68, 83, 1)
(22, 68, 83, 1)
(24, 68, 83, 1)
(25, 68, 83, 1)
(27, 68, 83, 1)
(30, 68, 83, 1)
(31, 68, 83, 1)
(34, 68, 83, 1)
(36, 68, 83, 1)
(37, 68, 83, 1)
(39, 68, 83, 1)
(40, 68, 83, 1)
(42, 68, 83, 1)
(45, 68, 83, 1)
(46, 68, 83, 1)
(49, 68, 83, 1)
(51, 68, 83, 1)
(52, 68, 83, 1)
(54, 68, 83, 1)
(55, 68, 83, 1)
(57, 68, 83, 1)
(60, 68, 83, 1)
(61, 68, 83, 1)
(64, 68, 83, 1)
(66, 68, 83, 1)
(14, 69, 83, 1)
(16, 69, 83, 1)
(18, 69, 83, 1)
(22, 69, 83, 1)
(24, 69, 83, 1)
(26, 69, 83, 1)
(28, 69, 83, 1)
(30, 69, 83, 1)
(32, 69, 83, 1)
(36, 69, 83, 1)
(38, 69, 83, 1)
(40, 69, 83, 1)
(42, 69, 83, 1)
(44, 69, 83, 1)
(46, 69, 83, 1)
(50, 69, 83, 1)
(52, 69, 83, 1)
(54, 69, 83, 1)
(56, 69, 83, 1)
(58, 69, 83, 1)
(60, 69, 83, 1)
(64, 69, 83, 1)
(66, 69, 83, 1)
(12, 70, 83, 1)
(13, 70, 83, 1)
(14, 70, 83, 1)
(15, 70, 83, 1)
(16, 70, 83, 1)
(17, 70, 83, 1)
(19, 70, 83, 1)
(20, 70, 83, 1)
(21, 70, 83, 1)
(22, 70, 83, 1)
(23, 70, 83, 1)
(24, 70, 83, 1)
(25, 70, 83, 1)
(26, 70, 83, 1)
(27, 70, 83, 1)
(28, 70, 83, 1)
(29, 70, 83, 1)
(30, 70, 83, 1)
(32, 70, 83, 1)
(33, 70, 83, 1)
(34, 70, 83, 1)
(35, 70, 83, 1)
(36, 70, 83, 1)
(37, 70, 83, 1)
(38, 70, 83, 1)
(39, 70, 83, 1)
(40, 70, 83, 1)
(41, 70, 83, 1)
(42, 70, 83, 1)
(43, 70, 83, 1)
(45, 70, 83, 1)
(46, 70, 83, 1)
(47, 70, 83, 1)
(48, 70, 83, 1)
(49, 70, 83, 1)
(50, 70, 83, 1)
(51, 70, 83, 1)
(52, 70, 83, 1)
(53, 70, 83, 1)
(54, 70, 83, 1)
(55, 70, 83, 1)
(56, 70, 83, 1)
(58, 70, 83, 1)
(59, 70, 83, 1)
(60, 70, 83, 1)
(61, 70, 83, 1)
(62, 70, 83, 1)
(63, 70, 83, 1)
(64, 70, 83, 1)
(65, 70, 83, 1)
(66, 70, 83, 1)
(67, 70, 83, 1)
(68, 70, 83, 1)
(12, 71, 83, 1)
(16, 71, 83, 1)
(18, 71, 83, 1)
(22, 71, 83, 1)
(24, 71, 83, 1)
(28, 71, 83, 1)
(30, 71, 83, 1)
(34, 71, 83, 1)
(36, 71, 83, 1)
(40, 71, 83, 1)
(42, 71, 83, 1)
(46, 71, 83, 1)
(48, 71, 83, 1)
(52, 71, 83, 1)
(54, 71, 83, 1)
(58, 71, 83, 1)
(60, 71, 83, 1)
(64, 71, 83, 1)
(66, 71, 83, 1)
(10, 72, 83, 1)
(11, 72, 83, 1)
(12, 72, 83, 1)
(13, 72, 83, 1)
(14, 72, 83, 1)
(15, 72, 83, 1)
(16, 72, 83, 1)
(18, 72, 83, 1)
(19, 72, 83, 1)
(20, 72, 83, 1)
(21, 72, 83, 1)
(22, 72, 83, 1)
(23, 72, 83, 1)
(24, 72, 83, 1)
(25, 72, 83, 1)
(26, 72, 83, 1)
(27, 72, 83, 1)
(29, 72, 83, 1)
(30, 72, 83, 1)
(31, 72, 83, 1)
(32, 72, 83, 1)
(33, 72, 83, 1)
(34, 72, 83, 1)
(35, 72, 83, 1)
(36, 72, 83, 1)
(37, 72, 83, 1)
(38, 72, 83, 1)
(40, 72, 83, 1)
(41, 72, 83, 1)
(42, 72, 83, 1)
(43, 72, 83, 1)
(44, 72, 83, 1)
(45, 72, 83, 1)
(46, 72, 83, 1)
(47, 72, 83, 1)
(48, 72, 83, 1)
(49, 72, 83, 1)
(51, 72, 83, 1)
(52, 72, 83, 1)
(53, 72, 83, 1)
(54, 72, 83, 1)
(55, 72, 83, 1)
(56, 72, 83, 1)
(57, 72, 83, 1)
(58, 72, 83, 1)
(59, 72, 83, 1)
(60, 72, 83, 1)
(62, 72, 83, 1)
(63, 72, 83, 1)
(64, 72, 83, 1)
(65, 72, 83, 1)
(66, 72, 83, 1)
(67, 72, 83, 1)
(68, 72, 83, 1)
(69, 72, 83, 1)
(70, 72, 83, 1)
(10, 73, 83, 1)
(12, 73, 83, 1)
(14, 73, 83, 1)
(16, 73, 83, 1)
(20, 73, 83, 1)
(22, 73, 83, 1)
(24, 73, 83, 1)
(26, 73, 83, 1)
(30, 73, 83, 1)
(32, 73, 83, 1)
(34, 73, 83, 1)
(36, 73, 83, 1)
(40, 73, 83, 1)
(42, 73, 83, 1)
(44, 73, 83, 1)
(46, 73, 83, 1)
(50, 73, 83, 1)
(52, 73, 83, 1)
(54, 73, 83, 1)
(56, 73, 83, 1)
(60, 73, 83, 1)
(62, 73, 83, 1)
(64, 73, 83, 1)
(66, 73, 83, 1)
(70, 73, 83, 1)
(9, 74, 83, 1)
(10, 74, 83, 1)
(12, 74, 83, 1)
(13, 74, 83, 1)
(15, 74, 83, 1)
(16, 74, 83, 1)
(18, 74, 83, 1)
(19, 74, 83, 1)
(21, 74, 83, 1)
(22, 74, 83, 1)
(24, 74, 83, 1)
(25, 74, 83, 1)
(27, 74, 83, 1)
(28, 74, 83, 1)
(30, 74, 83, 1)
(31, 74, 83, 1)
(33, 74, 83, 1)
(34, 74, 83, 1)
(36, 74, 83, 1)
(37, 74, 83, 1)
(39, 74, 83, 1)
(40, 74, 83, 1)
(42, 74, 83, 1)
(43, 74, 83, 1)
(45, 74, 83, 1)
(46, 74, 83, 1)
(48, 74, 83, 1)
(49, 74, 83, 1)
(51, 74, 83, 1)
(52, 74, 83, 1)
(54, 74, 83, 1)
(55, 74, 83, 1)
(57, 74, 83, 1)
(58, 74, 83, 1)
(60, 74, 83, 1)
(61, 74, 83, 1)
(63, 74, 83, 1)
(64, 74, 83, 1)
(66, 74, 83, 1)
(67, 74, 83, 1)
(69, 74, 83, 1)
(70, 74, 83, 1)
(72, 74, 83, 1)
(8, 75, 83, 1)
(10, 75, 83, 1)
(12, 75, 83, 1)
(14, 75, 83, 1)
(16, 75, 83, 1)
(18, 75, 83, 1)
(20, 75, 83, 1)
(22, 75, 83, 1)
(24, 75, 83, 1)
(26, 75, 83, 1)
(28, 75, 83, 1)
(30, 75, 83, 1)
(32, 75, 83, 1)
(34, 75, 83, 1)
(36, 75, 83, 1)
(38, 75, 83, 1)
(40, 75, 83, 1)
(42, 75, 83, 1)
(44, 75, 83, 1)
(46, 75, 83, 1)
(48, 75, 83, 1)
(50, 75, 83, 1)
(52, 75, 83, 1)
(54, 75, 83, 1)
(56, 75, 83, 1)
(58, 75, 83, 1)
(60, 75, 83, 1)
(62, 75, 83, 1)
(64, 75, 83, 1)
(66, 75, 83, 1)
(68, 75, 83, 1)
(70, 75, 83, 1)
(72, 75, 83, 1)
(7, 76, 83, 1)
(8, 76, 83, 1)
(9, 76, 83, 1)
(10, 76, 83, 1)
(11, 76, 83, 1)
(12, 76, 83, 1)
(14, 76, 83, 1)
(15, 76, 83, 1)
(16, 76, 83, 1)
(17, 76, 83, 1)
(18, 76, 83, 1)
(19, 76, 83, 1)
(21, 76, 83, 1)
(22, 76, 83, 1)
(23, 76, 83, 1)
(24, 76, 83, 1)
(25, 76, 83, 1)
(26, 76, 83, 1)
(28, 76, 83, 1)
(29, 76, 83, 1)
(30, 76, 83, 1)
(31, 76, 83, 1)
(32, 76, 83, 1)
(33, 76, 83, 1)
(35, 76, 83, 1)
(36, 76, 83, 1)
(37, 76, 83, 1)
(38, 76, 83, 1)
(39, 76, 83, 1)
(40, 76, 83, 1)
(42, 76, 83, 1)
(43, 76, 83, 1)
(44, 76, 83, 1)
(45, 76, 83, 1)
(46, 76, 83, 1)
(47, 76, 83, 1)
(49, 76, 83, 1)
(50, 76, 83, 1)
(51, 76, 83, 1)
(52, 76, 83, 1)
(53, 76, 83, 1)
(54, 76, 83, 1)
(56, 76, 83, 1)
(57, 76, 83, 1)
(58, 76, 83, 1)
(59, 76, 83, 1)
(60, 76, 83, 1)
(61, 76, 83, 1)
(63, 76, 83, 1)
(64, 76, 83, 1)
(65, 76, 83, 1)
(66, 76, 83, 1)
(67, 76, 83, 1)
(68, 76, 83, 1)
(70, 76, 83, 1)
(71, 76, 83, 1)
(72, 76, 83, 1)
(73, 76, 83, 1)
(74, 76, 83, 1)
(6, 77, 83, 1)
(10, 77, 83, 1)
(12, 77, 83, 1)
(16, 77, 83, 1)
(18, 77, 83, 1)
(22, 77, 83, 1)
(24, 77, 83, 1)
(28, 77, 83, 1)
(30, 77, 83, 1)
(34, 77, 83, 1)
(36, 77, 83, 1)
(40, 77, 83, 1)
(42, 77, 83, 1)
(46, 77, 83, 1)
(48, 77, 83, 1)
(52, 77, 83, 1)
(54, 77, 83, 1)
(58, 77, 83, 1)
(60, 77, 83, 1)
(64, 77, 83, 1)
(66, 77, 83, 1)
(70, 77, 83, 1)
(72, 77, 83, 1)
(4, 78, 83, 1)
(5, 78, 83, 1)
(6, 78, 83, 1)
(7, 78, 83, 1)
(9, 78, 83, 1)
(10, 78, 83, 1)
(11, 78, 83, 1)
(12, 78, 83, 1)
(14, 78, 83, 1)
(15, 78, 83, 1)
(16, 78, 83, 1)
(17, 78, 83, 1)
(19, 78, 83, 1)
(20, 78, 83, 1)
(21, 78, 83, 1)
(22, 78, 83, 1)
(24, 78, 83, 1)
(25, 78, 83, 1)
(26, 78, 83, 1)
(27, 78, 83, 1)
(29, 78, 83, 1)
(30, 78, 83, 1)
(31, 78, 83, 1)
(32, 78, 83, 1)
(34, 78, 83, 1)
(35, 78, 83, 1)
(36, 78, 83, 1)
(37, 78, 83, 1)
(39, 78, 83, 1)
(40, 78, 83, 1)
(41, 78, 83, 1)
(42, 78, 83, 1)
(44, 78, 83, 1)
(45, 78, 83, 1)
(46, 78, 83, 1)
(47, 78, 83, 1)
(49, 78, 83, 1)
(50, 78, 83, 1)
(51, 78, 83, 1)
(52, 78, 83, 1)
(54, 78, 83, 1)
(55, 78, 83, 1)
(56, 78, 83, 1)
(57, 78, 83, 1)
(59, 78, 83, 1)
(60, 78, 83, 1)
(61, 78, 83, 1)
(62, 78, 83, 1)
(64, 78, 83, 1)
(65, 78, 83, 1)
(66, 78, 83, 1)
(67, 78, 83, 1)
(69, 78, 83, 1)
(70, 78, 83, 1)
(71, 78, 83, 1)
(72, 78, 83, 1)
(74, 78, 83, 1)
(75, 78, 83, 1)
(76, 78, 83, 1)
(4, 79, 83, 1)
(6, 79, 83, 1)
(8, 79, 83, 1)
(10, 79, 83, 1)
(12, 79, 83, 1)
(14, 79, 83, 1)
(16, 79, 83, 1)
(18, 79, 83, 1)
(20, 79, 83, 1)
(22, 79, 83, 1)
(24, 79, 83, 1)
(26, 79, 83, 1)
(28, 79, 83, 1)
(30, 79, 83, 1)
(32, 79, 83, 1)
(34, 79, 83, 1)
(36, 79, 83, 1)
(38, 79, 83, 1)
(40, 79, 83, 1)
(42, 79, 83, 1)
(44, 79, 83, 1)
(46, 79, 83, 1)
(48, 79, 83, 1)
(50, 79, 83, 1)
(52, 79, 83, 1)
(54, 79, 83, 1)
(56, 79, 83, 1)
(58, 79, 83, 1)
(60, 79, 83, 1)
(62, 79, 83, 1)
(64, 79, 83, 1)
(66, 79, 83, 1)
(68, 79, 83, 1)
(70, 79, 83, 1)
(72, 79, 83, 1)
(74, 79, 83, 1)
(76, 79, 83, 1)
(4, 80, 83, 1)
(6, 80, 83, 1)
(7, 80, 83, 1)
(9, 80, 83, 1)
(10, 80, 83, 1)
(12, 80, 83, 1)
(13, 80, 83, 1)
(15, 80, 83, 1)
(16, 80, 83, 1)
(18, 80, 83, 1)
(19, 80, 83, 1)
(21, 80, 83, 1)
(22, 80, 83, 1)
(24, 80, 83, 1)
(25, 80, 83, 1)
(27, 80, 83, 1)
(28, 80, 83, 1)
(30, 80, 83, 1)
(31, 80, 83, 1)
(33, 80, 83, 1)
(34, 80, 83, 1)
(36, 80, 83, 1)
(37, 80, 83, 1)
(39, 80, 83, 1)
(40, 80, 83, 1)
(42, 80, 83, 1)
(43, 80, 83, 1)
(45, 80, 83, 1)
(46, 80, 83, 1)
(48, 80, 83, 1)
(49, 80, 83, 1)
(51, 80, 83, 1)
(52, 80, 83, 1)
(54, 80, 83, 1)
(55, 80, 83, 1)
(57, 80, 83, 1)
(58, 80, 83, 1)
(60, 80, 83, 1)
(61, 80, 83, 1)
(63, 80, 83, 1)
(64, 80, 83, 1)
(66, 80, 83, 1)
(67, 80, 83, 1)
(69, 80, 83, 1)
(70, 80, 83, 1)
(72, 80, 83, 1)
(73, 80, 83, 1)
(75, 80, 83, 1)
(76, 80, 83, 1)
(78, 80, 83, 1)
(39, 46, 84, 1)
(41, 46, 84, 1)
(43, 46, 84, 1)
(38, 47, 84, 1)
(40, 47, 84, 1)
(42, 47, 84, 1)
(44, 47, 84, 1)
(43, 48, 84, 1)
(38, 49, 84, 1)
(46, 49, 84, 1)
(35, 50, 84, 1)
(37, 50, 84, 1)
(39, 50, 84, 1)
(41, 50, 84, 1)
(43, 50, 84, 1)
(45, 50, 84, 1)
(47, 50, 84, 1)
(34, 51, 84, 1)
(38, 51, 84, 1)
(44, 51, 84, 1)
(46, 51, 84, 1)
(35, 52, 84, 1)
(39, 52, 84, 1)
(43, 52, 84, 1)
(47, 52, 84, 1)
(34, 53, 84, 1)
(38, 53, 84, 1)
(42, 53, 84, 1)
(46, 53, 84, 1)
(50, 53, 84, 1)
(31, 54, 84, 1)
(35, 54, 84, 1)
(37, 54, 84, 1)
(41, 54, 84, 1)
(43, 54, 84, 1)
(47, 54, 84, 1)
(30, 55, 84, 1)
(32, 55, 84, 1)
(34, 55, 84, 1)
(36, 55, 84, 1)
(38, 55, 84, 1)
(40, 55, 84, 1)
(42, 55, 84, 1)
(44, 55, 84, 1)
(46, 55, 84, 1)
(48, 55, 84, 1)
(50, 55, 84, 1)
(52, 55, 84, 1)
(31, 56, 84, 1)
(39, 56, 84, 1)
(43, 56, 84, 1)
(47, 56, 84, 1)
(51, 56, 84, 1)
(34, 57, 84, 1)
(38, 57, 84, 1)
(46, 57, 84, 1)
(50, 57, 84, 1)
(27, 58, 84, 1)
(29, 58, 84, 1)
(31, 58, 84, 1)
(33, 58, 84, 1)
(35, 58, 84, 1)
(37, 58, 84, 1)
(39, 58, 84, 1)
(41, 58, 84, 1)
(43, 58, 84, 1)
(47, 58, 84, 1)
(49, 58, 84, 1)
(51, 58, 84, 1)
(53, 58, 84, 1)
(55, 58, 84, 1)
(26, 59, 84, 1)
(28, 59, 84, 1)
(30, 59, 84, 1)
(32, 59, 84, 1)
(36, 59, 84, 1)
(38, 59, 84, 1)
(40, 59, 84, 1)
(42, 59, 84, 1)
(46, 59, 84, 1)
(48, 59, 84, 1)
(50, 59, 84, 1)
(52, 59, 84, 1)
(56, 59, 84, 1)
(31, 60, 84, 1)
(35, 60, 84, 1)
(43, 60, 84, 1)
(47, 60, 84, 1)
(55, 60, 84, 1)
(26, 61, 84, 1)
(30, 61, 84, 1)
(34, 61, 84, 1)
(42, 61, 84, 1)
(46, 61, 84, 1)
(50, 61, 84, 1)
(54, 61, 84, 1)
(58, 61, 84, 1)
(23, 62, 84, 1)
(25, 62, 84, 1)
(27, 62, 84, 1)
(31, 62, 84, 1)
(33, 62, 84, 1)
(35, 62, 84, 1)
(37, 62, 84, 1)
(39, 62, 84, 1)
(41, 62, 84, 1)
(43, 62, 84, 1)
(45, 62, 84, 1)
(47, 62, 84, 1)
(49, 62, 84, 1)
(53, 62, 84, 1)
(55, 62, 84, 1)
(57, 62, 84, 1)
(59, 62, 84, 1)
(22, 63, 84, 1)
(26, 63, 84, 1)
(32, 63, 84, 1)
(34, 63, 84, 1)
(38, 63, 84, 1)
(40, 63, 84, 1)
(44, 63, 84, 1)
(46, 63, 84, 1)
(50, 63, 84, 1)
(52, 63, 84, 1)
(58, 63, 84, 1)
(23, 64, 84, 1)
(27, 64, 84, 1)
(31, 64, 84, 1)
(35, 64, 84, 1)
(43, 64, 84, 1)
(47, 64, 84, 1)
(51, 64, 84, 1)
(55, 64, 84, 1)
(22, 65, 84, 1)
(26, 65, 84, 1)
(30, 65, 84, 1)
(34, 65, 84, 1)
(38, 65, 84, 1)
(42, 65, 84, 1)
(50, 65, 84, 1)
(54, 65, 84, 1)
(58, 65, 84, 1)
(62, 65, 84, 1)
(19, 66, 84, 1)
(23, 66, 84, 1)
(25, 66, 84, 1)
(29, 66, 84, 1)
(31, 66, 84, 1)
(35, 66, 84, 1)
(37, 66, 84, 1)
(41, 66, 84, 1)
(43, 66, 84, 1)
(47, 66, 84, 1)
(49, 66, 84, 1)
(53, 66, 84, 1)
(55, 66, 84, 1)
(59, 66, 84, 1)
(61, 66, 84, 1)
(18, 67, 84, 1)
(20, 67, 84, 1)
(22, 67, 84, 1)
(24, 67, 84, 1)
(26, 67, 84, 1)
(28, 67, 84, 1)
(30, 67, 84, 1)
(32, 67, 84, 1)
(34, 67, 84, 1)
(36, 67, 84, 1)
(38, 67, 84, 1)
(40, 67, 84, 1)
(42, 67, 84, 1)
(44, 67, 84, 1)
(46, 67, 84, 1)
(48, 67, 84, 1)
(52, 67, 84, 1)
(54, 67, 84, 1)
(56, 67, 84, 1)
(58, 67, 84, 1)
(60, 67, 84, 1)
(62, 67, 84, 1)
(64, 67, 84, 1)
(19, 68, 84, 1)
(23, 68, 84, 1)
(27, 68, 84, 1)
(31, 68, 84, 1)
(35, 68, 84, 1)
(39, 68, 84, 1)
(43, 68, 84, 1)
(47, 68, 84, 1)
(51, 68, 84, 1)
(55, 68, 84, 1)
(59, 68, 84, 1)
(63, 68, 84, 1)
(22, 69, 84, 1)
(26, 69, 84, 1)
(38, 69, 84, 1)
(46, 69, 84, 1)
(50, 69, 84, 1)
(58, 69, 84, 1)
(62, 69, 84, 1)
(15, 70, 84, 1)
(17, 70, 84, 1)
(19, 70, 84, 1)
(23, 70, 84, 1)
(25, 70, 84, 1)
(27, 70, 84, 1)
(29, 70, 84, 1)
(31, 70, 84, 1)
(33, 70, 84, 1)
(37, 70, 84, 1)
(39, 70, 84, 1)
(41, 70, 84, 1)
(43, 70, 84, 1)
(45, 70, 84, 1)
(47, 70, 84, 1)
(51, 70, 84, 1)
(53, 70, 84, 1)
(55, 70, 84, 1)
(57, 70, 84, 1)
(59, 70, 84, 1)
(61, 70, 84, 1)
(65, 70, 84, 1)
(67, 70, 84, 1)
(14, 71, 84, 1)
(16, 71, 84, 1)
(18, 71, 84, 1)
(20, 71, 84, 1)
(22, 71, 84, 1)
(24, 71, 84, 1)
(26, 71, 84, 1)
(28, 71, 84, 1)
(30, 71, 84, 1)
(34, 71, 84, 1)
(36, 71, 84, 1)
(38, 71, 84, 1)
(40, 71, 84, 1)
(42, 71, 84, 1)
(44, 71, 84, 1)
(46, 71, 84, 1)
(48, 71, 84, 1)
(50, 71, 84, 1)
(52, 71, 84, 1)
(54, 71, 84, 1)
(56, 71, 84, 1)
(60, 71, 84, 1)
(62, 71, 84, 1)
(64, 71, 84, 1)
(66, 71, 84, 1)
(68, 71, 84, 1)
(19, 72, 84, 1)
(23, 72, 84, 1)
(31, 72, 84, 1)
(35, 72, 84, 1)
(43, 72, 84, 1)
(47, 72, 84, 1)
(55, 72, 84, 1)
(59, 72, 84, 1)
(67, 72, 84, 1)
(14, 73, 84, 1)
(22, 73, 84, 1)
(26, 73, 84, 1)
(30, 73, 84, 1)
(34, 73, 84, 1)
(38, 73, 84, 1)
(42, 73, 84, 1)
(46, 73, 84, 1)
(50, 73, 84, 1)
(54, 73, 84, 1)
(58, 73, 84, 1)
(66, 73, 84, 1)
(70, 73, 84, 1)
(11, 74, 84, 1)
(13, 74, 84, 1)
(15, 74, 84, 1)
(17, 74, 84, 1)
(21, 74, 84, 1)
(23, 74, 84, 1)
(25, 74, 84, 1)
(27, 74, 84, 1)
(31, 74, 84, 1)
(33, 74, 84, 1)
(35, 74, 84, 1)
(37, 74, 84, 1)
(41, 74, 84, 1)
(43, 74, 84, 1)
(45, 74, 84, 1)
(47, 74, 84, 1)
(51, 74, 84, 1)
(53, 74, 84, 1)
(55, 74, 84, 1)
(57, 74, 84, 1)
(61, 74, 84, 1)
(63, 74, 84, 1)
(65, 74, 84, 1)
(67, 74, 84, 1)
(71, 74, 84, 1)
(10, 75, 84, 1)
(14, 75, 84, 1)
(16, 75, 84, 1)
(20, 75, 84, 1)
(22, 75, 84, 1)
(26, 75, 84, 1)
(28, 75, 84, 1)
(32, 75, 84, 1)
(34, 75, 84, 1)
(38, 75, 84, 1)
(40, 75, 84, 1)
(44, 75, 84, 1)
(46, 75, 84, 1)
(50, 75, 84, 1)
(52, 75, 84, 1)
(56, 75, 84, 1)
(58, 75, 84, 1)
(62, 75, 84, 1)
(64, 75, 84, 1)
(68, 75, 84, 1)
(70, 75, 84, 1)
(11, 76, 84, 1)
(15, 76, 84, 1)
(19, 76, 84, 1)
(23, 76, 84, 1)
(27, 76, 84, 1)
(31, 76, 84, 1)
(35, 76, 84, 1)
(39, 76, 84, 1)
(43, 76, 84, 1)
(47, 76, 84, 1)
(51, 76, 84, 1)
(55, 76, 84, 1)
(59, 76, 84, 1)
(63, 76, 84, 1)
(67, 76, 84, 1)
(71, 76, 84, 1)
(10, 77, 84, 1)
(18, 77, 84, 1)
(22, 77, 84, 1)
(26, 77, 84, 1)
(30, 77, 84, 1)
(34, 77, 84, 1)
(38, 77, 84, 1)
(46, 77, 84, 1)
(50, 77, 84, 1)
(54, 77, 84, 1)
(58, 77, 84, 1)
(62, 77, 84, 1)
(66, 77, 84, 1)
(74, 77, 84, 1)
(7, 78, 84, 1)
(11, 78, 84, 1)
(13, 78, 84, 1)
(17, 78, 84, 1)
(19, 78, 84, 1)
(23, 78, 84, 1)
(25, 78, 84, 1)
(29, 78, 84, 1)
(31, 78, 84, 1)
(35, 78, 84, 1)
(37, 78, 84, 1)
(41, 78, 84, 1)
(43, 78, 84, 1)
(47, 78, 84, 1)
(49, 78, 84, 1)
(53, 78, 84, 1)
(55, 78, 84, 1)
(59, 78, 84, 1)
(61, 78, 84, 1)
(65, 78, 84, 1)
(67, 78, 84, 1)
(71, 78, 84, 1)
(73, 78, 84, 1)
(6, 79, 84, 1)
(8, 79, 84, 1)
(10, 79, 84, 1)
(12, 79, 84, 1)
(16, 79, 84, 1)
(18, 79, 84, 1)
(20, 79, 84, 1)
(22, 79, 84, 1)
(26, 79, 84, 1)
(28, 79, 84, 1)
(30, 79, 84, 1)
(32, 79, 84, 1)
(36, 79, 84, 1)
(38, 79, 84, 1)
(40, 79, 84, 1)
(42, 79, 84, 1)
(46, 79, 84, 1)
(48, 79, 84, 1)
(50, 79, 84, 1)
(52, 79, 84, 1)
(56, 79, 84, 1)
(58, 79, 84, 1)
(60, 79, 84, 1)
(62, 79, 84, 1)
(66, 79, 84, 1)
(68, 79, 84, 1)
(70, 79, 84, 1)
(72, 79, 84, 1)
(76, 79, 84, 1)
(7, 80, 84, 1)
(11, 80, 84, 1)
(15, 80, 84, 1)
(19, 80, 84, 1)
(23, 80, 84, 1)
(27, 80, 84, 1)
(31, 80, 84, 1)
(35, 80, 84, 1)
(39, 80, 84, 1)
(43, 80, 84, 1)
(47, 80, 84, 1)
(51, 80, 84, 1)
(55, 80, 84, 1)
(59, 80, 84, 1)
(63, 80, 84, 1)
(67, 80, 84, 1)
(71, 80, 84, 1)
(75, 80, 84, 1)
(10, 81, 84, 1)
(14, 81, 84, 1)
(22, 81, 84, 1)
(26, 81, 84, 1)
(34, 81, 84, 1)
(38, 81, 84, 1)
(46, 81, 84, 1)
(50, 81, 84, 1)
(58, 81, 84, 1)
(62, 81, 84, 1)
(70, 81, 84, 1)
(74, 81, 84, 1)
(42, 44, 85, 1)
(42, 45, 85, 1)
(38, 46, 85, 1)
(39, 46, 85, 1)
(41, 46, 85, 1)
(42, 46, 85, 1)
(44, 46, 85, 1)
(38, 47, 85, 1)
(40, 47, 85, 1)
(42, 47, 85, 1)
(44, 47, 85, 1)
(38, 48, 85, 1)
(39, 48, 85, 1)
(42, 48, 85, 1)
(43, 48, 85, 1)
(46, 48, 85, 1)
(38, 49, 85, 1)
(42, 49, 85, 1)
(34, 50, 85, 1)
(37, 50, 85, 1)
(38, 50, 85, 1)
(39, 50, 85, 1)
(41, 50, 85, 1)
(42, 50, 85, 1)
(44, 50, 85, 1)
(46, 50, 85, 1)
(47, 50, 85, 1)
(48, 50, 85, 1)
(36, 51, 85, 1)
(38, 51, 85, 1)
(40, 51, 85, 1)
(42, 51, 85, 1)
(44, 51, 85, 1)
(46, 51, 85, 1)
(48, 51, 85, 1)
(35, 52, 85, 1)
(38, 52, 85, 1)
(39, 52, 85, 1)
(42, 52, 85, 1)
(47, 52, 85, 1)
(50, 52, 85, 1)
(34, 53, 85, 1)
(38, 53, 85, 1)
(42, 53, 85, 1)
(46, 53, 85, 1)
(50, 53, 85, 1)
(30, 54, 85, 1)
(31, 54, 85, 1)
(32, 54, 85, 1)
(33, 54, 85, 1)
(34, 54, 85, 1)
(35, 54, 85, 1)
(36, 54, 85, 1)
(37, 54, 85, 1)
(38, 54, 85, 1)
(39, 54, 85, 1)
(40, 54, 85, 1)
(41, 54, 85, 1)
(42, 54, 85, 1)
(43, 54, 85, 1)
(44, 54, 85, 1)
(45, 54, 85, 1)
(46, 54, 85, 1)
(47, 54, 85, 1)
(48, 54, 85, 1)
(49, 54, 85, 1)
(50, 54, 85, 1)
(51, 54, 85, 1)
(52, 54, 85, 1)
(32, 55, 85, 1)
(36, 55, 85, 1)
(38, 55, 85, 1)
(42, 55, 85, 1)
(44, 55, 85, 1)
(48, 55, 85, 1)
(30, 56, 85, 1)
(31, 56, 85, 1)
(34, 56, 85, 1)
(35, 56, 85, 1)
(38, 56, 85, 1)
(39, 56, 85, 1)
(42, 56, 85, 1)
(43, 56, 85, 1)
(46, 56, 85, 1)
(47, 56, 85, 1)
(50, 56, 85, 1)
(51, 56, 85, 1)
(54, 56, 85, 1)
(30, 57, 85, 1)
(34, 57, 85, 1)
(38, 57, 85, 1)
(42, 57, 85, 1)
(46, 57, 85, 1)
(54, 57, 85, 1)
(26, 58, 85, 1)
(27, 58, 85, 1)
(29, 58, 85, 1)
(30, 58, 85, 1)
(32, 58, 85, 1)
(33, 58, 85, 1)
(35, 58, 85, 1)
(36, 58, 85, 1)
(38, 58, 85, 1)
(39, 58, 85, 1)
(41, 58, 85, 1)
(42, 58, 85, 1)
(44, 58, 85, 1)
(45, 58, 85, 1)
(47, 58, 85, 1)
(48, 58, 85, 1)
(50, 58, 85, 1)
(51, 58, 85, 1)
(53, 58, 85, 1)
(54, 58, 85, 1)
(56, 58, 85, 1)
(26, 59, 85, 1)
(28, 59, 85, 1)
(30, 59, 85, 1)
(32, 59, 85, 1)
(34, 59, 85, 1)
(36, 59, 85, 1)
(38, 59, 85, 1)
(40, 59, 85, 1)
(42, 59, 85, 1)
(44, 59, 85, 1)
(48, 59, 85, 1)
(50, 59, 85, 1)
(52, 59, 85, 1)
(54, 59, 85, 1)
(56, 59, 85, 1)
(26, 60, 85, 1)
(27, 60, 85, 1)
(31, 60, 85, 1)
(34, 60, 85, 1)
(38, 60, 85, 1)
(39, 60, 85, 1)
(42, 60, 85, 1)
(43, 60, 85, 1)
(46, 60, 85, 1)
(47, 60, 85, 1)
(51, 60, 85, 1)
(54, 60, 85, 1)
(58, 60, 85, 1)
(26, 61, 85, 1)
(30, 61, 85, 1)
(38, 61, 85, 1)
(42, 61, 85, 1)
(50, 61, 85, 1)
(54, 61, 85, 1)
(22, 62, 85, 1)
(23, 62, 85, 1)
(24, 62, 85, 1)
(25, 62, 85, 1)
(26, 62, 85, 1)
(27, 62, 85, 1)
(28, 62, 85, 1)
(29, 62, 85, 1)
(30, 62, 85, 1)
(31, 62, 85, 1)
(32, 62, 85, 1)
(33, 62, 85, 1)
(34, 62, 85, 1)
(35, 62, 85, 1)
(36, 62, 85, 1)
(37, 62, 85, 1)
(38, 62, 85, 1)
(40, 62, 85, 1)
(41, 62, 85, 1)
(42, 62, 85, 1)
(43, 62, 85, 1)
(44, 62, 85, 1)
(45, 62, 85, 1)
(46, 62, 85, 1)
(47, 62, 85, 1)
(48, 62, 85, 1)
(49, 62, 85, 1)
(50, 62, 85, 1)
(51, 62, 85, 1)
(52, 62, 85, 1)
(53, 62, 85, 1)
(54, 62, 85, 1)
(55, 62, 85, 1)
(56, 62, 85, 1)
(57, 62, 85, 1)
(58, 62, 85, 1)
(59, 62, 85, 1)
(60, 62, 85, 1)
(22, 63, 85, 1)
(24, 63, 85, 1)
(26, 63, 85, 1)
(28, 63, 85, 1)
(32, 63, 85, 1)
(34, 63, 85, 1)
(36, 63, 85, 1)
(38, 63, 85, 1)
(40, 63, 85, 1)
(42, 63, 85, 1)
(44, 63, 85, 1)
(46, 63, 85, 1)
(48, 63, 85, 1)
(50, 63, 85, 1)
(54, 63, 85, 1)
(56, 63, 85, 1)
(58, 63, 85, 1)
(60, 63, 85, 1)
(23, 64, 85, 1)
(26, 64, 85, 1)
(27, 64, 85, 1)
(30, 64, 85, 1)
(35, 64, 85, 1)
(38, 64, 85, 1)
(39, 64, 85, 1)
(42, 64, 85, 1)
(47, 64, 85, 1)
(51, 64, 85, 1)
(54, 64, 85, 1)
(59, 64, 85, 1)
(62, 64, 85, 1)
(22, 65, 85, 1)
(26, 65, 85, 1)
(34, 65, 85, 1)
(38, 65, 85, 1)
(42, 65, 85, 1)
(46, 65, 85, 1)
(54, 65, 85, 1)
(58, 65, 85, 1)
(62, 65, 85, 1)
(18, 66, 85, 1)
(19, 66, 85, 1)
(20, 66, 85, 1)
(21, 66, 85, 1)
(22, 66, 85, 1)
(23, 66, 85, 1)
(24, 66, 85, 1)
(25, 66, 85, 1)
(26, 66, 85, 1)
(27, 66, 85, 1)
(29, 66, 85, 1)
(30, 66, 85, 1)
(31, 66, 85, 1)
(32, 66, 85, 1)
(33, 66, 85, 1)
(34, 66, 85, 1)
(35, 66, 85, 1)
(36, 66, 85, 1)
(37, 66, 85, 1)
(38, 66, 85, 1)
(39, 66, 85, 1)
(40, 66, 85, 1)
(41, 66, 85, 1)
(42, 66, 85, 1)
(43, 66, 85, 1)
(44, 66, 85, 1)
(45, 66, 85, 1)
(46, 66, 85, 1)
(48, 66, 85, 1)
(49, 66, 85, 1)
(50, 66, 85, 1)
(51, 66, 85, 1)
(52, 66, 85, 1)
(53, 66, 85, 1)
(54, 66, 85, 1)
(55, 66, 85, 1)
(56, 66, 85, 1)
(57, 66, 85, 1)
(58, 66, 85, 1)
(59, 66, 85, 1)
(60, 66, 85, 1)
(61, 66, 85, 1)
(62, 66, 85, 1)
(63, 66, 85, 1)
(64, 66, 85, 1)
(18, 67, 85, 1)
(20, 67, 85, 1)
(24, 67, 85, 1)
(26, 67, 85, 1)
(30, 67, 85, 1)
(32, 67, 85, 1)
(36, 67, 85, 1)
(38, 67, 85, 1)
(42, 67, 85, 1)
(44, 67, 85, 1)
(48, 67, 85, 1)
(50, 67, 85, 1)
(54, 67, 85, 1)
(56, 67, 85, 1)
(60, 67, 85, 1)
(62, 67, 85, 1)
(18, 68, 85, 1)
(19, 68, 85, 1)
(22, 68, 85, 1)
(23, 68, 85, 1)
(26, 68, 85, 1)
(27, 68, 85, 1)
(30, 68, 85, 1)
(31, 68, 85, 1)
(35, 68, 85, 1)
(38, 68, 85, 1)
(39, 68, 85, 1)
(42, 68, 85, 1)
(43, 68, 85, 1)
(46, 68, 85, 1)
(47, 68, 85, 1)
(50, 68, 85, 1)
(54, 68, 85, 1)
(55, 68, 85, 1)
(58, 68, 85, 1)
(59, 68, 85, 1)
(62, 68, 85, 1)
(63, 68, 85, 1)
(66, 68, 85, 1)
(18, 69, 85, 1)
(22, 69, 85, 1)
(26, 69, 85, 1)
(30, 69, 85, 1)
(34, 69, 85, 1)
(38, 69, 85, 1)
(42, 69, 85, 1)
(46, 69, 85, 1)
(50, 69, 85, 1)
(54, 69, 85, 1)
(58, 69, 85, 1)
(62, 69, 85, 1)
(66, 69, 85, 1)
(14, 70, 85, 1)
(17, 70, 85, 1)
(18, 70, 85, 1)
(21, 70, 85, 1)
(23, 70, 85, 1)
(24, 70, 85, 1)
(26, 70, 85, 1)
(27, 70, 85, 1)
(29, 70, 85, 1)
(32, 70, 85, 1)
(33, 70, 85, 1)
(36, 70, 85, 1)
(38, 70, 85, 1)
(39, 70, 85, 1)
(41, 70, 85, 1)
(42, 70, 85, 1)
(44, 70, 85, 1)
(47, 70, 85, 1)
(48, 70, 85, 1)
(51, 70, 85, 1)
(53, 70, 85, 1)
(54, 70, 85, 1)
(56, 70, 85, 1)
(57, 70, 85, 1)
(59, 70, 85, 1)
(62, 70, 85, 1)
(63, 70, 85, 1)
(66, 70, 85, 1)
(68, 70, 85, 1)
(14, 71, 85, 1)
(16, 71, 85, 1)
(18, 71, 85, 1)
(20, 71, 85, 1)
(24, 71, 85, 1)
(26, 71, 85, 1)
(28, 71, 85, 1)
(30, 71, 85, 1)
(32, 71, 85, 1)
(34, 71, 85, 1)
(38, 71, 85, 1)
(40, 71, 85, 1)
(42, 71, 85, 1)
(44, 71, 85, 1)
(46, 71, 85, 1)
(48, 71, 85, 1)
(52, 71, 85, 1)
(54, 71, 85, 1)
(56, 71, 85, 1)
(58, 71, 85, 1)
(60, 71, 85, 1)
(62, 71, 85, 1)
(66, 71, 85, 1)
(68, 71, 85, 1)
(14, 72, 85, 1)
(15, 72, 85, 1)
(18, 72, 85, 1)
(19, 72, 85, 1)
(22, 72, 85, 1)
(23, 72, 85, 1)
(26, 72, 85, 1)
(27, 72, 85, 1)
(30, 72, 85, 1)
(31, 72, 85, 1)
(34, 72, 85, 1)
(35, 72, 85, 1)
(38, 72, 85, 1)
(39, 72, 85, 1)
(42, 72, 85, 1)
(43, 72, 85, 1)
(47, 72, 85, 1)
(50, 72, 85, 1)
(51, 72, 85, 1)
(54, 72, 85, 1)
(55, 72, 85, 1)
(58, 72, 85, 1)
(62, 72, 85, 1)
(63, 72, 85, 1)
(66, 72, 85, 1)
(67, 72, 85, 1)
(70, 72, 85, 1)
(14, 73, 85, 1)
(18, 73, 85, 1)
(26, 73, 85, 1)
(30, 73, 85, 1)
(38, 73, 85, 1)
(42, 73, 85, 1)
(50, 73, 85, 1)
(54, 73, 85, 1)
(62, 73, 85, 1)
(66, 73, 85, 1)
(10, 74, 85, 1)
(11, 74, 85, 1)
(12, 74, 85, 1)
(13, 74, 85, 1)
(14, 74, 85, 1)
(15, 74, 85, 1)
(16, 74, 85, 1)
(17, 74, 85, 1)
(18, 74, 85, 1)
(20, 74, 85, 1)
(21, 74, 85, 1)
(22, 74, 85, 1)
(23, 74, 85, 1)
(24, 74, 85, 1)
(25, 74, 85, 1)
(26, 74, 85, 1)
(27, 74, 85, 1)
(28, 74, 85, 1)
(29, 74, 85, 1)
(31, 74, 85, 1)
(32, 74, 85, 1)
(33, 74, 85, 1)
(34, 74, 85, 1)
(35, 74, 85, 1)
(36, 74, 85, 1)
(37, 74, 85, 1)
(38, 74, 85, 1)
(39, 74, 85, 1)
(40, 74, 85, 1)
(42, 74, 85, 1)
(43, 74, 85, 1)
(44, 74, 85, 1)
(45, 74, 85, 1)
(46, 74, 85, 1)
(47, 74, 85, 1)
(48, 74, 85, 1)
(49, 74, 85, 1)
(50, 74, 85, 1)
(51, 74, 85, 1)
(53, 74, 85, 1)
(54, 74, 85, 1)
(55, 74, 85, 1)
(56, 74, 85, 1)
(57, 74, 85, 1)
(58, 74, 85, 1)
(59, 74, 85, 1)
(60, 74, 85, 1)
(61, 74, 85, 1)
(62, 74, 85, 1)
(64, 74, 85, 1)
(65, 74, 85, 1)
(66, 74, 85, 1)
(67, 74, 85, 1)
(68, 74, 85, 1)
(69, 74, 85, 1)
(70, 74, 85, 1)
(71, 74, 85, 1)
(72, 74, 85, 1)
(12, 75, 85, 1)
(14, 75, 85, 1)
(16, 75, 85, 1)
(18, 75, 85, 1)
(22, 75, 85, 1)
(24, 75, 85, 1)
(26, 75, 85, 1)
(28, 75, 85, 1)
(32, 75, 85, 1)
(34, 75, 85, 1)
(36, 75, 85, 1)
(38, 75, 85, 1)
(42, 75, 85, 1)
(44, 75, 85, 1)
(46, 75, 85, 1)
(48, 75, 85, 1)
(52, 75, 85, 1)
(54, 75, 85, 1)
(56, 75, 85, 1)
(58, 75, 85, 1)
(62, 75, 85, 1)
(64, 75, 85, 1)
(66, 75, 85, 1)
(68, 75, 85, 1)
(72, 75, 85, 1)
(11, 76, 85, 1)
(14, 76, 85, 1)
(15, 76, 85, 1)
(18, 76, 85, 1)
(23, 76, 85, 1)
(26, 76, 85, 1)
(27, 76, 85, 1)
(30, 76, 85, 1)
(35, 76, 85, 1)
(38, 76, 85, 1)
(39, 76, 85, 1)
(42, 76, 85, 1)
(47, 76, 85, 1)
(50, 76, 85, 1)
(51, 76, 85, 1)
(54, 76, 85, 1)
(59, 76, 85, 1)
(62, 76, 85, 1)
(63, 76, 85, 1)
(66, 76, 85, 1)
(71, 76, 85, 1)
(74, 76, 85, 1)
(10, 77, 85, 1)
(14, 77, 85, 1)
(18, 77, 85, 1)
(22, 77, 85, 1)
(26, 77, 85, 1)
(30, 77, 85, 1)
(34, 77, 85, 1)
(38, 77, 85, 1)
(42, 77, 85, 1)
(46, 77, 85, 1)
(50, 77, 85, 1)
(54, 77, 85, 1)
(58, 77, 85, 1)
(62, 77, 85, 1)
(66, 77, 85, 1)
(70, 77, 85, 1)
(74, 77, 85, 1)
(6, 78, 85, 1)
(7, 78, 85, 1)
(9, 78, 85, 1)
(10, 78, 85, 1)
(11, 78, 85, 1)
(12, 78, 85, 1)
(13, 78, 85, 1)
(14, 78, 85, 1)
(16, 78, 85, 1)
(17, 78, 85, 1)
(18, 78, 85, 1)
(19, 78, 85, 1)
(20, 78, 85, 1)
(21, 78, 85, 1)
(23, 78, 85, 1)
(24, 78, 85, 1)
(25, 78, 85, 1)
(26, 78, 85, 1)
(27, 78, 85, 1)
(28, 78, 85, 1)
(30, 78, 85, 1)
(31, 78, 85, 1)
(32, 78, 85, 1)
(33, 78, 85, 1)
(34, 78, 85, 1)
(35, 78, 85, 1)
(37, 78, 85, 1)
(38, 78, 85, 1)
(39, 78, 85, 1)
(40, 78, 85, 1)
(41, 78, 85, 1)
(42, 78, 85, 1)
(44, 78, 85, 1)
(45, 78, 85, 1)
(46, 78, 85, 1)
(47, 78, 85, 1)
(48, 78, 85, 1)
(49, 78, 85, 1)
(51, 78, 85, 1)
(52, 78, 85, 1)
(53, 78, 85, 1)
(54, 78, 85, 1)
(55, 78, 85, 1)
(56, 78, 85, 1)
(58, 78, 85, 1)
(59, 78, 85, 1)
(60, 78, 85, 1)
(61, 78, 85, 1)
(62, 78, 85, 1)
(63, 78, 85, 1)
(65, 78, 85, 1)
(66, 78, 85, 1)
(67, 78, 85, 1)
(68, 78, 85, 1)
(69, 78, 85, 1)
(70, 78, 85, 1)
(72, 78, 85, 1)
(73, 78, 85, 1)
(74, 78, 85, 1)
(75, 78, 85, 1)
(76, 78, 85, 1)
(6, 79, 85, 1)
(8, 79, 85, 1)
(12, 79, 85, 1)
(14, 79, 85, 1)
(18, 79, 85, 1)
(20, 79, 85, 1)
(24, 79, 85, 1)
(26, 79, 85, 1)
(30, 79, 85, 1)
(32, 79, 85, 1)
(36, 79, 85, 1)
(38, 79, 85, 1)
(42, 79, 85, 1)
(44, 79, 85, 1)
(48, 79, 85, 1)
(50, 79, 85, 1)
(54, 79, 85, 1)
(56, 79, 85, 1)
(60, 79, 85, 1)
(62, 79, 85, 1)
(66, 79, 85, 1)
(68, 79, 85, 1)
(72, 79, 85, 1)
(74, 79, 85, 1)
(6, 80, 85, 1)
(7, 80, 85, 1)
(11, 80, 85, 1)
(14, 80, 85, 1)
(18, 80, 85, 1)
(19, 80, 85, 1)
(22, 80, 85, 1)
(23, 80, 85, 1)
(26, 80, 85, 1)
(27, 80, 85, 1)
(31, 80, 85, 1)
(34, 80, 85, 1)
(38, 80, 85, 1)
(39, 80, 85, 1)
(42, 80, 85, 1)
(43, 80, 85, 1)
(46, 80, 85, 1)
(47, 80, 85, 1)
(51, 80, 85, 1)
(54, 80, 85, 1)
(58, 80, 85, 1)
(59, 80, 85, 1)
(62, 80, 85, 1)
(63, 80, 85, 1)
(66, 80, 85, 1)
(67, 80, 85, 1)
(71, 80, 85, 1)
(74, 80, 85, 1)
(78, 80, 85, 1)
(6, 81, 85, 1)
(10, 81, 85, 1)
(14, 81, 85, 1)
(18, 81, 85, 1)
(22, 81, 85, 1)
(26, 81, 85, 1)
(30, 81, 85, 1)
(34, 81, 85, 1)
(38, 81, 85, 1)
(42, 81, 85, 1)
(46, 81, 85, 1)
(50, 81, 85, 1)
(54, 81, 85, 1)
(58, 81, 85, 1)
(62, 81, 85, 1)
(66, 81, 85, 1)
(70, 81, 85, 1)
(74, 81, 85, 1)
(78, 81, 85, 1)
(5, 82, 85, 1)
(6, 82, 85, 1)
(8, 82, 85, 1)
(9, 82, 85, 1)
(11, 82, 85, 1)
(12, 82, 85, 1)
(14, 82, 85, 1)
(15, 82, 85, 1)
(17, 82, 85, 1)
(18, 82, 85, 1)
(20, 82, 85, 1)
(21, 82, 85, 1)
(23, 82, 85, 1)
(24, 82, 85, 1)
(26, 82, 85, 1)
(27, 82, 85, 1)
(29, 82, 85, 1)
(30, 82, 85, 1)
(32, 82, 85, 1)
(33, 82, 85, 1)
(35, 82, 85, 1)
(36, 82, 85, 1)
(38, 82, 85, 1)
(39, 82, 85, 1)
(41, 82, 85, 1)
(42, 82, 85, 1)
(44, 82, 85, 1)
(45, 82, 85, 1)
(47, 82, 85, 1)
(48, 82, 85, 1)
(50, 82, 85, 1)
(51, 82, 85, 1)
(53, 82, 85, 1)
(54, 82, 85, 1)
(56, 82, 85, 1)
(57, 82, 85, 1)
(59, 82, 85, 1)
(60, 82, 85, 1)
(62, 82, 85, 1)
(63, 82, 85, 1)
(65, 82, 85, 1)
(66, 82, 85, 1)
(68, 82, 85, 1)
(69, 82, 85, 1)
(71, 82, 85, 1)
(72, 82, 85, 1)
(74, 82, 85, 1)
(75, 82, 85, 1)
(77, 82, 85, 1)
(78, 82, 85, 1)
(80, 82, 85, 1)
(42, 45, 86, 1)
(43, 46, 86, 1)
(40, 47, 86, 1)
(42, 47, 86, 1)
(39, 48, 86, 1)
(41, 48, 86, 1)
(43, 48, 86, 1)
(45, 48, 86, 1)
(38, 49, 86, 1)
(40, 49, 86, 1)
(42, 49, 86, 1)
(44, 49, 86, 1)
(46, 49, 86, 1)
(37, 50, 86, 1)
(39, 50, 86, 1)
(43, 50, 86, 1)
(45, 50, 86, 1)
(38, 51, 86, 1)
(40, 51, 86, 1)
(42, 51, 86, 1)
(48, 51, 86, 1)
(37, 52, 86, 1)
(39, 52, 86, 1)
(41, 52, 86, 1)
(43, 52, 86, 1)
(45, 52, 86, 1)
(47, 52, 86, 1)
(49, 52, 86, 1)
(34, 53, 86, 1)
(36, 53, 86, 1)
(40, 53, 86, 1)
(46, 53, 86, 1)
(48, 53, 86, 1)
(33, 54, 86, 1)
(35, 54, 86, 1)
(37, 54, 86, 1)
(39, 54, 86, 1)
(41, 54, 86, 1)
(43, 54, 86, 1)
(45, 54, 86, 1)
(47, 54, 86, 1)
(49, 54, 86, 1)
(51, 54, 86, 1)
(32, 55, 86, 1)
(34, 55, 86, 1)
(36, 55, 86, 1)
(38, 55, 86, 1)
(40, 55, 86, 1)
(42, 55, 86, 1)
(44, 55, 86, 1)
(46, 55, 86, 1)
(48, 55, 86, 1)
(50, 55, 86, 1)
(52, 55, 86, 1)
(33, 56, 86, 1)
(37, 56, 86, 1)
(39, 56, 86, 1)
(43, 56, 86, 1)
(45, 56, 86, 1)
(49, 56, 86, 1)
(30, 57, 86, 1)
(32, 57, 86, 1)
(34, 57, 86, 1)
(36, 57, 86, 1)
(38, 57, 86, 1)
(40, 57, 86, 1)
(42, 57, 86, 1)
(44, 57, 86, 1)
(46, 57, 86, 1)
(48, 57, 86, 1)
(50, 57, 86, 1)
(52, 57, 86, 1)
(54, 57, 86, 1)
(29, 58, 86, 1)
(31, 58, 86, 1)
(33, 58, 86, 1)
(35, 58, 86, 1)
(39, 58, 86, 1)
(41, 58, 86, 1)
(43, 58, 86, 1)
(45, 58, 86, 1)
(47, 58, 86, 1)
(49, 58, 86, 1)
(53, 58, 86, 1)
(55, 58, 86, 1)
(28, 59, 86, 1)
(30, 59, 86, 1)
(34, 59, 86, 1)
(36, 59, 86, 1)
(40, 59, 86, 1)
(42, 59, 86, 1)
(46, 59, 86, 1)
(48, 59, 86, 1)
(52, 59, 86, 1)
(54, 59, 86, 1)
(27, 60, 86, 1)
(29, 60, 86, 1)
(31, 60, 86, 1)
(33, 60, 86, 1)
(35, 60, 86, 1)
(37, 60, 86, 1)
(39, 60, 86, 1)
(41, 60, 86, 1)
(43, 60, 86, 1)
(45, 60, 86, 1)
(49, 60, 86, 1)
(51, 60, 86, 1)
(53, 60, 86, 1)
(55, 60, 86, 1)
(57, 60, 86, 1)
(28, 61, 86, 1)
(30, 61, 86, 1)
(32, 61, 86, 1)
(34, 61, 86, 1)
(38, 61, 86, 1)
(40, 61, 86, 1)
(42, 61, 86, 1)
(44, 61, 86, 1)
(48, 61, 86, 1)
(50, 61, 86, 1)
(52, 61, 86, 1)
(54, 61, 86, 1)
(58, 61, 86, 1)
(25, 62, 86, 1)
(27, 62, 86, 1)
(31, 62, 86, 1)
(33, 62, 86, 1)
(37, 62, 86, 1)
(39, 62, 86, 1)
(43, 62, 86, 1)
(45, 62, 86, 1)
(49, 62, 86, 1)
(51, 62, 86, 1)
(55, 62, 86, 1)
(57, 62, 86, 1)
(24, 63, 86, 1)
(26, 63, 86, 1)
(28, 63, 86, 1)
(30, 63, 86, 1)
(32, 63, 86, 1)
(34, 63, 86, 1)
(36, 63, 86, 1)
(38, 63, 86, 1)
(42, 63, 86, 1)
(44, 63, 86, 1)
(46, 63, 86, 1)
(48, 63, 86, 1)
(50, 63, 86, 1)
(52, 63, 86, 1)
(54, 63, 86, 1)
(56, 63, 86, 1)
(58, 63, 86, 1)
(60, 63, 86, 1)
(23, 64, 86, 1)
(25, 64, 86, 1)
(27, 64, 86, 1)
(29, 64, 86, 1)
(33, 64, 86, 1)
(35, 64, 86, 1)
(37, 64, 86, 1)
(39, 64, 86, 1)
(41, 64, 86, 1)
(43, 64, 86, 1)
(45, 64, 86, 1)
(47, 64, 86, 1)
(49, 64, 86, 1)
(51, 64, 86, 1)
(55, 64, 86, 1)
(57, 64, 86, 1)
(59, 64, 86, 1)
(61, 64, 86, 1)
(22, 65, 86, 1)
(24, 65, 86, 1)
(28, 65, 86, 1)
(34, 65, 86, 1)
(36, 65, 86, 1)
(40, 65, 86, 1)
(42, 65, 86, 1)
(46, 65, 86, 1)
(48, 65, 86, 1)
(52, 65, 86, 1)
(54, 65, 86, 1)
(60, 65, 86, 1)
(23, 66, 86, 1)
(25, 66, 86, 1)
(27, 66, 86, 1)
(29, 66, 86, 1)
(33, 66, 86, 1)
(35, 66, 86, 1)
(37, 66, 86, 1)
(39, 66, 86, 1)
(43, 66, 86, 1)
(45, 66, 86, 1)
(47, 66, 86, 1)
(49, 66, 86, 1)
(53, 66, 86, 1)
(55, 66, 86, 1)
(57, 66, 86, 1)
(59, 66, 86, 1)
(63, 66, 86, 1)
(20, 67, 86, 1)
(22, 67, 86, 1)
(24, 67, 86, 1)
(26, 67, 86, 1)
(28, 67, 86, 1)
(30, 67, 86, 1)
(32, 67, 86, 1)
(34, 67, 86, 1)
(36, 67, 86, 1)
(38, 67, 86, 1)
(40, 67, 86, 1)
(42, 67, 86, 1)
(44, 67, 86, 1)
(46, 67, 86, 1)
(50, 67, 86, 1)
(52, 67, 86, 1)
(54, 67, 86, 1)
(56, 67, 86, 1)
(58, 67, 86, 1)
(60, 67, 86, 1)
(62, 67, 86, 1)
(64, 67, 86, 1)
(19, 68, 86, 1)
(21, 68, 86, 1)
(25, 68, 86, 1)
(27, 68, 86, 1)
(31, 68, 86, 1)
(33, 68, 86, 1)
(37, 68, 86, 1)
(39, 68, 86, 1)
(43, 68, 86, 1)
(45, 68, 86, 1)
(49, 68, 86, 1)
(51, 68, 86, 1)
(55, 68, 86, 1)
(57, 68, 86, 1)
(61, 68, 86, 1)
(63, 68, 86, 1)
(20, 69, 86, 1)
(22, 69, 86, 1)
(24, 69, 86, 1)
(26, 69, 86, 1)
(28, 69, 86, 1)
(30, 69, 86, 1)
(32, 69, 86, 1)
(34, 69, 86, 1)
(36, 69, 86, 1)
(38, 69, 86, 1)
(40, 69, 86, 1)
(42, 69, 86, 1)
(44, 69, 86, 1)
(46, 69, 86, 1)
(48, 69, 86, 1)
(50, 69, 86, 1)
(54, 69, 86, 1)
(56, 69, 86, 1)
(58, 69, 86, 1)
(60, 69, 86, 1)
(62, 69, 86, 1)
(64, 69, 86, 1)
(66, 69, 86, 1)
(17, 70, 86, 1)
(19, 70, 86, 1)
(21, 70, 86, 1)
(23, 70, 86, 1)
(25, 70, 86, 1)
(27, 70, 86, 1)
(29, 70, 86, 1)
(31, 70, 86, 1)
(33, 70, 86, 1)
(35, 70, 86, 1)
(37, 70, 86, 1)
(39, 70, 86, 1)
(41, 70, 86, 1)
(43, 70, 86, 1)
(45, 70, 86, 1)
(47, 70, 86, 1)
(49, 70, 86, 1)
(51, 70, 86, 1)
(53, 70, 86, 1)
(55, 70, 86, 1)
(57, 70, 86, 1)
(59, 70, 86, 1)
(61, 70, 86, 1)
(63, 70, 86, 1)
(65, 70, 86, 1)
(67, 70, 86, 1)
(18, 71, 86, 1)
(22, 71, 86, 1)
(24, 71, 86, 1)
(28, 71, 86, 1)
(30, 71, 86, 1)
(34, 71, 86, 1)
(40, 71, 86, 1)
(42, 71, 86, 1)
(48, 71, 86, 1)
(52, 71, 86, 1)
(54, 71, 86, 1)
(58, 71, 86, 1)
(60, 71, 86, 1)
(64, 71, 86, 1)
(15, 72, 86, 1)
(17, 72, 86, 1)
(19, 72, 86, 1)
(21, 72, 86, 1)
(25, 72, 86, 1)
(27, 72, 86, 1)
(29, 72, 86, 1)
(31, 72, 86, 1)
(33, 72, 86, 1)
(35, 72, 86, 1)
(39, 72, 86, 1)
(41, 72, 86, 1)
(43, 72, 86, 1)
(45, 72, 86, 1)
(47, 72, 86, 1)
(49, 72, 86, 1)
(53, 72, 86, 1)
(55, 72, 86, 1)
(57, 72, 86, 1)
(59, 72, 86, 1)
(61, 72, 86, 1)
(63, 72, 86, 1)
(67, 72, 86, 1)
(69, 72, 86, 1)
(14, 73, 86, 1)
(16, 73, 86, 1)
(18, 73, 86, 1)
(20, 73, 86, 1)
(22, 73, 86, 1)
(24, 73, 86, 1)
(26, 73, 86, 1)
(28, 73, 86, 1)
(30, 73, 86, 1)
(32, 73, 86, 1)
(36, 73, 86, 1)
(38, 73, 86, 1)
(40, 73, 86, 1)
(42, 73, 86, 1)
(44, 73, 86, 1)
(46, 73, 86, 1)
(48, 73, 86, 1)
(50, 73, 86, 1)
(52, 73, 86, 1)
(54, 73, 86, 1)
(56, 73, 86, 1)
(58, 73, 86, 1)
(62, 73, 86, 1)
(64, 73, 86, 1)
(66, 73, 86, 1)
(68, 73, 86, 1)
(70, 73, 86, 1)
(13, 74, 86, 1)
(15, 74, 86, 1)
(19, 74, 86, 1)
(21, 74, 86, 1)
(25, 74, 86, 1)
(27, 74, 86, 1)
(31, 74, 86, 1)
(33, 74, 86, 1)
(37, 74, 86, 1)
(39, 74, 86, 1)
(43, 74, 86, 1)
(45, 74, 86, 1)
(49, 74, 86, 1)
(51, 74, 86, 1)
(55, 74, 86, 1)
(57, 74, 86, 1)
(61, 74, 86, 1)
(63, 74, 86, 1)
(67, 74, 86, 1)
(69, 74, 86, 1)
(12, 75, 86, 1)
(14, 75, 86, 1)
(16, 75, 86, 1)
(18, 75, 86, 1)
(22, 75, 86, 1)
(24, 75, 86, 1)
(26, 75, 86, 1)
(28, 75, 86, 1)
(30, 75, 86, 1)
(32, 75, 86, 1)
(34, 75, 86, 1)
(36, 75, 86, 1)
(38, 75, 86, 1)
(40, 75, 86, 1)
(44, 75, 86, 1)
(46, 75, 86, 1)
(48, 75, 86, 1)
(50, 75, 86, 1)
(52, 75, 86, 1)
(54, 75, 86, 1)
(56, 75, 86, 1)
(58, 75, 86, 1)
(60, 75, 86, 1)
(62, 75, 86, 1)
(66, 75, 86, 1)
(68, 75, 86, 1)
(70, 75, 86, 1)
(72, 75, 86, 1)
(13, 76, 86, 1)
(15, 76, 86, 1)
(17, 76, 86, 1)
(19, 76, 86, 1)
(23, 76, 86, 1)
(25, 76, 86, 1)
(27, 76, 86, 1)
(29, 76, 86, 1)
(33, 76, 86, 1)
(35, 76, 86, 1)
(37, 76, 86, 1)
(39, 76, 86, 1)
(43, 76, 86, 1)
(45, 76, 86, 1)
(47, 76, 86, 1)
(49, 76, 86, 1)
(53, 76, 86, 1)
(55, 76, 86, 1)
(57, 76, 86, 1)
(59, 76, 86, 1)
(63, 76, 86, 1)
(65, 76, 86, 1)
(67, 76, 86, 1)
(69, 76, 86, 1)
(73, 76, 86, 1)
(10, 77, 86, 1)
(12, 77, 86, 1)
(16, 77, 86, 1)
(18, 77, 86, 1)
(22, 77, 86, 1)
(24, 77, 86, 1)
(28, 77, 86, 1)
(30, 77, 86, 1)
(34, 77, 86, 1)
(36, 77, 86, 1)
(40, 77, 86, 1)
(42, 77, 86, 1)
(46, 77, 86, 1)
(48, 77, 86, 1)
(52, 77, 86, 1)
(54, 77, 86, 1)
(58, 77, 86, 1)
(60, 77, 86, 1)
(64, 77, 86, 1)
(66, 77, 86, 1)
(70, 77, 86, 1)
(72, 77, 86, 1)
(9, 78, 86, 1)
(11, 78, 86, 1)
(13, 78, 86, 1)
(15, 78, 86, 1)
(17, 78, 86, 1)
(19, 78, 86, 1)
(21, 78, 86, 1)
(23, 78, 86, 1)
(25, 78, 86, 1)
(27, 78, 86, 1)
(29, 78, 86, 1)
(31, 78, 86, 1)
(33, 78, 86, 1)
(35, 78, 86, 1)
(37, 78, 86, 1)
(39, 78, 86, 1)
(41, 78, 86, 1)
(43, 78, 86, 1)
(45, 78, 86, 1)
(47, 78, 86, 1)
(49, 78, 86, 1)
(51, 78, 86, 1)
(53, 78, 86, 1)
(55, 78, 86, 1)
(57, 78, 86, 1)
(59, 78, 86, 1)
(61, 78, 86, 1)
(63, 78, 86, 1)
(65, 78, 86, 1)
(67, 78, 86, 1)
(69, 78, 86, 1)
(71, 78, 86, 1)
(73, 78, 86, 1)
(75, 78, 86, 1)
(8, 79, 86, 1)
(10, 79, 86, 1)
(12, 79, 86, 1)
(14, 79, 86, 1)
(18, 79, 86, 1)
(20, 79, 86, 1)
(22, 79, 86, 1)
(24, 79, 86, 1)
(26, 79, 86, 1)
(28, 79, 86, 1)
(32, 79, 86, 1)
(34, 79, 86, 1)
(36, 79, 86, 1)
(38, 79, 86, 1)
(40, 79, 86, 1)
(42, 79, 86, 1)
(46, 79, 86, 1)
(48, 79, 86, 1)
(50, 79, 86, 1)
(52, 79, 86, 1)
(54, 79, 86, 1)
(56, 79, 86, 1)
(60, 79, 86, 1)
(62, 79, 86, 1)
(64, 79, 86, 1)
(66, 79, 86, 1)
(68, 79, 86, 1)
(70, 79, 86, 1)
(74, 79, 86, 1)
(76, 79, 86, 1)
(7, 80, 86, 1)
(9, 80, 86, 1)
(13, 80, 86, 1)
(15, 80, 86, 1)
(19, 80, 86, 1)
(21, 80, 86, 1)
(25, 80, 86, 1)
(27, 80, 86, 1)
(31, 80, 86, 1)
(33, 80, 86, 1)
(37, 80, 86, 1)
(39, 80, 86, 1)
(43, 80, 86, 1)
(45, 80, 86, 1)
(49, 80, 86, 1)
(51, 80, 86, 1)
(55, 80, 86, 1)
(57, 80, 86, 1)
(61, 80, 86, 1)
(63, 80, 86, 1)
(67, 80, 86, 1)
(69, 80, 86, 1)
(73, 80, 86, 1)
(75, 80, 86, 1)
(8, 81, 86, 1)
(10, 81, 86, 1)
(12, 81, 86, 1)
(14, 81, 86, 1)
(18, 81, 86, 1)
(20, 81, 86, 1)
(22, 81, 86, 1)
(24, 81, 86, 1)
(28, 81, 86, 1)
(30, 81, 86, 1)
(32, 81, 86, 1)
(34, 81, 86, 1)
(38, 81, 86, 1)
(40, 81, 86, 1)
(42, 81, 86, 1)
(44, 81, 86, 1)
(48, 81, 86, 1)
(50, 81, 86, 1)
(52, 81, 86, 1)
(54, 81, 86, 1)
(58, 81, 86, 1)
(60, 81, 86, 1)
(62, 81, 86, 1)
(64, 81, 86, 1)
(68, 81, 86, 1)
(70, 81, 86, 1)
(72, 81, 86, 1)
(74, 81, 86, 1)
(78, 81, 86, 1)
(5, 82, 86, 1)
(7, 82, 86, 1)
(9, 82, 86, 1)
(11, 82, 86, 1)
(13, 82, 86, 1)
(15, 82, 86, 1)
(17, 82, 86, 1)
(19, 82, 86, 1)
(21, 82, 86, 1)
(23, 82, 86, 1)
(25, 82, 86, 1)
(27, 82, 86, 1)
(29, 82, 86, 1)
(31, 82, 86, 1)
(33, 82, 86, 1)
(35, 82, 86, 1)
(37, 82, 86, 1)
(39, 82, 86, 1)
(41, 82, 86, 1)
(43, 82, 86, 1)
(45, 82, 86, 1)
(47, 82, 86, 1)
(49, 82, 86, 1)
(51, 82, 86, 1)
(53, 82, 86, 1)
(55, 82, 86, 1)
(57, 82, 86, 1)
(59, 82, 86, 1)
(61, 82, 86, 1)
(63, 82, 86, 1)
(65, 82, 86, 1)
(67, 82, 86, 1)
(69, 82, 86, 1)
(71, 82, 86, 1)
(73, 82, 86, 1)
(75, 82, 86, 1)
(77, 82, 86, 1)
(79, 82, 86, 1)
(4, 83, 86, 1)
(6, 83, 86, 1)
(10, 83, 86, 1)
(12, 83, 86, 1)
(16, 83, 86, 1)
(18, 83, 86, 1)
(22, 83, 86, 1)
(24, 83, 86, 1)
(28, 83, 86, 1)
(30, 83, 86, 1)
(34, 83, 86, 1)
(36, 83, 86, 1)
(40, 83, 86, 1)
(42, 83, 86, 1)
(46, 83, 86, 1)
(48, 83, 86, 1)
(52, 83, 86, 1)
(54, 83, 86, 1)
(58, 83, 86, 1)
(60, 83, 86, 1)
(64, 83, 86, 1)
(66, 83, 86, 1)
(70, 83, 86, 1)
(72, 83, 86, 1)
(76, 83, 86, 1)
(78, 83, 86, 1)
(42, 44, 87, 1)
(40, 46, 87, 1)
(41, 46, 87, 1)
(42, 46, 87, 1)
(43, 46, 87, 1)
(44, 46, 87, 1)
(40, 47, 87, 1)
(44, 47, 87, 1)
(38, 48, 87, 1)
(40, 48, 87, 1)
(41, 48, 87, 1)
(43, 48, 87, 1)
(44, 48, 87, 1)
(46, 48, 87, 1)
(38, 49, 87, 1)
(40, 49, 87, 1)
(42, 49, 87, 1)
(44, 49, 87, 1)
(46, 49, 87, 1)
(36, 50, 87, 1)
(37, 50, 87, 1)
(38, 50, 87, 1)
(39, 50, 87, 1)
(40, 50, 87, 1)
(41, 50, 87, 1)
(42, 50, 87, 1)
(43, 50, 87, 1)
(44, 50, 87, 1)
(45, 50, 87, 1)
(46, 50, 87, 1)
(47, 50, 87, 1)
(48, 50, 87, 1)
(38, 51, 87, 1)
(40, 51, 87, 1)
(44, 51, 87, 1)
(46, 51, 87, 1)
(34, 52, 87, 1)
(35, 52, 87, 1)
(36, 52, 87, 1)
(39, 52, 87, 1)
(40, 52, 87, 1)
(41, 52, 87, 1)
(43, 52, 87, 1)
(44, 52, 87, 1)
(46, 52, 87, 1)
(48, 52, 87, 1)
(49, 52, 87, 1)
(50, 52, 87, 1)
(34, 53, 87, 1)
(38, 53, 87, 1)
(40, 53, 87, 1)
(42, 53, 87, 1)
(44, 53, 87, 1)
(46, 53, 87, 1)
(48, 53, 87, 1)
(50, 53, 87, 1)
(34, 54, 87, 1)
(35, 54, 87, 1)
(37, 54, 87, 1)
(38, 54, 87, 1)
(40, 54, 87, 1)
(41, 54, 87, 1)
(44, 54, 87, 1)
(46, 54, 87, 1)
(47, 54, 87, 1)
(49, 54, 87, 1)
(50, 54, 87, 1)
(52, 54, 87, 1)
(32, 55, 87, 1)
(34, 55, 87, 1)
(36, 55, 87, 1)
(38, 55, 87, 1)
(40, 55, 87, 1)
(42, 55, 87, 1)
(44, 55, 87, 1)
(46, 55, 87, 1)
(48, 55, 87, 1)
(50, 55, 87, 1)
(52, 55, 87, 1)
(30, 56, 87, 1)
(31, 56, 87, 1)
(32, 56, 87, 1)
(33, 56, 87, 1)
(34, 56, 87, 1)
(35, 56, 87, 1)
(36, 56, 87, 1)
(37, 56, 87, 1)
(38, 56, 87, 1)
(39, 56, 87, 1)
(40, 56, 87, 1)
(41, 56, 87, 1)
(42, 56, 87, 1)
(43, 56, 87, 1)
(44, 56, 87, 1)
(45, 56, 87, 1)
(46, 56, 87, 1)
(47, 56, 87, 1)
(48, 56, 87, 1)
(49, 56, 87, 1)
(50, 56, 87, 1)
(51, 56, 87, 1)
(52, 56, 87, 1)
(53, 56, 87, 1)
(54, 56, 87, 1)
(34, 57, 87, 1)
(38, 57, 87, 1)
(40, 57, 87, 1)
(44, 57, 87, 1)
(46, 57, 87, 1)
(50, 57, 87, 1)
(30, 58, 87, 1)
(31, 58, 87, 1)
(32, 58, 87, 1)
(33, 58, 87, 1)
(34, 58, 87, 1)
(35, 58, 87, 1)
(36, 58, 87, 1)
(37, 58, 87, 1)
(38, 58, 87, 1)
(39, 58, 87, 1)
(40, 58, 87, 1)
(41, 58, 87, 1)
(42, 58, 87, 1)
(43, 58, 87, 1)
(44, 58, 87, 1)
(45, 58, 87, 1)
(46, 58, 87, 1)
(47, 58, 87, 1)
(48, 58, 87, 1)
(49, 58, 87, 1)
(50, 58, 87, 1)
(51, 58, 87, 1)
(52, 58, 87, 1)
(53, 58, 87, 1)
(54, 58, 87, 1)
(55, 58, 87, 1)
(56, 58, 87, 1)
(28, 59, 87, 1)
(30, 59, 87, 1)
(32, 59, 87, 1)
(34, 59, 87, 1)
(36, 59, 87, 1)
(40, 59, 87, 1)
(42, 59, 87, 1)
(44, 59, 87, 1)
(46, 59, 87, 1)
(48, 59, 87, 1)
(50, 59, 87, 1)
(54, 59, 87, 1)
(56, 59, 87, 1)
(26, 60, 87, 1)
(28, 60, 87, 1)
(29, 60, 87, 1)
(31, 60, 87, 1)
(32, 60, 87, 1)
(34, 60, 87, 1)
(35, 60, 87, 1)
(37, 60, 87, 1)
(38, 60, 87, 1)
(40, 60, 87, 1)
(41, 60, 87, 1)
(43, 60, 87, 1)
(44, 60, 87, 1)
(46, 60, 87, 1)
(47, 60, 87, 1)
(49, 60, 87, 1)
(50, 60, 87, 1)
(52, 60, 87, 1)
(53, 60, 87, 1)
(55, 60, 87, 1)
(56, 60, 87, 1)
(58, 60, 87, 1)
(26, 61, 87, 1)
(28, 61, 87, 1)
(30, 61, 87, 1)
(32, 61, 87, 1)
(34, 61, 87, 1)
(36, 61, 87, 1)
(38, 61, 87, 1)
(40, 61, 87, 1)
(42, 61, 87, 1)
(44, 61, 87, 1)
(46, 61, 87, 1)
(50, 61, 87, 1)
(52, 61, 87, 1)
(54, 61, 87, 1)
(56, 61, 87, 1)
(58, 61, 87, 1)
(24, 62, 87, 1)
(25, 62, 87, 1)
(26, 62, 87, 1)
(28, 62, 87, 1)
(29, 62, 87, 1)
(30, 62, 87, 1)
(31, 62, 87, 1)
(33, 62, 87, 1)
(34, 62, 87, 1)
(35, 62, 87, 1)
(36, 62, 87, 1)
(38, 62, 87, 1)
(39, 62, 87, 1)
(40, 62, 87, 1)
(41, 62, 87, 1)
(43, 62, 87, 1)
(44, 62, 87, 1)
(45, 62, 87, 1)
(46, 62, 87, 1)
(48, 62, 87, 1)
(49, 62, 87, 1)
(50, 62, 87, 1)
(51, 62, 87, 1)
(53, 62, 87, 1)
(54, 62, 87, 1)
(55, 62, 87, 1)
(56, 62, 87, 1)
(58, 62, 87, 1)
(59, 62, 87, 1)
(60, 62, 87, 1)
(26, 63, 87, 1)
(28, 63, 87, 1)
(32, 63, 87, 1)
(34, 63, 87, 1)
(38, 63, 87, 1)
(40, 63, 87, 1)
(44, 63, 87, 1)
(46, 63, 87, 1)
(50, 63, 87, 1)
(52, 63, 87, 1)
(56, 63, 87, 1)
(58, 63, 87, 1)
(22, 64, 87, 1)
(23, 64, 87, 1)
(24, 64, 87, 1)
(25, 64, 87, 1)
(26, 64, 87, 1)
(27, 64, 87, 1)
(28, 64, 87, 1)
(29, 64, 87, 1)
(30, 64, 87, 1)
(31, 64, 87, 1)
(32, 64, 87, 1)
(33, 64, 87, 1)
(34, 64, 87, 1)
(35, 64, 87, 1)
(36, 64, 87, 1)
(37, 64, 87, 1)
(38, 64, 87, 1)
(39, 64, 87, 1)
(40, 64, 87, 1)
(42, 64, 87, 1)
(43, 64, 87, 1)
(44, 64, 87, 1)
(45, 64, 87, 1)
(46, 64, 87, 1)
(47, 64, 87, 1)
(48, 64, 87, 1)
(49, 64, 87, 1)
(50, 64, 87, 1)
(51, 64, 87, 1)
(52, 64, 87, 1)
(53, 64, 87, 1)
(54, 64, 87, 1)
(55, 64, 87, 1)
(56, 64, 87, 1)
(57, 64, 87, 1)
(58, 64, 87, 1)
(59, 64, 87, 1)
(60, 64, 87, 1)
(61, 64, 87, 1)
(62, 64, 87, 1)
(22, 65, 87, 1)
(24, 65, 87, 1)
(26, 65, 87, 1)
(28, 65, 87, 1)
(30, 65, 87, 1)
(34, 65, 87, 1)
(36, 65, 87, 1)
(38, 65, 87, 1)
(40, 65, 87, 1)
(42, 65, 87, 1)
(44, 65, 87, 1)
(46, 65, 87, 1)
(48, 65, 87, 1)
(50, 65, 87, 1)
(52, 65, 87, 1)
(56, 65, 87, 1)
(58, 65, 87, 1)
(60, 65, 87, 1)
(62, 65, 87, 1)
(20, 66, 87, 1)
(22, 66, 87, 1)
(23, 66, 87, 1)
(25, 66, 87, 1)
(26, 66, 87, 1)
(28, 66, 87, 1)
(29, 66, 87, 1)
(32, 66, 87, 1)
(34, 66, 87, 1)
(35, 66, 87, 1)
(37, 66, 87, 1)
(40, 66, 87, 1)
(41, 66, 87, 1)
(43, 66, 87, 1)
(44, 66, 87, 1)
(46, 66, 87, 1)
(47, 66, 87, 1)
(49, 66, 87, 1)
(50, 66, 87, 1)
(53, 66, 87, 1)
(55, 66, 87, 1)
(56, 66, 87, 1)
(58, 66, 87, 1)
(61, 66, 87, 1)
(62, 66, 87, 1)
(64, 66, 87, 1)
(20, 67, 87, 1)
(24, 67, 87, 1)
(26, 67, 87, 1)
(28, 67, 87, 1)
(30, 67, 87, 1)
(34, 67, 87, 1)
(36, 67, 87, 1)
(38, 67, 87, 1)
(40, 67, 87, 1)
(44, 67, 87, 1)
(46, 67, 87, 1)
(48, 67, 87, 1)
(50, 67, 87, 1)
(54, 67, 87, 1)
(56, 67, 87, 1)
(58, 67, 87, 1)
(60, 67, 87, 1)
(64, 67, 87, 1)
(18, 68, 87, 1)
(19, 68, 87, 1)
(20, 68, 87, 1)
(21, 68, 87, 1)
(22, 68, 87, 1)
(23, 68, 87, 1)
(24, 68, 87, 1)
(25, 68, 87, 1)
(26, 68, 87, 1)
(27, 68, 87, 1)
(28, 68, 87, 1)
(29, 68, 87, 1)
(31, 68, 87, 1)
(32, 68, 87, 1)
(33, 68, 87, 1)
(34, 68, 87, 1)
(35, 68, 87, 1)
(36, 68, 87, 1)
(37, 68, 87, 1)
(38, 68, 87, 1)
(39, 68, 87, 1)
(40, 68, 87, 1)
(41, 68, 87, 1)
(42, 68, 87, 1)
(43, 68, 87, 1)
(44, 68, 87, 1)
(45, 68, 87, 1)
(46, 68, 87, 1)
(47, 68, 87, 1)
(48, 68, 87, 1)
(50, 68, 87, 1)
(51, 68, 87, 1)
(52, 68, 87, 1)
(53, 68, 87, 1)
(54, 68, 87, 1)
(55, 68, 87, 1)
(56, 68, 87, 1)
(57, 68, 87, 1)
(58, 68, 87, 1)
(59, 68, 87, 1)
(60, 68, 87, 1)
(61, 68, 87, 1)
(62, 68, 87, 1)
(63, 68, 87, 1)
(64, 68, 87, 1)
(65, 68, 87, 1)
(66, 68, 87, 1)
(20, 69, 87, 1)
(22, 69, 87, 1)
(26, 69, 87, 1)
(28, 69, 87, 1)
(32, 69, 87, 1)
(34, 69, 87, 1)
(38, 69, 87, 1)
(40, 69, 87, 1)
(44, 69, 87, 1)
(46, 69, 87, 1)
(50, 69, 87, 1)
(52, 69, 87, 1)
(56, 69, 87, 1)
(58, 69, 87, 1)
(62, 69, 87, 1)
(64, 69, 87, 1)
(16, 70, 87, 1)
(17, 70, 87, 1)
(18, 70, 87, 1)
(20, 70, 87, 1)
(21, 70, 87, 1)
(22, 70, 87, 1)
(23, 70, 87, 1)
(24, 70, 87, 1)
(25, 70, 87, 1)
(26, 70, 87, 1)
(27, 70, 87, 1)
(28, 70, 87, 1)
(29, 70, 87, 1)
(30, 70, 87, 1)
(31, 70, 87, 1)
(32, 70, 87, 1)
(33, 70, 87, 1)
(34, 70, 87, 1)
(35, 70, 87, 1)
(37, 70, 87, 1)
(38, 70, 87, 1)
(39, 70, 87, 1)
(40, 70, 87, 1)
(41, 70, 87, 1)
(42, 70, 87, 1)
(43, 70, 87, 1)
(44, 70, 87, 1)
(45, 70, 87, 1)
(46, 70, 87, 1)
(47, 70, 87, 1)
(48, 70, 87, 1)
(49, 70, 87, 1)
(50, 70, 87, 1)
(51, 70, 87, 1)
(52, 70, 87, 1)
(54, 70, 87, 1)
(55, 70, 87, 1)
(56, 70, 87, 1)
(57, 70, 87, 1)
(58, 70, 87, 1)
(59, 70, 87, 1)
(60, 70, 87, 1)
(61, 70, 87, 1)
(62, 70, 87, 1)
(63, 70, 87, 1)
(64, 70, 87, 1)
(65, 70, 87, 1)
(66, 70, 87, 1)
(67, 70, 87, 1)
(68, 70, 87, 1)
(16, 71, 87, 1)
(18, 71, 87, 1)
(20, 71, 87, 1)
(22, 71, 87, 1)
(24, 71, 87, 1)
(26, 71, 87, 1)
(28, 71, 87, 1)
(30, 71, 87, 1)
(32, 71, 87, 1)
(34, 71, 87, 1)
(36, 71, 87, 1)
(38, 71, 87, 1)
(40, 71, 87, 1)
(42, 71, 87, 1)
(44, 71, 87, 1)
(46, 71, 87, 1)
(48, 71, 87, 1)
(50, 71, 87, 1)
(52, 71, 87, 1)
(54, 71, 87, 1)
(56, 71, 87, 1)
(58, 71, 87, 1)
(60, 71, 87, 1)
(62, 71, 87, 1)
(64, 71, 87, 1)
(66, 71, 87, 1)
(68, 71, 87, 1)
(14, 72, 87, 1)
(16, 72, 87, 1)
(19, 72, 87, 1)
(20, 72, 87, 1)
(23, 72, 87, 1)
(25, 72, 87, 1)
(26, 72, 87, 1)
(28, 72, 87, 1)
(29, 72, 87, 1)
(31, 72, 87, 1)
(34, 72, 87, 1)
(35, 72, 87, 1)
(38, 72, 87, 1)
(40, 72, 87, 1)
(41, 72, 87, 1)
(43, 72, 87, 1)
(44, 72, 87, 1)
(46, 72, 87, 1)
(49, 72, 87, 1)
(50, 72, 87, 1)
(53, 72, 87, 1)
(55, 72, 87, 1)
(56, 72, 87, 1)
(58, 72, 87, 1)
(59, 72, 87, 1)
(61, 72, 87, 1)
(64, 72, 87, 1)
(65, 72, 87, 1)
(68, 72, 87, 1)
(70, 72, 87, 1)
(14, 73, 87, 1)
(16, 73, 87, 1)
(18, 73, 87, 1)
(20, 73, 87, 1)
(22, 73, 87, 1)
(26, 73, 87, 1)
(28, 73, 87, 1)
(30, 73, 87, 1)
(32, 73, 87, 1)
(34, 73, 87, 1)
(36, 73, 87, 1)
(40, 73, 87, 1)
(42, 73, 87, 1)
(44, 73, 87, 1)
(46, 73, 87, 1)
(48, 73, 87, 1)
(50, 73, 87, 1)
(54, 73, 87, 1)
(56, 73, 87, 1)
(58, 73, 87, 1)
(60, 73, 87, 1)
(62, 73, 87, 1)
(64, 73, 87, 1)
(68, 73, 87, 1)
(70, 73, 87, 1)
(12, 74, 87, 1)
(13, 74, 87, 1)
(14, 74, 87, 1)
(15, 74, 87, 1)
(16, 74, 87, 1)
(17, 74, 87, 1)
(18, 74, 87, 1)
(19, 74, 87, 1)
(20, 74, 87, 1)
(21, 74, 87, 1)
(23, 74, 87, 1)
(24, 74, 87, 1)
(25, 74, 87, 1)
(26, 74, 87, 1)
(27, 74, 87, 1)
(28, 74, 87, 1)
(29, 74, 87, 1)
(30, 74, 87, 1)
(31, 74, 87, 1)
(32, 74, 87, 1)
(33, 74, 87, 1)
(34, 74, 87, 1)
(36, 74, 87, 1)
(37, 74, 87, 1)
(38, 74, 87, 1)
(39, 74, 87, 1)
(40, 74, 87, 1)
(41, 74, 87, 1)
(42, 74, 87, 1)
(43, 74, 87, 1)
(44, 74, 87, 1)
(45, 74, 87, 1)
(46, 74, 87, 1)
(47, 74, 87, 1)
(49, 74, 87, 1)
(50, 74, 87, 1)
(51, 74, 87, 1)
(52, 74, 87, 1)
(53, 74, 87, 1)
(54, 74, 87, 1)
(55, 74, 87, 1)
(56, 74, 87, 1)
(57, 74, 87, 1)
(58, 74, 87, 1)
(59, 74, 87, 1)
(60, 74, 87, 1)
(62, 74, 87, 1)
(63, 74, 87, 1)
(64, 74, 87, 1)
(65, 74, 87, 1)
(66, 74, 87, 1)
(67, 74, 87, 1)
(68, 74, 87, 1)
(69, 74, 87, 1)
(70, 74, 87, 1)
(71, 74, 87, 1)
(72, 74, 87, 1)
(14, 75, 87, 1)
(16, 75, 87, 1)
(20, 75, 87, 1)
(22, 75, 87, 1)
(26, 75, 87, 1)
(28, 75, 87, 1)
(32, 75, 87, 1)
(34, 75, 87, 1)
(38, 75, 87, 1)
(40, 75, 87, 1)
(44, 75, 87, 1)
(46, 75, 87, 1)
(50, 75, 87, 1)
(52, 75, 87, 1)
(56, 75, 87, 1)
(58, 75, 87, 1)
(62, 75, 87, 1)
(64, 75, 87, 1)
(68, 75, 87, 1)
(70, 75, 87, 1)
(11, 76, 87, 1)
(12, 76, 87, 1)
(13, 76, 87, 1)
(14, 76, 87, 1)
(15, 76, 87, 1)
(16, 76, 87, 1)
(17, 76, 87, 1)
(18, 76, 87, 1)
(19, 76, 87, 1)
(20, 76, 87, 1)
(22, 76, 87, 1)
(23, 76, 87, 1)
(24, 76, 87, 1)
(25, 76, 87, 1)
(26, 76, 87, 1)
(27, 76, 87, 1)
(28, 76, 87, 1)
(29, 76, 87, 1)
(30, 76, 87, 1)
(31, 76, 87, 1)
(33, 76, 87, 1)
(34, 76, 87, 1)
(35, 76, 87, 1)
(36, 76, 87, 1)
(37, 76, 87, 1)
(38, 76, 87, 1)
(39, 76, 87, 1)
(40, 76, 87, 1)
(41, 76, 87, 1)
(42, 76, 87, 1)
(44, 76, 87, 1)
(45, 76, 87, 1)
(46, 76, 87, 1)
(47, 76, 87, 1)
(48, 76, 87, 1)
(49, 76, 87, 1)
(50, 76, 87, 1)
(51, 76, 87, 1)
(52, 76, 87, 1)
(53, 76, 87, 1)
(55, 76, 87, 1)
(56, 76, 87, 1)
(57, 76, 87, 1)
(58, 76, 87, 1)
(59, 76, 87, 1)
(60, 76, 87, 1)
(61, 76, 87, 1)
(62, 76, 87, 1)
(63, 76, 87, 1)
(64, 76, 87, 1)
(66, 76, 87, 1)
(67, 76, 87, 1)
(68, 76, 87, 1)
(69, 76, 87, 1)
(70, 76, 87, 1)
(71, 76, 87, 1)
(72, 76, 87, 1)
(73, 76, 87, 1)
(74, 76, 87, 1)
(10, 77, 87, 1)
(14, 77, 87, 1)
(16, 77, 87, 1)
(18, 77, 87, 1)
(20, 77, 87, 1)
(24, 77, 87, 1)
(26, 77, 87, 1)
(28, 77, 87, 1)
(30, 77, 87, 1)
(34, 77, 87, 1)
(36, 77, 87, 1)
(38, 77, 87, 1)
(40, 77, 87, 1)
(44, 77, 87, 1)
(46, 77, 87, 1)
(48, 77, 87, 1)
(50, 77, 87, 1)
(54, 77, 87, 1)
(56, 77, 87, 1)
(58, 77, 87, 1)
(60, 77, 87, 1)
(64, 77, 87, 1)
(66, 77, 87, 1)
(68, 77, 87, 1)
(70, 77, 87, 1)
(74, 77, 87, 1)
(8, 78, 87, 1)
(10, 78, 87, 1)
(11, 78, 87, 1)
(13, 78, 87, 1)
(14, 78, 87, 1)
(16, 78, 87, 1)
(17, 78, 87, 1)
(19, 78, 87, 1)
(20, 78, 87, 1)
(22, 78, 87, 1)
(23, 78, 87, 1)
(25, 78, 87, 1)
(26, 78, 87, 1)
(28, 78, 87, 1)
(29, 78, 87, 1)
(31, 78, 87, 1)
(32, 78, 87, 1)
(34, 78, 87, 1)
(35, 78, 87, 1)
(37, 78, 87, 1)
(38, 78, 87, 1)
(40, 78, 87, 1)
(41, 78, 87, 1)
(43, 78, 87, 1)
(44, 78, 87, 1)
(46, 78, 87, 1)
(47, 78, 87, 1)
(49, 78, 87, 1)
(50, 78, 87, 1)
(52, 78, 87, 1)
(53, 78, 87, 1)
(55, 78, 87, 1)
(56, 78, 87, 1)
(58, 78, 87, 1)
(59, 78, 87, 1)
(61, 78, 87, 1)
(62, 78, 87, 1)
(64, 78, 87, 1)
(65, 78, 87, 1)
(67, 78, 87, 1)
(68, 78, 87, 1)
(70, 78, 87, 1)
(71, 78, 87, 1)
(73, 78, 87, 1)
(74, 78, 87, 1)
(76, 78, 87, 1)
(8, 79, 87, 1)
(10, 79, 87, 1)
(12, 79, 87, 1)
(14, 79, 87, 1)
(16, 79, 87, 1)
(18, 79, 87, 1)
(20, 79, 87, 1)
(22, 79, 87, 1)
(24, 79, 87, 1)
(26, 79, 87, 1)
(28, 79, 87, 1)
(30, 79, 87, 1)
(32, 79, 87, 1)
(34, 79, 87, 1)
(36, 79, 87, 1)
(38, 79, 87, 1)
(40, 79, 87, 1)
(42, 79, 87, 1)
(44, 79, 87, 1)
(46, 79, 87, 1)
(48, 79, 87, 1)
(50, 79, 87, 1)
(52, 79, 87, 1)
(54, 79, 87, 1)
(56, 79, 87, 1)
(58, 79, 87, 1)
(60, 79, 87, 1)
(62, 79, 87, 1)
(64, 79, 87, 1)
(66, 79, 87, 1)
(68, 79, 87, 1)
(70, 79, 87, 1)
(72, 79, 87, 1)
(74, 79, 87, 1)
(76, 79, 87, 1)
(6, 80, 87, 1)
(7, 80, 87, 1)
(8, 80, 87, 1)
(9, 80, 87, 1)
(11, 80, 87, 1)
(12, 80, 87, 1)
(13, 80, 87, 1)
(14, 80, 87, 1)
(15, 80, 87, 1)
(16, 80, 87, 1)
(18, 80, 87, 1)
(19, 80, 87, 1)
(20, 80, 87, 1)
(21, 80, 87, 1)
(22, 80, 87, 1)
(23, 80, 87, 1)
(25, 80, 87, 1)
(26, 80, 87, 1)
(27, 80, 87, 1)
(28, 80, 87, 1)
(29, 80, 87, 1)
(30, 80, 87, 1)
(32, 80, 87, 1)
(33, 80, 87, 1)
(34, 80, 87, 1)
(35, 80, 87, 1)
(36, 80, 87, 1)
(37, 80, 87, 1)
(39, 80, 87, 1)
(40, 80, 87, 1)
(41, 80, 87, 1)
(42, 80, 87, 1)
(43, 80, 87, 1)
(44, 80, 87, 1)
(46, 80, 87, 1)
(47, 80, 87, 1)
(48, 80, 87, 1)
(49, 80, 87, 1)
(50, 80, 87, 1)
(51, 80, 87, 1)
(53, 80, 87, 1)
(54, 80, 87, 1)
(55, 80, 87, 1)
(56, 80, 87, 1)
(57, 80, 87, 1)
(58, 80, 87, 1)
(60, 80, 87, 1)
(61, 80, 87, 1)
(62, 80, 87, 1)
(63, 80, 87, 1)
(64, 80, 87, 1)
(65, 80, 87, 1)
(67, 80, 87, 1)
(68, 80, 87, 1)
(69, 80, 87, 1)
(70, 80, 87, 1)
(71, 80, 87, 1)
(72, 80, 87, 1)
(74, 80, 87, 1)
(75, 80, 87, 1)
(76, 80, 87, 1)
(77, 80, 87, 1)
(78, 80, 87, 1)
(8, 81, 87, 1)
(10, 81, 87, 1)
(14, 81, 87, 1)
(16, 81, 87, 1)
(20, 81, 87, 1)
(22, 81, 87, 1)
(26, 81, 87, 1)
(28, 81, 87, 1)
(32, 81, 87, 1)
(34, 81, 87, 1)
(38, 81, 87, 1)
(40, 81, 87, 1)
(44, 81, 87, 1)
(46, 81, 87, 1)
(50, 81, 87, 1)
(52, 81, 87, 1)
(56, 81, 87, 1)
(58, 81, 87, 1)
(62, 81, 87, 1)
(64, 81, 87, 1)
(68, 81, 87, 1)
(70, 81, 87, 1)
(74, 81, 87, 1)
(76, 81, 87, 1)
(4, 82, 87, 1)
(5, 82, 87, 1)
(6, 82, 87, 1)
(8, 82, 87, 1)
(9, 82, 87, 1)
(10, 82, 87, 1)
(11, 82, 87, 1)
(13, 82, 87, 1)
(14, 82, 87, 1)
(15, 82, 87, 1)
(16, 82, 87, 1)
(18, 82, 87, 1)
(19, 82, 87, 1)
(20, 82, 87, 1)
(21, 82, 87, 1)
(23, 82, 87, 1)
(24, 82, 87, 1)
(25, 82, 87, 1)
(26, 82, 87, 1)
(28, 82, 87, 1)
(29, 82, 87, 1)
(30, 82, 87, 1)
(31, 82, 87, 1)
(33, 82, 87, 1)
(34, 82, 87, 1)
(35, 82, 87, 1)
(36, 82, 87, 1)
(38, 82, 87, 1)
(39, 82, 87, 1)
(40, 82, 87, 1)
(41, 82, 87, 1)
(43, 82, 87, 1)
(44, 82, 87, 1)
(45, 82, 87, 1)
(46, 82, 87, 1)
(48, 82, 87, 1)
(49, 82, 87, 1)
(50, 82, 87, 1)
(51, 82, 87, 1)
(53, 82, 87, 1)
(54, 82, 87, 1)
(55, 82, 87, 1)
(56, 82, 87, 1)
(58, 82, 87, 1)
(59, 82, 87, 1)
(60, 82, 87, 1)
(61, 82, 87, 1)
(63, 82, 87, 1)
(64, 82, 87, 1)
(65, 82, 87, 1)
(66, 82, 87, 1)
(68, 82, 87, 1)
(69, 82, 87, 1)
(70, 82, 87, 1)
(71, 82, 87, 1)
(73, 82, 87, 1)
(74, 82, 87, 1)
(75, 82, 87, 1)
(76, 82, 87, 1)
(78, 82, 87, 1)
(79, 82, 87, 1)
(80, 82, 87, 1)
(4, 83, 87, 1)
(6, 83, 87, 1)
(8, 83, 87, 1)
(10, 83, 87, 1)
(12, 83, 87, 1)
(14, 83, 87, 1)
(16, 83, 87, 1)
(18, 83, 87, 1)
(20, 83, 87, 1)
(22, 83, 87, 1)
(24, 83, 87, 1)
(26, 83, 87, 1)
(28, 83, 87, 1)
(30, 83, 87, 1)
(32, 83, 87, 1)
(34, 83, 87, 1)
(36, 83, 87, 1)
(38, 83, 87, 1)
(40, 83, 87, 1)
(42, 83, 87, 1)
(44, 83, 87, 1)
(46, 83, 87, 1)
(48, 83, 87, 1)
(50, 83, 87, 1)
(52, 83, 87, 1)
(54, 83, 87, 1)
(56, 83, 87, 1)
(58, 83, 87, 1)
(60, 83, 87, 1)
(62, 83, 87, 1)
(64, 83, 87, 1)
(66, 83, 87, 1)
(68, 83, 87, 1)
(70, 83, 87, 1)
(72, 83, 87, 1)
(74, 83, 87, 1)
(76, 83, 87, 1)
(78, 83, 87, 1)
(80, 83, 87, 1)
(4, 84, 87, 1)
(5, 84, 87, 1)
(7, 84, 87, 1)
(8, 84, 87, 1)
(10, 84, 87, 1)
(11, 84, 87, 1)
(13, 84, 87, 1)
(14, 84, 87, 1)
(16, 84, 87, 1)
(17, 84, 87, 1)
(19, 84, 87, 1)
(20, 84, 87, 1)
(22, 84, 87, 1)
(23, 84, 87, 1)
(25, 84, 87, 1)
(26, 84, 87, 1)
(28, 84, 87, 1)
(29, 84, 87, 1)
(31, 84, 87, 1)
(32, 84, 87, 1)
(34, 84, 87, 1)
(35, 84, 87, 1)
(37, 84, 87, 1)
(38, 84, 87, 1)
(40, 84, 87, 1)
(41, 84, 87, 1)
(43, 84, 87, 1)
(44, 84, 87, 1)
(46, 84, 87, 1)
(47, 84, 87, 1)
(49, 84, 87, 1)
(50, 84, 87, 1)
(52, 84, 87, 1)
(53, 84, 87, 1)
(55, 84, 87, 1)
(56, 84, 87, 1)
(58, 84, 87, 1)
(59, 84, 87, 1)
(61, 84, 87, 1)
(62, 84, 87, 1)
(64, 84, 87, 1)
(65, 84, 87, 1)
(67, 84, 87, 1)
(68, 84, 87, 1)
(70, 84, 87, 1)
(71, 84, 87, 1)
(73, 84, 87, 1)
(74, 84, 87, 1)
(76, 84, 87, 1)
(77, 84, 87, 1)
(79, 84, 87, 1)
(80, 84, 87, 1)
(82, 84, 87, 1)
(42, 47, 88, 1)
(44, 47, 88, 1)
(42, 49, 88, 1)
(39, 50, 88, 1)
(41, 50, 88, 1)
(43, 50, 88, 1)
(45, 50, 88, 1)
(47, 50, 88, 1)
(38, 51, 88, 1)
(40, 51, 88, 1)
(42, 51, 88, 1)
(44, 51, 88, 1)
(46, 51, 88, 1)
(48, 51, 88, 1)
(39, 52, 88, 1)
(47, 52, 88, 1)
(42, 53, 88, 1)
(50, 53, 88, 1)
(35, 54, 88, 1)
(39, 54, 88, 1)
(41, 54, 88, 1)
(43, 54, 88, 1)
(45, 54, 88, 1)
(47, 54, 88, 1)
(49, 54, 88, 1)
(51, 54, 88, 1)
(36, 55, 88, 1)
(38, 55, 88, 1)
(42, 55, 88, 1)
(48, 55, 88, 1)
(50, 55, 88, 1)
(35, 56, 88, 1)
(39, 56, 88, 1)
(43, 56, 88, 1)
(47, 56, 88, 1)
(51, 56, 88, 1)
(34, 57, 88, 1)
(38, 57, 88, 1)
(42, 57, 88, 1)
(46, 57, 88, 1)
(50, 57, 88, 1)
(54, 57, 88, 1)
(35, 58, 88, 1)
(39, 58, 88, 1)
(41, 58, 88, 1)
(45, 58, 88, 1)
(47, 58, 88, 1)
(51, 58, 88, 1)
(32, 59, 88, 1)
(34, 59, 88, 1)
(36, 59, 88, 1)
(38, 59, 88, 1)
(40, 59, 88, 1)
(42, 59, 88, 1)
(44, 59, 88, 1)
(46, 59, 88, 1)
(48, 59, 88, 1)
(50, 59, 88, 1)
(52, 59, 88, 1)
(54, 59, 88, 1)
(56, 59, 88, 1)
(31, 60, 88, 1)
(35, 60, 88, 1)
(43, 60, 88, 1)
(47, 60, 88, 1)
(51, 60, 88, 1)
(55, 60, 88, 1)
(30, 61, 88, 1)
(38, 61, 88, 1)
(42, 61, 88, 1)
(50, 61, 88, 1)
(54, 61, 88, 1)
(27, 62, 88, 1)
(29, 62, 88, 1)
(31, 62, 88, 1)
(33, 62, 88, 1)
(35, 62, 88, 1)
(37, 62, 88, 1)
(39, 62, 88, 1)
(41, 62, 88, 1)
(43, 62, 88, 1)
(45, 62, 88, 1)
(47, 62, 88, 1)
(51, 62, 88, 1)
(53, 62, 88, 1)
(55, 62, 88, 1)
(57, 62, 88, 1)
(59, 62, 88, 1)
(26, 63, 88, 1)
(30, 63, 88, 1)
(32, 63, 88, 1)
(34, 63, 88, 1)
(36, 63, 88, 1)
(40, 63, 88, 1)
(42, 63, 88, 1)
(44, 63, 88, 1)
(46, 63, 88, 1)
(50, 63, 88, 1)
(52, 63, 88, 1)
(54, 63, 88, 1)
(56, 63, 88, 1)
(60, 63, 88, 1)
(27, 64, 88, 1)
(35, 64, 88, 1)
(39, 64, 88, 1)
(47, 64, 88, 1)
(51, 64, 88, 1)
(59, 64, 88, 1)
(26, 65, 88, 1)
(30, 65, 88, 1)
(34, 65, 88, 1)
(38, 65, 88, 1)
(46, 65, 88, 1)
(50, 65, 88, 1)
(54, 65, 88, 1)
(58, 65, 88, 1)
(62, 65, 88, 1)
(23, 66, 88, 1)
(25, 66, 88, 1)
(27, 66, 88, 1)
(29, 66, 88, 1)
(31, 66, 88, 1)
(35, 66, 88, 1)
(37, 66, 88, 1)
(39, 66, 88, 1)
(41, 66, 88, 1)
(43, 66, 88, 1)
(45, 66, 88, 1)
(47, 66, 88, 1)
(49, 66, 88, 1)
(51, 66, 88, 1)
(53, 66, 88, 1)
(57, 66, 88, 1)
(59, 66, 88, 1)
(61, 66, 88, 1)
(63, 66, 88, 1)
(24, 67, 88, 1)
(26, 67, 88, 1)
(30, 67, 88, 1)
(36, 67, 88, 1)
(38, 67, 88, 1)
(42, 67, 88, 1)
(44, 67, 88, 1)
(48, 67, 88, 1)
(50, 67, 88, 1)
(54, 67, 88, 1)
(56, 67, 88, 1)
(62, 67, 88, 1)
(27, 68, 88, 1)
(31, 68, 88, 1)
(35, 68, 88, 1)
(39, 68, 88, 1)
(47, 68, 88, 1)
(51, 68, 88, 1)
(55, 68, 88, 1)
(59, 68, 88, 1)
(22, 69, 88, 1)
(26, 69, 88, 1)
(30, 69, 88, 1)
(34, 69, 88, 1)
(38, 69, 88, 1)
(42, 69, 88, 1)
(46, 69, 88, 1)
(54, 69, 88, 1)
(58, 69, 88, 1)
(62, 69, 88, 1)
(66, 69, 88, 1)
(21, 70, 88, 1)
(23, 70, 88, 1)
(27, 70, 88, 1)
(29, 70, 88, 1)
(33, 70, 88, 1)
(35, 70, 88, 1)
(39, 70, 88, 1)
(41, 70, 88, 1)
(45, 70, 88, 1)
(47, 70, 88, 1)
(51, 70, 88, 1)
(53, 70, 88, 1)
(57, 70, 88, 1)
(59, 70, 88, 1)
(63, 70, 88, 1)
(65, 70, 88, 1)
(18, 71, 88, 1)
(22, 71, 88, 1)
(24, 71, 88, 1)
(26, 71, 88, 1)
(28, 71, 88, 1)
(30, 71, 88, 1)
(32, 71, 88, 1)
(34, 71, 88, 1)
(36, 71, 88, 1)
(38, 71, 88, 1)
(40, 71, 88, 1)
(42, 71, 88, 1)
(44, 71, 88, 1)
(46, 71, 88, 1)
(48, 71, 88, 1)
(50, 71, 88, 1)
(52, 71, 88, 1)
(56, 71, 88, 1)
(58, 71, 88, 1)
(60, 71, 88, 1)
(62, 71, 88, 1)
(64, 71, 88, 1)
(66, 71, 88, 1)
(68, 71, 88, 1)
(19, 72, 88, 1)
(23, 72, 88, 1)
(27, 72, 88, 1)
(31, 72, 88, 1)
(35, 72, 88, 1)
(39, 72, 88, 1)
(43, 72, 88, 1)
(47, 72, 88, 1)
(51, 72, 88, 1)
(55, 72, 88, 1)
(59, 72, 88, 1)
(63, 72, 88, 1)
(67, 72, 88, 1)
(26, 73, 88, 1)
(30, 73, 88, 1)
(42, 73, 88, 1)
(50, 73, 88, 1)
(54, 73, 88, 1)
(62, 73, 88, 1)
(66, 73, 88, 1)
(15, 74, 88, 1)
(17, 74, 88, 1)
(19, 74, 88, 1)
(21, 74, 88, 1)
(23, 74, 88, 1)
(27, 74, 88, 1)
(29, 74, 88, 1)
(31, 74, 88, 1)
(33, 74, 88, 1)
(35, 74, 88, 1)
(37, 74, 88, 1)
(41, 74, 88, 1)
(43, 74, 88, 1)
(45, 74, 88, 1)
(47, 74, 88, 1)
(49, 74, 88, 1)
(51, 74, 88, 1)
(55, 74, 88, 1)
(57, 74, 88, 1)
(59, 74, 88, 1)
(61, 74, 88, 1)
(63, 74, 88, 1)
(65, 74, 88, 1)
(69, 74, 88, 1)
(71, 74, 88, 1)
(14, 75, 88, 1)
(16, 75, 88, 1)
(18, 75, 88, 1)
(20, 75, 88, 1)
(22, 75, 88, 1)
(24, 75, 88, 1)
(26, 75, 88, 1)
(28, 75, 88, 1)
(30, 75, 88, 1)
(32, 75, 88, 1)
(34, 75, 88, 1)
(38, 75, 88, 1)
(40, 75, 88, 1)
(42, 75, 88, 1)
(44, 75, 88, 1)
(46, 75, 88, 1)
(48, 75, 88, 1)
(50, 75, 88, 1)
(52, 75, 88, 1)
(54, 75, 88, 1)
(56, 75, 88, 1)
(58, 75, 88, 1)
(60, 75, 88, 1)
(64, 75, 88, 1)
(66, 75, 88, 1)
(68, 75, 88, 1)
(70, 75, 88, 1)
(72, 75, 88, 1)
(15, 76, 88, 1)
(23, 76, 88, 1)
(27, 76, 88, 1)
(35, 76, 88, 1)
(39, 76, 88, 1)
(47, 76, 88, 1)
(51, 76, 88, 1)
(59, 76, 88, 1)
(63, 76, 88, 1)
(71, 76, 88, 1)
(14, 77, 88, 1)
(18, 77, 88, 1)
(26, 77, 88, 1)
(30, 77, 88, 1)
(34, 77, 88, 1)
(38, 77, 88, 1)
(42, 77, 88, 1)
(46, 77, 88, 1)
(50, 77, 88, 1)
(54, 77, 88, 1)
(58, 77, 88, 1)
(62, 77, 88, 1)
(70, 77, 88, 1)
(74, 77, 88, 1)
(11, 78, 88, 1)
(15, 78, 88, 1)
(17, 78, 88, 1)
(19, 78, 88, 1)
(21, 78, 88, 1)
(25, 78, 88, 1)
(27, 78, 88, 1)
(29, 78, 88, 1)
(31, 78, 88, 1)
(35, 78, 88, 1)
(37, 78, 88, 1)
(39, 78, 88, 1)
(41, 78, 88, 1)
(45, 78, 88, 1)
(47, 78, 88, 1)
(49, 78, 88, 1)
(51, 78, 88, 1)
(55, 78, 88, 1)
(57, 78, 88, 1)
(59, 78, 88, 1)
(61, 78, 88, 1)
(65, 78, 88, 1)
(67, 78, 88, 1)
(69, 78, 88, 1)
(71, 78, 88, 1)
(75, 78, 88, 1)
(12, 79, 88, 1)
(14, 79, 88, 1)
(18, 79, 88, 1)
(20, 79, 88, 1)
(24, 79, 88, 1)
(26, 79, 88, 1)
(30, 79, 88, 1)
(32, 79, 88, 1)
(36, 79, 88, 1)
(38, 79, 88, 1)
(42, 79, 88, 1)
(44, 79, 88, 1)
(48, 79, 88, 1)
(50, 79, 88, 1)
(54, 79, 88, 1)
(56, 79, 88, 1)
(60, 79, 88, 1)
(62, 79, 88, 1)
(66, 79, 88, 1)
(68, 79, 88, 1)
(72, 79, 88, 1)
(74, 79, 88, 1)
(11, 80, 88, 1)
(15, 80, 88, 1)
(19, 80, 88, 1)
(23, 80, 88, 1)
(27, 80, 88, 1)
(31, 80, 88, 1)
(35, 80, 88, 1)
(39, 80, 88, 1)
(43, 80, 88, 1)
(47, 80, 88, 1)
(51, 80, 88, 1)
(55, 80, 88, 1)
(59, 80, 88, 1)
(63, 80, 88, 1)
(67, 80, 88, 1)
(71, 80, 88, 1)
(75, 80, 88, 1)
(10, 81, 88, 1)
(14, 81, 88, 1)
(22, 81, 88, 1)
(26, 81, 88, 1)
(30, 81, 88, 1)
(34, 81, 88, 1)
(38, 81, 88, 1)
(42, 81, 88, 1)
(50, 81, 88, 1)
(54, 81, 88, 1)
(58, 81, 88, 1)
(62, 81, 88, 1)
(66, 81, 88, 1)
(70, 81, 88, 1)
(78, 81, 88, 1)
(9, 82, 88, 1)
(11, 82, 88, 1)
(15, 82, 88, 1)
(17, 82, 88, 1)
(21, 82, 88, 1)
(23, 82, 88, 1)
(27, 82, 88, 1)
(29, 82, 88, 1)
(33, 82, 88, 1)
(35, 82, 88, 1)
(39, 82, 88, 1)
(41, 82, 88, 1)
(45, 82, 88, 1)
(47, 82, 88, 1)
(51, 82, 88, 1)
(53, 82, 88, 1)
(57, 82, 88, 1)
(59, 82, 88, 1)
(63, 82, 88, 1)
(65, 82, 88, 1)
(69, 82, 88, 1)
(71, 82, 88, 1)
(75, 82, 88, 1)
(77, 82, 88, 1)
(6, 83, 88, 1)
(10, 83, 88, 1)
(12, 83, 88, 1)
(14, 83, 88, 1)
(16, 83, 88, 1)
(20, 83, 88, 1)
(22, 83, 88, 1)
(24, 83, 88, 1)
(26, 83, 88, 1)
(30, 83, 88, 1)
(32, 83, 88, 1)
(34, 83, 88, 1)
(36, 83, 88, 1)
(40, 83, 88, 1)
(42, 83, 88, 1)
(44, 83, 88, 1)
(46, 83, 88, 1)
(50, 83, 88, 1)
(52, 83, 88, 1)
(54, 83, 88, 1)
(56, 83, 88, 1)
(60, 83, 88, 1)
(62, 83, 88, 1)
(64, 83, 88, 1)
(66, 83, 88, 1)
(70, 83, 88, 1)
(72, 83, 88, 1)
(74, 83, 88, 1)
(76, 83, 88, 1)
(80, 83, 88, 1)
(7, 84, 88, 1)
(11, 84, 88, 1)
(15, 84, 88, 1)
(19, 84, 88, 1)
(23, 84, 88, 1)
(27, 84, 88, 1)
(31, 84, 88, 1)
(35, 84, 88, 1)
(39, 84, 88, 1)
(43, 84, 88, 1)
(47, 84, 88, 1)
(51, 84, 88, 1)
(55, 84, 88, 1)
(59, 84, 88, 1)
(63, 84, 88, 1)
(67, 84, 88, 1)
(71, 84, 88, 1)
(75, 84, 88, 1)
(79, 84, 88, 1)
(6, 85, 88, 1)
(14, 85, 88, 1)
(18, 85, 88, 1)
(26, 85, 88, 1)
(30, 85, 88, 1)
(38, 85, 88, 1)
(42, 85, 88, 1)
(50, 85, 88, 1)
(54, 85, 88, 1)
(62, 85, 88, 1)
(66, 85, 88, 1)
(74, 85, 88, 1)
(78, 85, 88, 1)
(42, 46, 89, 1)
(43, 46, 89, 1)
(44, 46, 89, 1)
(42, 47, 89, 1)
(42, 48, 89, 1)
(43, 48, 89, 1)
(46, 48, 89, 1)
(42, 49, 89, 1)
(46, 49, 89, 1)
(39, 50, 89, 1)
(40, 50, 89, 1)
(42, 50, 89, 1)
(43, 50, 89, 1)
(45, 50, 89, 1)
(46, 50, 89, 1)
(48, 50, 89, 1)
(38, 51, 89, 1)
(40, 51, 89, 1)
(42, 51, 89, 1)
(44, 51, 89, 1)
(46, 51, 89, 1)
(48, 51, 89, 1)
(38, 52, 89, 1)
(39, 52, 89, 1)
(42, 52, 89, 1)
(43, 52, 89, 1)
(46, 52, 89, 1)
(47, 52, 89, 1)
(50, 52, 89, 1)
(42, 53, 89, 1)
(46, 53, 89, 1)
(35, 54, 89, 1)
(36, 54, 89, 1)
(37, 54, 89, 1)
(38, 54, 89, 1)
(41, 54, 89, 1)
(42, 54, 89, 1)
(43, 54, 89, 1)
(45, 54, 89, 1)
(46, 54, 89, 1)
(48, 54, 89, 1)
(50, 54, 89, 1)
(51, 54, 89, 1)
(52, 54, 89, 1)
(34, 55, 89, 1)
(36, 55, 89, 1)
(40, 55, 89, 1)
(42, 55, 89, 1)
(44, 55, 89, 1)
(46, 55, 89, 1)
(48, 55, 89, 1)
(50, 55, 89, 1)
(52, 55, 89, 1)
(39, 56, 89, 1)
(42, 56, 89, 1)
(43, 56, 89, 1)
(46, 56, 89, 1)
(51, 56, 89, 1)
(54, 56, 89, 1)
(34, 57, 89, 1)
(38, 57, 89, 1)
(42, 57, 89, 1)
(46, 57, 89, 1)
(50, 57, 89, 1)
(54, 57, 89, 1)
(30, 58, 89, 1)
(31, 58, 89, 1)
(32, 58, 89, 1)
(33, 58, 89, 1)
(34, 58, 89, 1)
(35, 58, 89, 1)
(36, 58, 89, 1)
(37, 58, 89, 1)
(38, 58, 89, 1)
(39, 58, 89, 1)
(40, 58, 89, 1)
(41, 58, 89, 1)
(42, 58, 89, 1)
(43, 58, 89, 1)
(44, 58, 89, 1)
(45, 58, 89, 1)
(46, 58, 89, 1)
(47, 58, 89, 1)
(48, 58, 89, 1)
(49, 58, 89, 1)
(50, 58, 89, 1)
(51, 58, 89, 1)
(52, 58, 89, 1)
(53, 58, 89, 1)
(54, 58, 89, 1)
(55, 58, 89, 1)
(56, 58, 89, 1)
(30, 59, 89, 1)
(36, 59, 89, 1)
(40, 59, 89, 1)
(42, 59, 89, 1)
(46, 59, 89, 1)
(48, 59, 89, 1)
(52, 59, 89, 1)
(30, 60, 89, 1)
(34, 60, 89, 1)
(35, 60, 89, 1)
(38, 60, 89, 1)
(39, 60, 89, 1)
(42, 60, 89, 1)
(43, 60, 89, 1)
(46, 60, 89, 1)
(47, 60, 89, 1)
(50, 60, 89, 1)
(51, 60, 89, 1)
(54, 60, 89, 1)
(55, 60, 89, 1)
(58, 60, 89, 1)
(30, 61, 89, 1)
(34, 61, 89, 1)
(38, 61, 89, 1)
(42, 61, 89, 1)
(46, 61, 89, 1)
(50, 61, 89, 1)
(58, 61, 89, 1)
(27, 62, 89, 1)
(28, 62, 89, 1)
(30, 62, 89, 1)
(31, 62, 89, 1)
(33, 62, 89, 1)
(34, 62, 89, 1)
(36, 62, 89, 1)
(37, 62, 89, 1)
(39, 62, 89, 1)
(40, 62, 89, 1)
(42, 62, 89, 1)
(43, 62, 89, 1)
(45, 62, 89, 1)
(46, 62, 89, 1)
(48, 62, 89, 1)
(49, 62, 89, 1)
(51, 62, 89, 1)
(52, 62, 89, 1)
(54, 62, 89, 1)
(55, 62, 89, 1)
(57, 62, 89, 1)
(58, 62, 89, 1)
(60, 62, 89, 1)
(26, 63, 89, 1)
(28, 63, 89, 1)
(30, 63, 89, 1)
(32, 63, 89, 1)
(34, 63, 89, 1)
(36, 63, 89, 1)
(38, 63, 89, 1)
(40, 63, 89, 1)
(42, 63, 89, 1)
(44, 63, 89, 1)
(46, 63, 89, 1)
(48, 63, 89, 1)
(52, 63, 89, 1)
(54, 63, 89, 1)
(56, 63, 89, 1)
(58, 63, 89, 1)
(60, 63, 89, 1)
(26, 64, 89, 1)
(27, 64, 89, 1)
(30, 64, 89, 1)
(31, 64, 89, 1)
(35, 64, 89, 1)
(38, 64, 89, 1)
(42, 64, 89, 1)
(43, 64, 89, 1)
(46, 64, 89, 1)
(47, 64, 89, 1)
(50, 64, 89, 1)
(51, 64, 89, 1)
(55, 64, 89, 1)
(58, 64, 89, 1)
(62, 64, 89, 1)
(30, 65, 89, 1)
(34, 65, 89, 1)
(42, 65, 89, 1)
(46, 65, 89, 1)
(54, 65, 89, 1)
(58, 65, 89, 1)
(22, 66, 89, 1)
(23, 66, 89, 1)
(24, 66, 89, 1)
(25, 66, 89, 1)
(26, 66, 89, 1)
(27, 66, 89, 1)
(28, 66, 89, 1)
(29, 66, 89, 1)
(30, 66, 89, 1)
(31, 66, 89, 1)
(32, 66, 89, 1)
(33, 66, 89, 1)
(34, 66, 89, 1)
(35, 66, 89, 1)
(36, 66, 89, 1)
(37, 66, 89, 1)
(38, 66, 89, 1)
(39, 66, 89, 1)
(40, 66, 89, 1)
(41, 66, 89, 1)
(42, 66, 89, 1)
(44, 66, 89, 1)
(45, 66, 89, 1)
(46, 66, 89, 1)
(47, 66, 89, 1)
(48, 66, 89, 1)
(49, 66, 89, 1)
(50, 66, 89, 1)
(51, 66, 89, 1)
(52, 66, 89, 1)
(53, 66, 89, 1)
(54, 66, 89, 1)
(55, 66, 89, 1)
(56, 66, 89, 1)
(57, 66, 89, 1)
(58, 66, 89, 1)
(59, 66, 89, 1)
(60, 66, 89, 1)
(61, 66, 89, 1)
(62, 66, 89, 1)
(63, 66, 89, 1)
(64, 66, 89, 1)
(22, 67, 89, 1)
(24, 67, 89, 1)
(26, 67, 89, 1)
(28, 67, 89, 1)
(30, 67, 89, 1)
(32, 67, 89, 1)
(36, 67, 89, 1)
(38, 67, 89, 1)
(40, 67, 89, 1)
(42, 67, 89, 1)
(44, 67, 89, 1)
(46, 67, 89, 1)
(48, 67, 89, 1)
(50, 67, 89, 1)
(52, 67, 89, 1)
(54, 67, 89, 1)
(58, 67, 89, 1)
(60, 67, 89, 1)
(62, 67, 89, 1)
(64, 67, 89, 1)
(22, 68, 89, 1)
(27, 68, 89, 1)
(30, 68, 89, 1)
(31, 68, 89, 1)
(34, 68, 89, 1)
(39, 68, 89, 1)
(42, 68, 89, 1)
(43, 68, 89, 1)
(46, 68, 89, 1)
(51, 68, 89, 1)
(55, 68, 89, 1)
(58, 68, 89, 1)
(63, 68, 89, 1)
(66, 68, 89, 1)
(22, 69, 89, 1)
(26, 69, 89, 1)
(30, 69, 89, 1)
(38, 69, 89, 1)
(42, 69, 89, 1)
(46, 69, 89, 1)
(50, 69, 89, 1)
(58, 69, 89, 1)
(62, 69, 89, 1)
(66, 69, 89, 1)
(18, 70, 89, 1)
(19, 70, 89, 1)
(20, 70, 89, 1)
(21, 70, 89, 1)
(22, 70, 89, 1)
(23, 70, 89, 1)
(24, 70, 89, 1)
(25, 70, 89, 1)
(26, 70, 89, 1)
(27, 70, 89, 1)
(28, 70, 89, 1)
(29, 70, 89, 1)
(30, 70, 89, 1)
(31, 70, 89, 1)
(33, 70, 89, 1)
(34, 70, 89, 1)
(35, 70, 89, 1)
(36, 70, 89, 1)
(37, 70, 89, 1)
(38, 70, 89, 1)
(39, 70, 89, 1)
(40, 70, 89, 1)
(41, 70, 89, 1)
(42, 70, 89, 1)
(43, 70, 89, 1)
(44, 70, 89, 1)
(45, 70, 89, 1)
(46, 70, 89, 1)
(47, 70, 89, 1)
(48, 70, 89, 1)
(49, 70, 89, 1)
(50, 70, 89, 1)
(52, 70, 89, 1)
(53, 70, 89, 1)
(54, 70, 89, 1)
(55, 70, 89, 1)
(56, 70, 89, 1)
(57, 70, 89, 1)
(58, 70, 89, 1)
(59, 70, 89, 1)
(60, 70, 89, 1)
(61, 70, 89, 1)
(62, 70, 89, 1)
(63, 70, 89, 1)
(64, 70, 89, 1)
(65, 70, 89, 1)
(66, 70, 89, 1)
(67, 70, 89, 1)
(68, 70, 89, 1)
(18, 71, 89, 1)
(22, 71, 89, 1)
(24, 71, 89, 1)
(28, 71, 89, 1)
(30, 71, 89, 1)
(34, 71, 89, 1)
(36, 71, 89, 1)
(40, 71, 89, 1)
(42, 71, 89, 1)
(46, 71, 89, 1)
(48, 71, 89, 1)
(52, 71, 89, 1)
(54, 71, 89, 1)
(58, 71, 89, 1)
(60, 71, 89, 1)
(64, 71, 89, 1)
(66, 71, 89, 1)
(18, 72, 89, 1)
(19, 72, 89, 1)
(22, 72, 89, 1)
(23, 72, 89, 1)
(26, 72, 89, 1)
(27, 72, 89, 1)
(30, 72, 89, 1)
(31, 72, 89, 1)
(34, 72, 89, 1)
(35, 72, 89, 1)
(39, 72, 89, 1)
(42, 72, 89, 1)
(43, 72, 89, 1)
(46, 72, 89, 1)
(47, 72, 89, 1)
(50, 72, 89, 1)
(51, 72, 89, 1)
(54, 72, 89, 1)
(58, 72, 89, 1)
(59, 72, 89, 1)
(62, 72, 89, 1)
(63, 72, 89, 1)
(66, 72, 89, 1)
(67, 72, 89, 1)
(70, 72, 89, 1)
(18, 73, 89, 1)
(22, 73, 89, 1)
(26, 73, 89, 1)
(30, 73, 89, 1)
(34, 73, 89, 1)
(38, 73, 89, 1)
(42, 73, 89, 1)
(46, 73, 89, 1)
(50, 73, 89, 1)
(54, 73, 89, 1)
(58, 73, 89, 1)
(62, 73, 89, 1)
(66, 73, 89, 1)
(70, 73, 89, 1)
(15, 74, 89, 1)
(16, 74, 89, 1)
(18, 74, 89, 1)
(21, 74, 89, 1)
(22, 74, 89, 1)
(25, 74, 89, 1)
(27, 74, 89, 1)
(28, 74, 89, 1)
(30, 74, 89, 1)
(31, 74, 89, 1)
(33, 74, 89, 1)
(36, 74, 89, 1)
(37, 74, 89, 1)
(40, 74, 89, 1)
(42, 74, 89, 1)
(43, 74, 89, 1)
(45, 74, 89, 1)
(46, 74, 89, 1)
(48, 74, 89, 1)
(51, 74, 89, 1)
(52, 74, 89, 1)
(55, 74, 89, 1)
(57, 74, 89, 1)
(58, 74, 89, 1)
(60, 74, 89, 1)
(61, 74, 89, 1)
(63, 74, 89, 1)
(66, 74, 89, 1)
(67, 74, 89, 1)
(70, 74, 89, 1)
(72, 74, 89, 1)
(14, 75, 89, 1)
(16, 75, 89, 1)
(18, 75, 89, 1)
(20, 75, 89, 1)
(22, 75, 89, 1)
(24, 75, 89, 1)
(28, 75, 89, 1)
(30, 75, 89, 1)
(32, 75, 89, 1)
(34, 75, 89, 1)
(36, 75, 89, 1)
(38, 75, 89, 1)
(42, 75, 89, 1)
(44, 75, 89, 1)
(46, 75, 89, 1)
(48, 75, 89, 1)
(50, 75, 89, 1)
(52, 75, 89, 1)
(56, 75, 89, 1)
(58, 75, 89, 1)
(60, 75, 89, 1)
(62, 75, 89, 1)
(64, 75, 89, 1)
(66, 75, 89, 1)
(70, 75, 89, 1)
(72, 75, 89, 1)
(14, 76, 89, 1)
(15, 76, 89, 1)
(18, 76, 89, 1)
(19, 76, 89, 1)
(22, 76, 89, 1)
(23, 76, 89, 1)
(26, 76, 89, 1)
(27, 76, 89, 1)
(30, 76, 89, 1)
(31, 76, 89, 1)
(34, 76, 89, 1)
(35, 76, 89, 1)
(38, 76, 89, 1)
(39, 76, 89, 1)
(42, 76, 89, 1)
(43, 76, 89, 1)
(46, 76, 89, 1)
(47, 76, 89, 1)
(51, 76, 89, 1)
(54, 76, 89, 1)
(55, 76, 89, 1)
(58, 76, 89, 1)
(59, 76, 89, 1)
(62, 76, 89, 1)
(66, 76, 89, 1)
(67, 76, 89, 1)
(70, 76, 89, 1)
(71, 76, 89, 1)
(74, 76, 89, 1)
(18, 77, 89, 1)
(22, 77, 89, 1)
(30, 77, 89, 1)
(34, 77, 89, 1)
(42, 77, 89, 1)
(46, 77, 89, 1)
(54, 77, 89, 1)
(58, 77, 89, 1)
(66, 77, 89, 1)
(70, 77, 89, 1)
(10, 78, 89, 1)
(11, 78, 89, 1)
(13, 78, 89, 1)
(14, 78, 89, 1)
(15, 78, 89, 1)
(16, 78, 89, 1)
(17, 78, 89, 1)
(18, 78, 89, 1)
(19, 78, 89, 1)
(20, 78, 89, 1)
(21, 78, 89, 1)
(22, 78, 89, 1)
(24, 78, 89, 1)
(25, 78, 89, 1)
(26, 78, 89, 1)
(27, 78, 89, 1)
(28, 78, 89, 1)
(29, 78, 89, 1)
(30, 78, 89, 1)
(31, 78, 89, 1)
(32, 78, 89, 1)
(33, 78, 89, 1)
(35, 78, 89, 1)
(36, 78, 89, 1)
(37, 78, 89, 1)
(38, 78, 89, 1)
(39, 78, 89, 1)
(40, 78, 89, 1)
(41, 78, 89, 1)
(42, 78, 89, 1)
(43, 78, 89, 1)
(44, 78, 89, 1)
(46, 78, 89, 1)
(47, 78, 89, 1)
(48, 78, 89, 1)
(49, 78, 89, 1)
(50, 78, 89, 1)
(51, 78, 89, 1)
(52, 78, 89, 1)
(53, 78, 89, 1)
(54, 78, 89, 1)
(55, 78, 89, 1)
(57, 78, 89, 1)
(58, 78, 89, 1)
(59, 78, 89, 1)
(60, 78, 89, 1)
(61, 78, 89, 1)
(62, 78, 89, 1)
(63, 78, 89, 1)
(64, 78, 89, 1)
(65, 78, 89, 1)
(66, 78, 89, 1)
(68, 78, 89, 1)
(69, 78, 89, 1)
(70, 78, 89, 1)
(71, 78, 89, 1)
(72, 78, 89, 1)
(73, 78, 89, 1)
(74, 78, 89, 1)
(75, 78, 89, 1)
(76, 78, 89, 1)
(10, 79, 89, 1)
(12, 79, 89, 1)
(16, 79, 89, 1)
(18, 79, 89, 1)
(20, 79, 89, 1)
(22, 79, 89, 1)
(26, 79, 89, 1)
(28, 79, 89, 1)
(30, 79, 89, 1)
(32, 79, 89, 1)
(36, 79, 89, 1)
(38, 79, 89, 1)
(40, 79, 89, 1)
(42, 79, 89, 1)
(46, 79, 89, 1)
(48, 79, 89, 1)
(50, 79, 89, 1)
(52, 79, 89, 1)
(56, 79, 89, 1)
(58, 79, 89, 1)
(60, 79, 89, 1)
(62, 79, 89, 1)
(66, 79, 89, 1)
(68, 79, 89, 1)
(70, 79, 89, 1)
(72, 79, 89, 1)
(76, 79, 89, 1)
(10, 80, 89, 1)
(15, 80, 89, 1)
(18, 80, 89, 1)
(19, 80, 89, 1)
(22, 80, 89, 1)
(27, 80, 89, 1)
(30, 80, 89, 1)
(31, 80, 89, 1)
(34, 80, 89, 1)
(39, 80, 89, 1)
(42, 80, 89, 1)
(43, 80, 89, 1)
(46, 80, 89, 1)
(51, 80, 89, 1)
(54, 80, 89, 1)
(55, 80, 89, 1)
(58, 80, 89, 1)
(63, 80, 89, 1)
(66, 80, 89, 1)
(67, 80, 89, 1)
(70, 80, 89, 1)
(75, 80, 89, 1)
(78, 80, 89, 1)
(10, 81, 89, 1)
(14, 81, 89, 1)
(18, 81, 89, 1)
(22, 81, 89, 1)
(26, 81, 89, 1)
(30, 81, 89, 1)
(34, 81, 89, 1)
(38, 81, 89, 1)
(42, 81, 89, 1)
(46, 81, 89, 1)
(50, 81, 89, 1)
(54, 81, 89, 1)
(58, 81, 89, 1)
(62, 81, 89, 1)
(66, 81, 89, 1)
(70, 81, 89, 1)
(74, 81, 89, 1)
(78, 81, 89, 1)
(6, 82, 89, 1)
(7, 82, 89, 1)
(8, 82, 89, 1)
(9, 82, 89, 1)
(10, 82, 89, 1)
(11, 82, 89, 1)
(13, 82, 89, 1)
(14, 82, 89, 1)
(15, 82, 89, 1)
(16, 82, 89, 1)
(17, 82, 89, 1)
(18, 82, 89, 1)
(20, 82, 89, 1)
(21, 82, 89, 1)
(22, 82, 89, 1)
(23, 82, 89, 1)
(24, 82, 89, 1)
(25, 82, 89, 1)
(27, 82, 89, 1)
(28, 82, 89, 1)
(29, 82, 89, 1)
(30, 82, 89, 1)
(31, 82, 89, 1)
(32, 82, 89, 1)
(34, 82, 89, 1)
(35, 82, 89, 1)
(36, 82, 89, 1)
(37, 82, 89, 1)
(38, 82, 89, 1)
(39, 82, 89, 1)
(41, 82, 89, 1)
(42, 82, 89, 1)
(43, 82, 89, 1)
(44, 82, 89, 1)
(45, 82, 89, 1)
(46, 82, 89, 1)
(48, 82, 89, 1)
(49, 82, 89, 1)
(50, 82, 89, 1)
(51, 82, 89, 1)
(52, 82, 89, 1)
(53, 82, 89, 1)
(55, 82, 89, 1)
(56, 82, 89, 1)
(57, 82, 89, 1)
(58, 82, 89, 1)
(59, 82, 89, 1)
(60, 82, 89, 1)
(62, 82, 89, 1)
(63, 82, 89, 1)
(64, 82, 89, 1)
(65, 82, 89, 1)
(66, 82, 89, 1)
(67, 82, 89, 1)
(69, 82, 89, 1)
(70, 82, 89, 1)
(71, 82, 89, 1)
(72, 82, 89, 1)
(73, 82, 89, 1)
(74, 82, 89, 1)
(76, 82, 89, 1)
(77, 82, 89, 1)
(78, 82, 89, 1)
(79, 82, 89, 1)
(80, 82, 89, 1)
(6, 83, 89, 1)
(10, 83, 89, 1)
(12, 83, 89, 1)
(16, 83, 89, 1)
(18, 83, 89, 1)
(22, 83, 89, 1)
(24, 83, 89, 1)
(28, 83, 89, 1)
(30, 83, 89, 1)
(34, 83, 89, 1)
(36, 83, 89, 1)
(40, 83, 89, 1)
(42, 83, 89, 1)
(46, 83, 89, 1)
(48, 83, 89, 1)
(52, 83, 89, 1)
(54, 83, 89, 1)
(58, 83, 89, 1)
(60, 83, 89, 1)
(64, 83, 89, 1)
(66, 83, 89, 1)
(70, 83, 89, 1)
(72, 83, 89, 1)
(76, 83, 89, 1)
(78, 83, 89, 1)
(6, 84, 89, 1)
(7, 84, 89, 1)
(10, 84, 89, 1)
(11, 84, 89, 1)
(15, 84, 89, 1)
(18, 84, 89, 1)
(22, 84, 89, 1)
(23, 84, 89, 1)
(26, 84, 89, 1)
(27, 84, 89, 1)
(30, 84, 89, 1)
(31, 84, 89, 1)
(35, 84, 89, 1)
(38, 84, 89, 1)
(42, 84, 89, 1)
(43, 84, 89, 1)
(46, 84, 89, 1)
(47, 84, 89, 1)
(50, 84, 89, 1)
(51, 84, 89, 1)
(55, 84, 89, 1)
(58, 84, 89, 1)
(62, 84, 89, 1)
(63, 84, 89, 1)
(66, 84, 89, 1)
(67, 84, 89, 1)
(70, 84, 89, 1)
(71, 84, 89, 1)
(75, 84, 89, 1)
(78, 84, 89, 1)
(82, 84, 89, 1)
(6, 85, 89, 1)
(10, 85, 89, 1)
(14, 85, 89, 1)
(18, 85, 89, 1)
(22, 85, 89, 1)
(26, 85, 89, 1)
(30, 85, 89, 1)
(34, 85, 89, 1)
(38, 85, 89, 1)
(42, 85, 89, 1)
(46, 85, 89, 1)
(50, 85, 89, 1)
(54, 85, 89, 1)
(58, 85, 89, 1)
(62, 85, 89, 1)
(66, 85, 89, 1)
(70, 85, 89, 1)
(74, 85, 89, 1)
(78, 85, 89, 1)
(82, 85, 89, 1)
(4, 86, 89, 1)
(6, 86, 89, 1)
(7, 86, 89, 1)
(9, 86, 89, 1)
(10, 86, 89, 1)
(12, 86, 89, 1)
(13, 86, 89, 1)
(15, 86, 89, 1)
(16, 86, 89, 1)
(18, 86, 89, 1)
(19, 86, 89, 1)
(21, 86, 89, 1)
(22, 86, 89, 1)
(24, 86, 89, 1)
(25, 86, 89, 1)
(27, 86, 89, 1)
(28, 86, 89, 1)
(30, 86, 89, 1)
(31, 86, 89, 1)
(33, 86, 89, 1)
(34, 86, 89, 1)
(36, 86, 89, 1)
(37, 86, 89, 1)
(39, 86, 89, 1)
(40, 86, 89, 1)
(42, 86, 89, 1)
(43, 86, 89, 1)
(45, 86, 89, 1)
(46, 86, 89, 1)
(48, 86, 89, 1)
(49, 86, 89, 1)
(51, 86, 89, 1)
(52, 86, 89, 1)
(54, 86, 89, 1)
(55, 86, 89, 1)
(57, 86, 89, 1)
(58, 86, 89, 1)
(60, 86, 89, 1)
(61, 86, 89, 1)
(63, 86, 89, 1)
(64, 86, 89, 1)
(66, 86, 89, 1)
(67, 86, 89, 1)
(69, 86, 89, 1)
(70, 86, 89, 1)
(72, 86, 89, 1)
(73, 86, 89, 1)
(75, 86, 89, 1)
(76, 86, 89, 1)
(78, 86, 89, 1)
(79, 86, 89, 1)
(81, 86, 89, 1)
(82, 86, 89, 1)
(84, 86, 89, 1)
(44, 47, 90, 1)
(43, 48, 90, 1)
(42, 49, 90, 1)
(44, 49, 90, 1)
(46, 49, 90, 1)
(41, 50, 90, 1)
(43, 50, 90, 1)
(47, 50, 90, 1)
(40, 51, 90, 1)
(44, 51, 90, 1)
(46, 51, 90, 1)
(39, 52, 90, 1)
(41, 52, 90, 1)
(43, 52, 90, 1)
(45, 52, 90, 1)
(47, 52, 90, 1)
(49, 52, 90, 1)
(38, 53, 90, 1)
(40, 53, 90, 1)
(42, 53, 90, 1)
(44, 53, 90, 1)
(46, 53, 90, 1)
(48, 53, 90, 1)
(50, 53, 90, 1)
(37, 54, 90, 1)
(41, 54, 90, 1)
(43, 54, 90, 1)
(47, 54, 90, 1)
(49, 54, 90, 1)
(36, 55, 90, 1)
(38, 55, 90, 1)
(42, 55, 90, 1)
(44, 55, 90, 1)
(46, 55, 90, 1)
(52, 55, 90, 1)
(35, 56, 90, 1)
(37, 56, 90, 1)
(41, 56, 90, 1)
(43, 56, 90, 1)
(45, 56, 90, 1)
(47, 56, 90, 1)
(49, 56, 90, 1)
(51, 56, 90, 1)
(53, 56, 90, 1)
(34, 57, 90, 1)
(38, 57, 90, 1)
(40, 57, 90, 1)
(44, 57, 90, 1)
(50, 57, 90, 1)
(52, 57, 90, 1)
(33, 58, 90, 1)
(35, 58, 90, 1)
(37, 58, 90, 1)
(39, 58, 90, 1)
(41, 58, 90, 1)
(43, 58, 90, 1)
(45, 58, 90, 1)
(47, 58, 90, 1)
(49, 58, 90, 1)
(51, 58, 90, 1)
(53, 58, 90, 1)
(55, 58, 90, 1)
(32, 59, 90, 1)
(34, 59, 90, 1)
(36, 59, 90, 1)
(38, 59, 90, 1)
(40, 59, 90, 1)
(42, 59, 90, 1)
(44, 59, 90, 1)
(46, 59, 90, 1)
(48, 59, 90, 1)
(50, 59, 90, 1)
(52, 59, 90, 1)
(54, 59, 90, 1)
(56, 59, 90, 1)
(31, 60, 90, 1)
(37, 60, 90, 1)
(41, 60, 90, 1)
(43, 60, 90, 1)
(47, 60, 90, 1)
(49, 60, 90, 1)
(53, 60, 90, 1)
(30, 61, 90, 1)
(34, 61, 90, 1)
(36, 61, 90, 1)
(38, 61, 90, 1)
(40, 61, 90, 1)
(42, 61, 90, 1)
(44, 61, 90, 1)
(46, 61, 90, 1)
(48, 61, 90, 1)
(50, 61, 90, 1)
(52, 61, 90, 1)
(54, 61, 90, 1)
(56, 61, 90, 1)
(58, 61, 90, 1)
(29, 62, 90, 1)
(31, 62, 90, 1)
(33, 62, 90, 1)
(35, 62, 90, 1)
(37, 62, 90, 1)
(39, 62, 90, 1)
(43, 62, 90, 1)
(45, 62, 90, 1)
(47, 62, 90, 1)
(49, 62, 90, 1)
(51, 62, 90, 1)
(53, 62, 90, 1)
(57, 62, 90, 1)
(59, 62, 90, 1)
(28, 63, 90, 1)
(32, 63, 90, 1)
(34, 63, 90, 1)
(38, 63, 90, 1)
(40, 63, 90, 1)
(44, 63, 90, 1)
(46, 63, 90, 1)
(50, 63, 90, 1)
(52, 63, 90, 1)
(56, 63, 90, 1)
(58, 63, 90, 1)
(27, 64, 90, 1)
(29, 64, 90, 1)
(31, 64, 90, 1)
(33, 64, 90, 1)
(35, 64, 90, 1)
(37, 64, 90, 1)
(39, 64, 90, 1)
(41, 64, 90, 1)
(43, 64, 90, 1)
(45, 64, 90, 1)
(47, 64, 90, 1)
(49, 64, 90, 1)
(53, 64, 90, 1)
(55, 64, 90, 1)
(57, 64, 90, 1)
(59, 64, 90, 1)
(61, 64, 90, 1)
(26, 65, 90, 1)
(28, 65, 90, 1)
(32, 65, 90, 1)
(34, 65, 90, 1)
(36, 65, 90, 1)
(38, 65, 90, 1)
(42, 65, 90, 1)
(44, 65, 90, 1)
(46, 65, 90, 1)
(48, 65, 90, 1)
(52, 65, 90, 1)
(54, 65, 90, 1)
(56, 65, 90, 1)
(58, 65, 90, 1)
(62, 65, 90, 1)
(25, 66, 90, 1)
(29, 66, 90, 1)
(31, 66, 90, 1)
(35, 66, 90, 1)
(37, 66, 90, 1)
(41, 66, 90, 1)
(43, 66, 90, 1)
(47, 66, 90, 1)
(49, 66, 90, 1)
(53, 66, 90, 1)
(55, 66, 90, 1)
(59, 66, 90, 1)
(61, 66, 90, 1)
(24, 67, 90, 1)
(26, 67, 90, 1)
(28, 67, 90, 1)
(30, 67, 90, 1)
(32, 67, 90, 1)
(34, 67, 90, 1)
(36, 67, 90, 1)
(38, 67, 90, 1)
(40, 67, 90, 1)
(42, 67, 90, 1)
(46, 67, 90, 1)
(48, 67, 90, 1)
(50, 67, 90, 1)
(52, 67, 90, 1)
(54, 67, 90, 1)
(56, 67, 90, 1)
(58, 67, 90, 1)
(60, 67, 90, 1)
(62, 67, 90, 1)
(64, 67, 90, 1)
(23, 68, 90, 1)
(25, 68, 90, 1)
(27, 68, 90, 1)
(29, 68, 90, 1)
(31, 68, 90, 1)
(33, 68, 90, 1)
(37, 68, 90, 1)
(39, 68, 90, 1)
(41, 68, 90, 1)
(43, 68, 90, 1)
(45, 68, 90, 1)
(47, 68, 90, 1)
(49, 68, 90, 1)
(51, 68, 90, 1)
(53, 68, 90, 1)
(55, 68, 90, 1)
(59, 68, 90, 1)
(61, 68, 90, 1)
(63, 68, 90, 1)
(65, 68, 90, 1)
(22, 69, 90, 1)
(26, 69, 90, 1)
(28, 69, 90, 1)
(32, 69, 90, 1)
(38, 69, 90, 1)
(40, 69, 90, 1)
(44, 69, 90, 1)
(46, 69, 90, 1)
(50, 69, 90, 1)
(52, 69, 90, 1)
(56, 69, 90, 1)
(58, 69, 90, 1)
(64, 69, 90, 1)
(21, 70, 90, 1)
(23, 70, 90, 1)
(27, 70, 90, 1)
(29, 70, 90, 1)
(31, 70, 90, 1)
(33, 70, 90, 1)
(37, 70, 90, 1)
(39, 70, 90, 1)
(41, 70, 90, 1)
(43, 70, 90, 1)
(47, 70, 90, 1)
(49, 70, 90, 1)
(51, 70, 90, 1)
(53, 70, 90, 1)
(57, 70, 90, 1)
(59, 70, 90, 1)
(61, 70, 90, 1)
(63, 70, 90, 1)
(67, 70, 90, 1)
(20, 71, 90, 1)
(22, 71, 90, 1)
(24, 71, 90, 1)
(26, 71, 90, 1)
(28, 71, 90, 1)
(30, 71, 90, 1)
(32, 71, 90, 1)
(34, 71, 90, 1)
(36, 71, 90, 1)
(38, 71, 90, 1)
(40, 71, 90, 1)
(42, 71, 90, 1)
(44, 71, 90, 1)
(46, 71, 90, 1)
(48, 71, 90, 1)
(50, 71, 90, 1)
(54, 71, 90, 1)
(56, 71, 90, 1)
(58, 71, 90, 1)
(60, 71, 90, 1)
(62, 71, 90, 1)
(64, 71, 90, 1)
(66, 71, 90, 1)
(68, 71, 90, 1)
(19, 72, 90, 1)
(23, 72, 90, 1)
(25, 72, 90, 1)
(29, 72, 90, 1)
(31, 72, 90, 1)
(35, 72, 90, 1)
(37, 72, 90, 1)
(41, 72, 90, 1)
(43, 72, 90, 1)
(47, 72, 90, 1)
(49, 72, 90, 1)
(53, 72, 90, 1)
(55, 72, 90, 1)
(59, 72, 90, 1)
(61, 72, 90, 1)
(65, 72, 90, 1)
(67, 72, 90, 1)
(18, 73, 90, 1)
(20, 73, 90, 1)
(24, 73, 90, 1)
(26, 73, 90, 1)
(28, 73, 90, 1)
(30, 73, 90, 1)
(32, 73, 90, 1)
(34, 73, 90, 1)
(36, 73, 90, 1)
(38, 73, 90, 1)
(40, 73, 90, 1)
(42, 73, 90, 1)
(44, 73, 90, 1)
(46, 73, 90, 1)
(48, 73, 90, 1)
(50, 73, 90, 1)
(52, 73, 90, 1)
(54, 73, 90, 1)
(58, 73, 90, 1)
(60, 73, 90, 1)
(62, 73, 90, 1)
(64, 73, 90, 1)
(66, 73, 90, 1)
(68, 73, 90, 1)
(70, 73, 90, 1)
(17, 74, 90, 1)
(19, 74, 90, 1)
(21, 74, 90, 1)
(23, 74, 90, 1)
(25, 74, 90, 1)
(27, 74, 90, 1)
(29, 74, 90, 1)
(31, 74, 90, 1)
(33, 74, 90, 1)
(35, 74, 90, 1)
(37, 74, 90, 1)
(39, 74, 90, 1)
(41, 74, 90, 1)
(43, 74, 90, 1)
(45, 74, 90, 1)
(47, 74, 90, 1)
(49, 74, 90, 1)
(51, 74, 90, 1)
(53, 74, 90, 1)
(55, 74, 90, 1)
(57, 74, 90, 1)
(59, 74, 90, 1)
(61, 74, 90, 1)
(63, 74, 90, 1)
(65, 74, 90, 1)
(67, 74, 90, 1)
(69, 74, 90, 1)
(71, 74, 90, 1)
(16, 75, 90, 1)
(22, 75, 90, 1)
(26, 75, 90, 1)
(28, 75, 90, 1)
(32, 75, 90, 1)
(34, 75, 90, 1)
(38, 75, 90, 1)
(44, 75, 90, 1)
(46, 75, 90, 1)
(52, 75, 90, 1)
(56, 75, 90, 1)
(58, 75, 90, 1)
(62, 75, 90, 1)
(64, 75, 90, 1)
(68, 75, 90, 1)
(15, 76, 90, 1)
(17, 76, 90, 1)
(19, 76, 90, 1)
(21, 76, 90, 1)
(23, 76, 90, 1)
(25, 76, 90, 1)
(29, 76, 90, 1)
(31, 76, 90, 1)
(33, 76, 90, 1)
(35, 76, 90, 1)
(37, 76, 90, 1)
(39, 76, 90, 1)
(43, 76, 90, 1)
(45, 76, 90, 1)
(47, 76, 90, 1)
(49, 76, 90, 1)
(51, 76, 90, 1)
(53, 76, 90, 1)
(57, 76, 90, 1)
(59, 76, 90, 1)
(61, 76, 90, 1)
(63, 76, 90, 1)
(65, 76, 90, 1)
(67, 76, 90, 1)
(71, 76, 90, 1)
(73, 76, 90, 1)
(14, 77, 90, 1)
(16, 77, 90, 1)
(18, 77, 90, 1)
(20, 77, 90, 1)
(22, 77, 90, 1)
(24, 77, 90, 1)
(26, 77, 90, 1)
(28, 77, 90, 1)
(30, 77, 90, 1)
(32, 77, 90, 1)
(34, 77, 90, 1)
(36, 77, 90, 1)
(40, 77, 90, 1)
(42, 77, 90, 1)
(44, 77, 90, 1)
(46, 77, 90, 1)
(48, 77, 90, 1)
(50, 77, 90, 1)
(52, 77, 90, 1)
(54, 77, 90, 1)
(56, 77, 90, 1)
(58, 77, 90, 1)
(60, 77, 90, 1)
(62, 77, 90, 1)
(66, 77, 90, 1)
(68, 77, 90, 1)
(70, 77, 90, 1)
(72, 77, 90, 1)
(74, 77, 90, 1)
(13, 78, 90, 1)
(17, 78, 90, 1)
(19, 78, 90, 1)
(23, 78, 90, 1)
(25, 78, 90, 1)
(29, 78, 90, 1)
(31, 78, 90, 1)
(35, 78, 90, 1)
(37, 78, 90, 1)
(41, 78, 90, 1)
(43, 78, 90, 1)
(47, 78, 90, 1)
(49, 78, 90, 1)
(53, 78, 90, 1)
(55, 78, 90, 1)
(59, 78, 90, 1)
(61, 78, 90, 1)
(65, 78, 90, 1)
(67, 78, 90, 1)
(71, 78, 90, 1)
(73, 78, 90, 1)
(12, 79, 90, 1)
(14, 79, 90, 1)
(16, 79, 90, 1)
(18, 79, 90, 1)
(20, 79, 90, 1)
(22, 79, 90, 1)
(26, 79, 90, 1)
(28, 79, 90, 1)
(30, 79, 90, 1)
(32, 79, 90, 1)
(34, 79, 90, 1)
(36, 79, 90, 1)
(38, 79, 90, 1)
(40, 79, 90, 1)
(42, 79, 90, 1)
(44, 79, 90, 1)
(48, 79, 90, 1)
(50, 79, 90, 1)
(52, 79, 90, 1)
(54, 79, 90, 1)
(56, 79, 90, 1)
(58, 79, 90, 1)
(60, 79, 90, 1)
(62, 79, 90, 1)
(64, 79, 90, 1)
(66, 79, 90, 1)
(70, 79, 90, 1)
(72, 79, 90, 1)
(74, 79, 90, 1)
(76, 79, 90, 1)
(11, 80, 90, 1)
(13, 80, 90, 1)
(17, 80, 90, 1)
(19, 80, 90, 1)
(21, 80, 90, 1)
(23, 80, 90, 1)
(27, 80, 90, 1)
(29, 80, 90, 1)
(31, 80, 90, 1)
(33, 80, 90, 1)
(37, 80, 90, 1)
(39, 80, 90, 1)
(41, 80, 90, 1)
(43, 80, 90, 1)
(47, 80, 90, 1)
(49, 80, 90, 1)
(51, 80, 90, 1)
(53, 80, 90, 1)
(57, 80, 90, 1)
(59, 80, 90, 1)
(61, 80, 90, 1)
(63, 80, 90, 1)
(67, 80, 90, 1)
(69, 80, 90, 1)
(71, 80, 90, 1)
(73, 80, 90, 1)
(77, 80, 90, 1)
(10, 81, 90, 1)
(14, 81, 90, 1)
(16, 81, 90, 1)
(20, 81, 90, 1)
(22, 81, 90, 1)
(26, 81, 90, 1)
(28, 81, 90, 1)
(32, 81, 90, 1)
(34, 81, 90, 1)
(38, 81, 90, 1)
(40, 81, 90, 1)
(44, 81, 90, 1)
(46, 81, 90, 1)
(50, 81, 90, 1)
(52, 81, 90, 1)
(56, 81, 90, 1)
(58, 81, 90, 1)
(62, 81, 90, 1)
(64, 81, 90, 1)
(68, 81, 90, 1)
(70, 81, 90, 1)
(74, 81, 90, 1)
(76, 81, 90, 1)
(9, 82, 90, 1)
(11, 82, 90, 1)
(13, 82, 90, 1)
(15, 82, 90, 1)
(17, 82, 90, 1)
(19, 82, 90, 1)
(21, 82, 90, 1)
(23, 82, 90, 1)
(25, 82, 90, 1)
(27, 82, 90, 1)
(29, 82, 90, 1)
(31, 82, 90, 1)
(33, 82, 90, 1)
(35, 82, 90, 1)
(37, 82, 90, 1)
(39, 82, 90, 1)
(41, 82, 90, 1)
(43, 82, 90, 1)
(45, 82, 90, 1)
(47, 82, 90, 1)
(49, 82, 90, 1)
(51, 82, 90, 1)
(53, 82, 90, 1)
(55, 82, 90, 1)
(57, 82, 90, 1)
(59, 82, 90, 1)
(61, 82, 90, 1)
(63, 82, 90, 1)
(65, 82, 90, 1)
(67, 82, 90, 1)
(69, 82, 90, 1)
(71, 82, 90, 1)
(73, 82, 90, 1)
(75, 82, 90, 1)
(77, 82, 90, 1)
(79, 82, 90, 1)
(8, 83, 90, 1)
(10, 83, 90, 1)
(12, 83, 90, 1)
(14, 83, 90, 1)
(16, 83, 90, 1)
(18, 83, 90, 1)
(22, 83, 90, 1)
(24, 83, 90, 1)
(26, 83, 90, 1)
(28, 83, 90, 1)
(30, 83, 90, 1)
(32, 83, 90, 1)
(36, 83, 90, 1)
(38, 83, 90, 1)
(40, 83, 90, 1)
(42, 83, 90, 1)
(44, 83, 90, 1)
(46, 83, 90, 1)
(50, 83, 90, 1)
(52, 83, 90, 1)
(54, 83, 90, 1)
(56, 83, 90, 1)
(58, 83, 90, 1)
(60, 83, 90, 1)
(64, 83, 90, 1)
(66, 83, 90, 1)
(68, 83, 90, 1)
(70, 83, 90, 1)
(72, 83, 90, 1)
(74, 83, 90, 1)
(78, 83, 90, 1)
(80, 83, 90, 1)
(7, 84, 90, 1)
(11, 84, 90, 1)
(13, 84, 90, 1)
(17, 84, 90, 1)
(19, 84, 90, 1)
(23, 84, 90, 1)
(25, 84, 90, 1)
(29, 84, 90, 1)
(31, 84, 90, 1)
(35, 84, 90, 1)
(37, 84, 90, 1)
(41, 84, 90, 1)
(43, 84, 90, 1)
(47, 84, 90, 1)
(49, 84, 90, 1)
(53, 84, 90, 1)
(55, 84, 90, 1)
(59, 84, 90, 1)
(61, 84, 90, 1)
(65, 84, 90, 1)
(67, 84, 90, 1)
(71, 84, 90, 1)
(73, 84, 90, 1)
(77, 84, 90, 1)
(79, 84, 90, 1)
(6, 85, 90, 1)
(8, 85, 90, 1)
(12, 85, 90, 1)
(14, 85, 90, 1)
(16, 85, 90, 1)
(18, 85, 90, 1)
(22, 85, 90, 1)
(24, 85, 90, 1)
(26, 85, 90, 1)
(28, 85, 90, 1)
(32, 85, 90, 1)
(34, 85, 90, 1)
(36, 85, 90, 1)
(38, 85, 90, 1)
(42, 85, 90, 1)
(44, 85, 90, 1)
(46, 85, 90, 1)
(48, 85, 90, 1)
(52, 85, 90, 1)
(54, 85, 90, 1)
(56, 85, 90, 1)
(58, 85, 90, 1)
(62, 85, 90, 1)
(64, 85, 90, 1)
(66, 85, 90, 1)
(68, 85, 90, 1)
(72, 85, 90, 1)
(74, 85, 90, 1)
(76, 85, 90, 1)
(78, 85, 90, 1)
(82, 85, 90, 1)
(5, 86, 90, 1)
(7, 86, 90, 1)
(9, 86, 90, 1)
(11, 86, 90, 1)
(13, 86, 90, 1)
(15, 86, 90, 1)
(17, 86, 90, 1)
(19, 86, 90, 1)
(21, 86, 90, 1)
(23, 86, 90, 1)
(25, 86, 90, 1)
(27, 86, 90, 1)
(29, 86, 90, 1)
(31, 86, 90, 1)
(33, 86, 90, 1)
(35, 86, 90, 1)
(37, 86, 90, 1)
(39, 86, 90, 1)
(41, 86, 90, 1)
(43, 86, 90, 1)
(45, 86, 90, 1)
(47, 86, 90, 1)
(49, 86, 90, 1)
(51, 86, 90, 1)
(53, 86, 90, 1)
(55, 86, 90, 1)
(57, 86, 90, 1)
(59, 86, 90, 1)
(61, 86, 90, 1)
(63, 86, 90, 1)
(65, 86, 90, 1)
(67, 86, 90, 1)
(69, 86, 90, 1)
(71, 86, 90, 1)
(73, 86, 90, 1)
(75, 86, 90, 1)
(77, 86, 90, 1)
(79, 86, 90, 1)
(81, 86, 90, 1)
(83, 86, 90, 1)
(4, 87, 90, 1)
(8, 87, 90, 1)
(10, 87, 90, 1)
(14, 87, 90, 1)
(16, 87, 90, 1)
(20, 87, 90, 1)
(22, 87, 90, 1)
(26, 87, 90, 1)
(28, 87, 90, 1)
(32, 87, 90, 1)
(34, 87, 90, 1)
(38, 87, 90, 1)
(40, 87, 90, 1)
(44, 87, 90, 1)
(46, 87, 90, 1)
(50, 87, 90, 1)
(52, 87, 90, 1)
(56, 87, 90, 1)
(58, 87, 90, 1)
(62, 87, 90, 1)
(64, 87, 90, 1)
(68, 87, 90, 1)
(70, 87, 90, 1)
(74, 87, 90, 1)
(76, 87, 90, 1)
(80, 87, 90, 1)
(82, 87, 90, 1)
(44, 46, 91, 1)
(44, 47, 91, 1)
(42, 48, 91, 1)
(43, 48, 91, 1)
(44, 48, 91, 1)
(45, 48, 91, 1)
(46, 48, 91, 1)
(44, 49, 91, 1)
(40, 50, 91, 1)
(41, 50, 91, 1)
(42, 50, 91, 1)
(43, 50, 91, 1)
(44, 50, 91, 1)
(45, 50, 91, 1)
(46, 50, 91, 1)
(47, 50, 91, 1)
(48, 50, 91, 1)
(40, 51, 91, 1)
(42, 51, 91, 1)
(44, 51, 91, 1)
(48, 51, 91, 1)
(38, 52, 91, 1)
(41, 52, 91, 1)
(42, 52, 91, 1)
(44, 52, 91, 1)
(45, 52, 91, 1)
(47, 52, 91, 1)
(48, 52, 91, 1)
(50, 52, 91, 1)
(38, 53, 91, 1)
(40, 53, 91, 1)
(42, 53, 91, 1)
(44, 53, 91, 1)
(46, 53, 91, 1)
(48, 53, 91, 1)
(50, 53, 91, 1)
(36, 54, 91, 1)
(37, 54, 91, 1)
(38, 54, 91, 1)
(39, 54, 91, 1)
(40, 54, 91, 1)
(41, 54, 91, 1)
(42, 54, 91, 1)
(43, 54, 91, 1)
(44, 54, 91, 1)
(45, 54, 91, 1)
(46, 54, 91, 1)
(47, 54, 91, 1)
(48, 54, 91, 1)
(49, 54, 91, 1)
(50, 54, 91, 1)
(51, 54, 91, 1)
(52, 54, 91, 1)
(36, 55, 91, 1)
(38, 55, 91, 1)
(42, 55, 91, 1)
(44, 55, 91, 1)
(48, 55, 91, 1)
(50, 55, 91, 1)
(34, 56, 91, 1)
(37, 56, 91, 1)
(38, 56, 91, 1)
(39, 56, 91, 1)
(40, 56, 91, 1)
(43, 56, 91, 1)
(44, 56, 91, 1)
(45, 56, 91, 1)
(47, 56, 91, 1)
(48, 56, 91, 1)
(50, 56, 91, 1)
(52, 56, 91, 1)
(53, 56, 91, 1)
(54, 56, 91, 1)
(34, 57, 91, 1)
(36, 57, 91, 1)
(38, 57, 91, 1)
(42, 57, 91, 1)
(44, 57, 91, 1)
(46, 57, 91, 1)
(48, 57, 91, 1)
(50, 57, 91, 1)
(52, 57, 91, 1)
(54, 57, 91, 1)
(32, 58, 91, 1)
(33, 58, 91, 1)
(35, 58, 91, 1)
(38, 58, 91, 1)
(39, 58, 91, 1)
(41, 58, 91, 1)
(42, 58, 91, 1)
(44, 58, 91, 1)
(45, 58, 91, 1)
(48, 58, 91, 1)
(50, 58, 91, 1)
(51, 58, 91, 1)
(53, 58, 91, 1)
(54, 58, 91, 1)
(56, 58, 91, 1)
(32, 59, 91, 1)
(34, 59, 91, 1)
(36, 59, 91, 1)
(38, 59, 91, 1)
(40, 59, 91, 1)
(42, 59, 91, 1)
(44, 59, 91, 1)
(46, 59, 91, 1)
(48, 59, 91, 1)
(50, 59, 91, 1)
(52, 59, 91, 1)
(54, 59, 91, 1)
(56, 59, 91, 1)
(30, 60, 91, 1)
(31, 60, 91, 1)
(32, 60, 91, 1)
(33, 60, 91, 1)
(34, 60, 91, 1)
(35, 60, 91, 1)
(36, 60, 91, 1)
(37, 60, 91, 1)
(38, 60, 91, 1)
(39, 60, 91, 1)
(40, 60, 91, 1)
(41, 60, 91, 1)
(42, 60, 91, 1)
(43, 60, 91, 1)
(44, 60, 91, 1)
(45, 60, 91, 1)
(46, 60, 91, 1)
(47, 60, 91, 1)
(48, 60, 91, 1)
(49, 60, 91, 1)
(50, 60, 91, 1)
(51, 60, 91, 1)
(52, 60, 91, 1)
(53, 60, 91, 1)
(54, 60, 91, 1)
(55, 60, 91, 1)
(56, 60, 91, 1)
(57, 60, 91, 1)
(58, 60, 91, 1)
(30, 61, 91, 1)
(32, 61, 91, 1)
(38, 61, 91, 1)
(42, 61, 91, 1)
(44, 61, 91, 1)
(48, 61, 91, 1)
(50, 61, 91, 1)
(54, 61, 91, 1)
(28, 62, 91, 1)
(29, 62, 91, 1)
(30, 62, 91, 1)
(31, 62, 91, 1)
(32, 62, 91, 1)
(34, 62, 91, 1)
(35, 62, 91, 1)
(36, 62, 91, 1)
(37, 62, 91, 1)
(38, 62, 91, 1)
(39, 62, 91, 1)
(40, 62, 91, 1)
(41, 62, 91, 1)
(42, 62, 91, 1)
(43, 62, 91, 1)
(44, 62, 91, 1)
(45, 62, 91, 1)
(46, 62, 91, 1)
(47, 62, 91, 1)
(48, 62, 91, 1)
(49, 62, 91, 1)
(50, 62, 91, 1)
(51, 62, 91, 1)
(52, 62, 91, 1)
(53, 62, 91, 1)
(54, 62, 91, 1)
(55, 62, 91, 1)
(56, 62, 91, 1)
(57, 62, 91, 1)
(58, 62, 91, 1)
(59, 62, 91, 1)
(60, 62, 91, 1)
(30, 63, 91, 1)
(32, 63, 91, 1)
(34, 63, 91, 1)
(36, 63, 91, 1)
(38, 63, 91, 1)
(40, 63, 91, 1)
(44, 63, 91, 1)
(46, 63, 91, 1)
(48, 63, 91, 1)
(50, 63, 91, 1)
(52, 63, 91, 1)
(54, 63, 91, 1)
(58, 63, 91, 1)
(60, 63, 91, 1)
(26, 64, 91, 1)
(27, 64, 91, 1)
(29, 64, 91, 1)
(30, 64, 91, 1)
(32, 64, 91, 1)
(33, 64, 91, 1)
(35, 64, 91, 1)
(36, 64, 91, 1)
(38, 64, 91, 1)
(39, 64, 91, 1)
(41, 64, 91, 1)
(42, 64, 91, 1)
(44, 64, 91, 1)
(45, 64, 91, 1)
(47, 64, 91, 1)
(48, 64, 91, 1)
(50, 64, 91, 1)
(51, 64, 91, 1)
(53, 64, 91, 1)
(54, 64, 91, 1)
(56, 64, 91, 1)
(57, 64, 91, 1)
(59, 64, 91, 1)
(60, 64, 91, 1)
(62, 64, 91, 1)
(28, 65, 91, 1)
(30, 65, 91, 1)
(32, 65, 91, 1)
(34, 65, 91, 1)
(36, 65, 91, 1)
(38, 65, 91, 1)
(40, 65, 91, 1)
(42, 65, 91, 1)
(44, 65, 91, 1)
(46, 65, 91, 1)
(48, 65, 91, 1)
(50, 65, 91, 1)
(54, 65, 91, 1)
(56, 65, 91, 1)
(58, 65, 91, 1)
(60, 65, 91, 1)
(62, 65, 91, 1)
(24, 66, 91, 1)
(25, 66, 91, 1)
(27, 66, 91, 1)
(28, 66, 91, 1)
(29, 66, 91, 1)
(30, 66, 91, 1)
(32, 66, 91, 1)
(33, 66, 91, 1)
(34, 66, 91, 1)
(35, 66, 91, 1)
(37, 66, 91, 1)
(38, 66, 91, 1)
(39, 66, 91, 1)
(40, 66, 91, 1)
(42, 66, 91, 1)
(43, 66, 91, 1)
(44, 66, 91, 1)
(45, 66, 91, 1)
(47, 66, 91, 1)
(48, 66, 91, 1)
(49, 66, 91, 1)
(50, 66, 91, 1)
(52, 66, 91, 1)
(53, 66, 91, 1)
(54, 66, 91, 1)
(55, 66, 91, 1)
(57, 66, 91, 1)
(58, 66, 91, 1)
(59, 66, 91, 1)
(60, 66, 91, 1)
(62, 66, 91, 1)
(63, 66, 91, 1)
(64, 66, 91, 1)
(24, 67, 91, 1)
(26, 67, 91, 1)
(30, 67, 91, 1)
(32, 67, 91, 1)
(36, 67, 91, 1)
(38, 67, 91, 1)
(42, 67, 91, 1)
(44, 67, 91, 1)
(48, 67, 91, 1)
(50, 67, 91, 1)
(54, 67, 91, 1)
(56, 67, 91, 1)
(60, 67, 91, 1)
(62, 67, 91, 1)
(23, 68, 91, 1)
(24, 68, 91, 1)
(25, 68, 91, 1)
(26, 68, 91, 1)
(27, 68, 91, 1)
(28, 68, 91, 1)
(29, 68, 91, 1)
(30, 68, 91, 1)
(31, 68, 91, 1)
(32, 68, 91, 1)
(33, 68, 91, 1)
(34, 68, 91, 1)
(35, 68, 91, 1)
(36, 68, 91, 1)
(37, 68, 91, 1)
(38, 68, 91, 1)
(39, 68, 91, 1)
(40, 68, 91, 1)
(41, 68, 91, 1)
(42, 68, 91, 1)
(43, 68, 91, 1)
(44, 68, 91, 1)
(46, 68, 91, 1)
(47, 68, 91, 1)
(48, 68, 91, 1)
(49, 68, 91, 1)
(50, 68, 91, 1)
(51, 68, 91, 1)
(52, 68, 91, 1)
(53, 68, 91, 1)
(54, 68, 91, 1)
(55, 68, 91, 1)
(56, 68, 91, 1)
(57, 68, 91, 1)
(58, 68, 91, 1)
(59, 68, 91, 1)
(60, 68, 91, 1)
(61, 68, 91, 1)
(62, 68, 91, 1)
(63, 68, 91, 1)
(64, 68, 91, 1)
(65, 68, 91, 1)
(66, 68, 91, 1)
(22, 69, 91, 1)
(24, 69, 91, 1)
(26, 69, 91, 1)
(28, 69, 91, 1)
(30, 69, 91, 1)
(32, 69, 91, 1)
(34, 69, 91, 1)
(38, 69, 91, 1)
(40, 69, 91, 1)
(42, 69, 91, 1)
(44, 69, 91, 1)
(46, 69, 91, 1)
(48, 69, 91, 1)
(50, 69, 91, 1)
(52, 69, 91, 1)
(54, 69, 91, 1)
(56, 69, 91, 1)
(60, 69, 91, 1)
(62, 69, 91, 1)
(64, 69, 91, 1)
(66, 69, 91, 1)
(20, 70, 91, 1)
(23, 70, 91, 1)
(24, 70, 91, 1)
(26, 70, 91, 1)
(27, 70, 91, 1)
(29, 70, 91, 1)
(30, 70, 91, 1)
(32, 70, 91, 1)
(33, 70, 91, 1)
(36, 70, 91, 1)
(38, 70, 91, 1)
(39, 70, 91, 1)
(41, 70, 91, 1)
(44, 70, 91, 1)
(45, 70, 91, 1)
(47, 70, 91, 1)
(48, 70, 91, 1)
(50, 70, 91, 1)
(51, 70, 91, 1)
(53, 70, 91, 1)
(54, 70, 91, 1)
(57, 70, 91, 1)
(59, 70, 91, 1)
(60, 70, 91, 1)
(62, 70, 91, 1)
(65, 70, 91, 1)
(66, 70, 91, 1)
(68, 70, 91, 1)
(20, 71, 91, 1)
(22, 71, 91, 1)
(24, 71, 91, 1)
(28, 71, 91, 1)
(30, 71, 91, 1)
(32, 71, 91, 1)
(34, 71, 91, 1)
(38, 71, 91, 1)
(40, 71, 91, 1)
(42, 71, 91, 1)
(44, 71, 91, 1)
(48, 71, 91, 1)
(50, 71, 91, 1)
(52, 71, 91, 1)
(54, 71, 91, 1)
(58, 71, 91, 1)
(60, 71, 91, 1)
(62, 71, 91, 1)
(64, 71, 91, 1)
(68, 71, 91, 1)
(18, 72, 91, 1)
(19, 72, 91, 1)
(20, 72, 91, 1)
(21, 72, 91, 1)
(22, 72, 91, 1)
(23, 72, 91, 1)
(24, 72, 91, 1)
(25, 72, 91, 1)
(26, 72, 91, 1)
(27, 72, 91, 1)
(28, 72, 91, 1)
(29, 72, 91, 1)
(30, 72, 91, 1)
(31, 72, 91, 1)
(32, 72, 91, 1)
(33, 72, 91, 1)
(35, 72, 91, 1)
(36, 72, 91, 1)
(37, 72, 91, 1)
(38, 72, 91, 1)
(39, 72, 91, 1)
(40, 72, 91, 1)
(41, 72, 91, 1)
(42, 72, 91, 1)
(43, 72, 91, 1)
(44, 72, 91, 1)
(45, 72, 91, 1)
(46, 72, 91, 1)
(47, 72, 91, 1)
(48, 72, 91, 1)
(49, 72, 91, 1)
(50, 72, 91, 1)
(51, 72, 91, 1)
(52, 72, 91, 1)
(54, 72, 91, 1)
(55, 72, 91, 1)
(56, 72, 91, 1)
(57, 72, 91, 1)
(58, 72, 91, 1)
(59, 72, 91, 1)
(60, 72, 91, 1)
(61, 72, 91, 1)
(62, 72, 91, 1)
(63, 72, 91, 1)
(64, 72, 91, 1)
(65, 72, 91, 1)
(66, 72, 91, 1)
(67, 72, 91, 1)
(68, 72, 91, 1)
(69, 72, 91, 1)
(70, 72, 91, 1)
(18, 73, 91, 1)
(20, 73, 91, 1)
(24, 73, 91, 1)
(26, 73, 91, 1)
(30, 73, 91, 1)
(32, 73, 91, 1)
(36, 73, 91, 1)
(38, 73, 91, 1)
(42, 73, 91, 1)
(44, 73, 91, 1)
(48, 73, 91, 1)
(50, 73, 91, 1)
(54, 73, 91, 1)
(56, 73, 91, 1)
(60, 73, 91, 1)
(62, 73, 91, 1)
(66, 73, 91, 1)
(68, 73, 91, 1)
(16, 74, 91, 1)
(17, 74, 91, 1)
(18, 74, 91, 1)
(19, 74, 91, 1)
(20, 74, 91, 1)
(21, 74, 91, 1)
(22, 74, 91, 1)
(24, 74, 91, 1)
(25, 74, 91, 1)
(26, 74, 91, 1)
(27, 74, 91, 1)
(28, 74, 91, 1)
(29, 74, 91, 1)
(30, 74, 91, 1)
(31, 74, 91, 1)
(32, 74, 91, 1)
(33, 74, 91, 1)
(34, 74, 91, 1)
(35, 74, 91, 1)
(36, 74, 91, 1)
(37, 74, 91, 1)
(38, 74, 91, 1)
(39, 74, 91, 1)
(41, 74, 91, 1)
(42, 74, 91, 1)
(43, 74, 91, 1)
(44, 74, 91, 1)
(45, 74, 91, 1)
(46, 74, 91, 1)
(47, 74, 91, 1)
(48, 74, 91, 1)
(49, 74, 91, 1)
(50, 74, 91, 1)
(51, 74, 91, 1)
(52, 74, 91, 1)
(53, 74, 91, 1)
(54, 74, 91, 1)
(55, 74, 91, 1)
(56, 74, 91, 1)
(58, 74, 91, 1)
(59, 74, 91, 1)
(60, 74, 91, 1)
(61, 74, 91, 1)
(62, 74, 91, 1)
(63, 74, 91, 1)
(64, 74, 91, 1)
(65, 74, 91, 1)
(66, 74, 91, 1)
(67, 74, 91, 1)
(68, 74, 91, 1)
(69, 74, 91, 1)
(70, 74, 91, 1)
(71, 74, 91, 1)
(72, 74, 91, 1)
(16, 75, 91, 1)
(18, 75, 91, 1)
(20, 75, 91, 1)
(22, 75, 91, 1)
(24, 75, 91, 1)
(26, 75, 91, 1)
(28, 75, 91, 1)
(30, 75, 91, 1)
(32, 75, 91, 1)
(34, 75, 91, 1)
(36, 75, 91, 1)
(38, 75, 91, 1)
(40, 75, 91, 1)
(42, 75, 91, 1)
(44, 75, 91, 1)
(46, 75, 91, 1)
(48, 75, 91, 1)
(50, 75, 91, 1)
(52, 75, 91, 1)
(54, 75, 91, 1)
(56, 75, 91, 1)
(58, 75, 91, 1)
(60, 75, 91, 1)
(62, 75, 91, 1)
(64, 75, 91, 1)
(66, 75, 91, 1)
(68, 75, 91, 1)
(70, 75, 91, 1)
(72, 75, 91, 1)
(14, 76, 91, 1)
(15, 76, 91, 1)
(17, 76, 91, 1)
(18, 76, 91, 1)
(20, 76, 91, 1)
(23, 76, 91, 1)
(24, 76, 91, 1)
(27, 76, 91, 1)
(29, 76, 91, 1)
(30, 76, 91, 1)
(32, 76, 91, 1)
(33, 76, 91, 1)
(35, 76, 91, 1)
(38, 76, 91, 1)
(39, 76, 91, 1)
(42, 76, 91, 1)
(44, 76, 91, 1)
(45, 76, 91, 1)
(47, 76, 91, 1)
(48, 76, 91, 1)
(50, 76, 91, 1)
(53, 76, 91, 1)
(54, 76, 91, 1)
(57, 76, 91, 1)
(59, 76, 91, 1)
(60, 76, 91, 1)
(62, 76, 91, 1)
(63, 76, 91, 1)
(65, 76, 91, 1)
(68, 76, 91, 1)
(69, 76, 91, 1)
(72, 76, 91, 1)
(74, 76, 91, 1)
(16, 77, 91, 1)
(18, 77, 91, 1)
(20, 77, 91, 1)
(22, 77, 91, 1)
(24, 77, 91, 1)
(26, 77, 91, 1)
(30, 77, 91, 1)
(32, 77, 91, 1)
(34, 77, 91, 1)
(36, 77, 91, 1)
(38, 77, 91, 1)
(40, 77, 91, 1)
(44, 77, 91, 1)
(46, 77, 91, 1)
(48, 77, 91, 1)
(50, 77, 91, 1)
(52, 77, 91, 1)
(54, 77, 91, 1)
(58, 77, 91, 1)
(60, 77, 91, 1)
(62, 77, 91, 1)
(64, 77, 91, 1)
(66, 77, 91, 1)
(68, 77, 91, 1)
(72, 77, 91, 1)
(74, 77, 91, 1)
(14, 78, 91, 1)
(15, 78, 91, 1)
(16, 78, 91, 1)
(17, 78, 91, 1)
(18, 78, 91, 1)
(19, 78, 91, 1)
(20, 78, 91, 1)
(21, 78, 91, 1)
(22, 78, 91, 1)
(23, 78, 91, 1)
(24, 78, 91, 1)
(25, 78, 91, 1)
(27, 78, 91, 1)
(28, 78, 91, 1)
(29, 78, 91, 1)
(30, 78, 91, 1)
(31, 78, 91, 1)
(32, 78, 91, 1)
(33, 78, 91, 1)
(34, 78, 91, 1)
(35, 78, 91, 1)
(36, 78, 91, 1)
(37, 78, 91, 1)
(38, 78, 91, 1)
(40, 78, 91, 1)
(41, 78, 91, 1)
(42, 78, 91, 1)
(43, 78, 91, 1)
(44, 78, 91, 1)
(45, 78, 91, 1)
(46, 78, 91, 1)
(47, 78, 91, 1)
(48, 78, 91, 1)
(49, 78, 91, 1)
(50, 78, 91, 1)
(51, 78, 91, 1)
(53, 78, 91, 1)
(54, 78, 91, 1)
(55, 78, 91, 1)
(56, 78, 91, 1)
(57, 78, 91, 1)
(58, 78, 91, 1)
(59, 78, 91, 1)
(60, 78, 91, 1)
(61, 78, 91, 1)
(62, 78, 91, 1)
(63, 78, 91, 1)
(64, 78, 91, 1)
(66, 78, 91, 1)
(67, 78, 91, 1)
(68, 78, 91, 1)
(69, 78, 91, 1)
(70, 78, 91, 1)
(71, 78, 91, 1)
(72, 78, 91, 1)
(73, 78, 91, 1)
(74, 78, 91, 1)
(75, 78, 91, 1)
(76, 78, 91, 1)
(12, 79, 91, 1)
(14, 79, 91, 1)
(18, 79, 91, 1)
(20, 79, 91, 1)
(24, 79, 91, 1)
(26, 79, 91, 1)
(30, 79, 91, 1)
(32, 79, 91, 1)
(36, 79, 91, 1)
(38, 79, 91, 1)
(42, 79, 91, 1)
(44, 79, 91, 1)
(48, 79, 91, 1)
(50, 79, 91, 1)
(54, 79, 91, 1)
(56, 79, 91, 1)
(60, 79, 91, 1)
(62, 79, 91, 1)
(66, 79, 91, 1)
(68, 79, 91, 1)
(72, 79, 91, 1)
(74, 79, 91, 1)
(10, 80, 91, 1)
(11, 80, 91, 1)
(12, 80, 91, 1)
(13, 80, 91, 1)
(15, 80, 91, 1)
(16, 80, 91, 1)
(17, 80, 91, 1)
(18, 80, 91, 1)
(19, 80, 91, 1)
(20, 80, 91, 1)
(21, 80, 91, 1)
(22, 80, 91, 1)
(23, 80, 91, 1)
(24, 80, 91, 1)
(26, 80, 91, 1)
(27, 80, 91, 1)
(28, 80, 91, 1)
(29, 80, 91, 1)
(30, 80, 91, 1)
(31, 80, 91, 1)
(32, 80, 91, 1)
(33, 80, 91, 1)
(34, 80, 91, 1)
(35, 80, 91, 1)
(37, 80, 91, 1)
(38, 80, 91, 1)
(39, 80, 91, 1)
(40, 80, 91, 1)
(41, 80, 91, 1)
(42, 80, 91, 1)
(43, 80, 91, 1)
(44, 80, 91, 1)
(45, 80, 91, 1)
(46, 80, 91, 1)
(48, 80, 91, 1)
(49, 80, 91, 1)
(50, 80, 91, 1)
(51, 80, 91, 1)
(52, 80, 91, 1)
(53, 80, 91, 1)
(54, 80, 91, 1)
(55, 80, 91, 1)
(56, 80, 91, 1)
(57, 80, 91, 1)
(59, 80, 91, 1)
(60, 80, 91, 1)
(61, 80, 91, 1)
(62, 80, 91, 1)
(63, 80, 91, 1)
(64, 80, 91, 1)
(65, 80, 91, 1)
(66, 80, 91, 1)
(67, 80, 91, 1)
(68, 80, 91, 1)
(70, 80, 91, 1)
(71, 80, 91, 1)
(72, 80, 91, 1)
(73, 80, 91, 1)
(74, 80, 91, 1)
(75, 80, 91, 1)
(76, 80, 91, 1)
(77, 80, 91, 1)
(78, 80, 91, 1)
(10, 81, 91, 1)
(12, 81, 91, 1)
(14, 81, 91, 1)
(18, 81, 91, 1)
(20, 81, 91, 1)
(22, 81, 91, 1)
(24, 81, 91, 1)
(28, 81, 91, 1)
(30, 81, 91, 1)
(32, 81, 91, 1)
(34, 81, 91, 1)
(38, 81, 91, 1)
(40, 81, 91, 1)
(42, 81, 91, 1)
(44, 81, 91, 1)
(48, 81, 91, 1)
(50, 81, 91, 1)
(52, 81, 91, 1)
(54, 81, 91, 1)
(58, 81, 91, 1)
(60, 81, 91, 1)
(62, 81, 91, 1)
(64, 81, 91, 1)
(68, 81, 91, 1)
(70, 81, 91, 1)
(72, 81, 91, 1)
(74, 81, 91, 1)
(78, 81, 91, 1)
(8, 82, 91, 1)
(9, 82, 91, 1)
(11, 82, 91, 1)
(12, 82, 91, 1)
(14, 82, 91, 1)
(15, 82, 91, 1)
(17, 82, 91, 1)
(18, 82, 91, 1)
(20, 82, 91, 1)
(21, 82, 91, 1)
(23, 82, 91, 1)
(24, 82, 91, 1)
(26, 82, 91, 1)
(27, 82, 91, 1)
(29, 82, 91, 1)
(30, 82, 91, 1)
(32, 82, 91, 1)
(33, 82, 91, 1)
(35, 82, 91, 1)
(36, 82, 91, 1)
(38, 82, 91, 1)
(39, 82, 91, 1)
(41, 82, 91, 1)
(42, 82, 91, 1)
(44, 82, 91, 1)
(45, 82, 91, 1)
(47, 82, 91, 1)
(48, 82, 91, 1)
(50, 82, 91, 1)
(51, 82, 91, 1)
(53, 82, 91, 1)
(54, 82, 91, 1)
(56, 82, 91, 1)
(57, 82, 91, 1)
(59, 82, 91, 1)
(60, 82, 91, 1)
(62, 82, 91, 1)
(63, 82, 91, 1)
(65, 82, 91, 1)
(66, 82, 91, 1)
(68, 82, 91, 1)
(69, 82, 91, 1)
(71, 82, 91, 1)
(72, 82, 91, 1)
(74, 82, 91, 1)
(75, 82, 91, 1)
(77, 82, 91, 1)
(78, 82, 91, 1)
(80, 82, 91, 1)
(8, 83, 91, 1)
(10, 83, 91, 1)
(12, 83, 91, 1)
(14, 83, 91, 1)
(16, 83, 91, 1)
(18, 83, 91, 1)
(20, 83, 91, 1)
(22, 83, 91, 1)
(24, 83, 91, 1)
(26, 83, 91, 1)
(28, 83, 91, 1)
(30, 83, 91, 1)
(32, 83, 91, 1)
(34, 83, 91, 1)
(36, 83, 91, 1)
(38, 83, 91, 1)
(40, 83, 91, 1)
(42, 83, 91, 1)
(44, 83, 91, 1)
(46, 83, 91, 1)
(48, 83, 91, 1)
(50, 83, 91, 1)
(52, 83, 91, 1)
(54, 83, 91, 1)
(56, 83, 91, 1)
(58, 83, 91, 1)
(60, 83, 91, 1)
(62, 83, 91, 1)
(64, 83, 91, 1)
(66, 83, 91, 1)
(68, 83, 91, 1)
(70, 83, 91, 1)
(72, 83, 91, 1)
(74, 83, 91, 1)
(76, 83, 91, 1)
(78, 83, 91, 1)
(80, 83, 91, 1)
(8, 84, 91, 1)
(9, 84, 91, 1)
(10, 84, 91, 1)
(11, 84, 91, 1)
(12, 84, 91, 1)
(13, 84, 91, 1)
(15, 84, 91, 1)
(16, 84, 91, 1)
(17, 84, 91, 1)
(18, 84, 91, 1)
(19, 84, 91, 1)
(20, 84, 91, 1)
(22, 84, 91, 1)
(23, 84, 91, 1)
(24, 84, 91, 1)
(25, 84, 91, 1)
(26, 84, 91, 1)
(27, 84, 91, 1)
(29, 84, 91, 1)
(30, 84, 91, 1)
(31, 84, 91, 1)
(32, 84, 91, 1)
(33, 84, 91, 1)
(34, 84, 91, 1)
(36, 84, 91, 1)
(37, 84, 91, 1)
(38, 84, 91, 1)
(39, 84, 91, 1)
(40, 84, 91, 1)
(41, 84, 91, 1)
(43, 84, 91, 1)
(44, 84, 91, 1)
(45, 84, 91, 1)
(46, 84, 91, 1)
(47, 84, 91, 1)
(48, 84, 91, 1)
(50, 84, 91, 1)
(51, 84, 91, 1)
(52, 84, 91, 1)
(53, 84, 91, 1)
(54, 84, 91, 1)
(55, 84, 91, 1)
(57, 84, 91, 1)
(58, 84, 91, 1)
(59, 84, 91, 1)
(60, 84, 91, 1)
(61, 84, 91, 1)
(62, 84, 91, 1)
(64, 84, 91, 1)
(65, 84, 91, 1)
(66, 84, 91, 1)
(67, 84, 91, 1)
(68, 84, 91, 1)
(69, 84, 91, 1)
(71, 84, 91, 1)
(72, 84, 91, 1)
(73, 84, 91, 1)
(74, 84, 91, 1)
(75, 84, 91, 1)
(76, 84, 91, 1)
(78, 84, 91, 1)
(79, 84, 91, 1)
(80, 84, 91, 1)
(81, 84, 91, 1)
(82, 84, 91, 1)
(6, 85, 91, 1)
(8, 85, 91, 1)
(12, 85, 91, 1)
(14, 85, 91, 1)
(18, 85, 91, 1)
(20, 85, 91, 1)
(24, 85, 91, 1)
(26, 85, 91, 1)
(30, 85, 91, 1)
(32, 85, 91, 1)
(36, 85, 91, 1)
(38, 85, 91, 1)
(42, 85, 91, 1)
(44, 85, 91, 1)
(48, 85, 91, 1)
(50, 85, 91, 1)
(54, 85, 91, 1)
(56, 85, 91, 1)
(60, 85, 91, 1)
(62, 85, 91, 1)
(66, 85, 91, 1)
(68, 85, 91, 1)
(72, 85, 91, 1)
(74, 85, 91, 1)
(78, 85, 91, 1)
(80, 85, 91, 1)
(4, 86, 91, 1)
(5, 86, 91, 1)
(7, 86, 91, 1)
(8, 86, 91, 1)
(9, 86, 91, 1)
(10, 86, 91, 1)
(12, 86, 91, 1)
(13, 86, 91, 1)
(14, 86, 91, 1)
(15, 86, 91, 1)
(17, 86, 91, 1)
(18, 86, 91, 1)
(19, 86, 91, 1)
(20, 86, 91, 1)
(22, 86, 91, 1)
(23, 86, 91, 1)
(24, 86, 91, 1)
(25, 86, 91, 1)
(27, 86, 91, 1)
(28, 86, 91, 1)
(29, 86, 91, 1)
(30, 86, 91, 1)
(32, 86, 91, 1)
(33, 86, 91, 1)
(34, 86, 91, 1)
(35, 86, 91, 1)
(37, 86, 91, 1)
(38, 86, 91, 1)
(39, 86, 91, 1)
(40, 86, 91, 1)
(42, 86, 91, 1)
(43, 86, 91, 1)
(44, 86, 91, 1)
(45, 86, 91, 1)
(47, 86, 91, 1)
(48, 86, 91, 1)
(49, 86, 91, 1)
(50, 86, 91, 1)
(52, 86, 91, 1)
(53, 86, 91, 1)
(54, 86, 91, 1)
(55, 86, 91, 1)
(57, 86, 91, 1)
(58, 86, 91, 1)
(59, 86, 91, 1)
(60, 86, 91, 1)
(62, 86, 91, 1)
(63, 86, 91, 1)
(64, 86, 91, 1)
(65, 86, 91, 1)
(67, 86, 91, 1)
(68, 86, 91, 1)
(69, 86, 91, 1)
(70, 86, 91, 1)
(72, 86, 91, 1)
(73, 86, 91, 1)
(74, 86, 91, 1)
(75, 86, 91, 1)
(77, 86, 91, 1)
(78, 86, 91, 1)
(79, 86, 91, 1)
(80, 86, 91, 1)
(82, 86, 91, 1)
(83, 86, 91, 1)
(84, 86, 91, 1)
(4, 87, 91, 1)
(6, 87, 91, 1)
(8, 87, 91, 1)
(10, 87, 91, 1)
(12, 87, 91, 1)
(14, 87, 91, 1)
(16, 87, 91, 1)
(18, 87, 91, 1)
(20, 87, 91, 1)
(22, 87, 91, 1)
(24, 87, 91, 1)
(26, 87, 91, 1)
(28, 87, 91, 1)
(30, 87, 91, 1)
(32, 87, 91, 1)
(34, 87, 91, 1)
(36, 87, 91, 1)
(38, 87, 91, 1)
(40, 87, 91, 1)
(42, 87, 91, 1)
(44, 87, 91, 1)
(46, 87, 91, 1)
(48, 87, 91, 1)
(50, 87, 91, 1)
(52, 87, 91, 1)
(54, 87, 91, 1)
(56, 87, 91, 1)
(58, 87, 91, 1)
(60, 87, 91, 1)
(62, 87, 91, 1)
(64, 87, 91, 1)
(66, 87, 91, 1)
(68, 87, 91, 1)
(70, 87, 91, 1)
(72, 87, 91, 1)
(74, 87, 91, 1)
(76, 87, 91, 1)
(78, 87, 91, 1)
(80, 87, 91, 1)
(82, 87, 91, 1)
(84, 87, 91, 1)
(5, 88, 91, 1)
(6, 88, 91, 1)
(8, 88, 91, 1)
(9, 88, 91, 1)
(11, 88, 91, 1)
(12, 88, 91, 1)
(14, 88, 91, 1)
(15, 88, 91, 1)
(17, 88, 91, 1)
(18, 88, 91, 1)
(20, 88, 91, 1)
(21, 88, 91, 1)
(23, 88, 91, 1)
(24, 88, 91, 1)
(26, 88, 91, 1)
(27, 88, 91, 1)
(29, 88, 91, 1)
(30, 88, 91, 1)
(32, 88, 91, 1)
(33, 88, 91, 1)
(35, 88, 91, 1)
(36, 88, 91, 1)
(38, 88, 91, 1)
(39, 88, 91, 1)
(41, 88, 91, 1)
(42, 88, 91, 1)
(44, 88, 91, 1)
(45, 88, 91, 1)
(47, 88, 91, 1)
(48, 88, 91, 1)
(50, 88, 91, 1)
(51, 88, 91, 1)
(53, 88, 91, 1)
(54, 88, 91, 1)
(56, 88, 91, 1)
(57, 88, 91, 1)
(59, 88, 91, 1)
(60, 88, 91, 1)
(62, 88, 91, 1)
(63, 88, 91, 1)
(65, 88, 91, 1)
(66, 88, 91, 1)
(68, 88, 91, 1)
(69, 88, 91, 1)
(71, 88, 91, 1)
(72, 88, 91, 1)
(74, 88, 91, 1)
(75, 88, 91, 1)
(77, 88, 91, 1)
(78, 88, 91, 1)
(80, 88, 91, 1)
(81, 88, 91, 1)
(83, 88, 91, 1)
(84, 88, 91, 1)
(86, 88, 91, 1)
(46, 49, 92, 1)
(45, 50, 92, 1)
(42, 51, 92, 1)
(44, 51, 92, 1)
(46, 51, 92, 1)
(48, 51, 92, 1)
(43, 52, 92, 1)
(42, 53, 92, 1)
(46, 53, 92, 1)
(39, 54, 92, 1)
(41, 54, 92, 1)
(43, 54, 92, 1)
(45, 54, 92, 1)
(47, 54, 92, 1)
(49, 54, 92, 1)
(51, 54, 92, 1)
(38, 55, 92, 1)
(40, 55, 92, 1)
(42, 55, 92, 1)
(44, 55, 92, 1)
(46, 55, 92, 1)
(48, 55, 92, 1)
(50, 55, 92, 1)
(52, 55, 92, 1)
(39, 56, 92, 1)
(43, 56, 92, 1)
(51, 56, 92, 1)
(38, 57, 92, 1)
(46, 57, 92, 1)
(54, 57, 92, 1)
(35, 58, 92, 1)
(37, 58, 92, 1)
(39, 58, 92, 1)
(43, 58, 92, 1)
(45, 58, 92, 1)
(47, 58, 92, 1)
(49, 58, 92, 1)
(51, 58, 92, 1)
(53, 58, 92, 1)
(55, 58, 92, 1)
(34, 59, 92, 1)
(36, 59, 92, 1)
(40, 59, 92, 1)
(42, 59, 92, 1)
(46, 59, 92, 1)
(52, 59, 92, 1)
(54, 59, 92, 1)
(35, 60, 92, 1)
(39, 60, 92, 1)
(43, 60, 92, 1)
(47, 60, 92, 1)
(51, 60, 92, 1)
(55, 60, 92, 1)
(34, 61, 92, 1)
(38, 61, 92, 1)
(42, 61, 92, 1)
(46, 61, 92, 1)
(50, 61, 92, 1)
(54, 61, 92, 1)
(58, 61, 92, 1)
(31, 62, 92, 1)
(33, 62, 92, 1)
(39, 62, 92, 1)
(43, 62, 92, 1)
(45, 62, 92, 1)
(49, 62, 92, 1)
(51, 62, 92, 1)
(55, 62, 92, 1)
(30, 63, 92, 1)
(32, 63, 92, 1)
(36, 63, 92, 1)
(38, 63, 92, 1)
(40, 63, 92, 1)
(42, 63, 92, 1)
(44, 63, 92, 1)
(46, 63, 92, 1)
(48, 63, 92, 1)
(50, 63, 92, 1)
(52, 63, 92, 1)
(54, 63, 92, 1)
(56, 63, 92, 1)
(58, 63, 92, 1)
(60, 63, 92, 1)
(31, 64, 92, 1)
(35, 64, 92, 1)
(39, 64, 92, 1)
(47, 64, 92, 1)
(51, 64, 92, 1)
(55, 64, 92, 1)
(59, 64, 92, 1)
(30, 65, 92, 1)
(34, 65, 92, 1)
(42, 65, 92, 1)
(46, 65, 92, 1)
(54, 65, 92, 1)
(58, 65, 92, 1)
(29, 66, 92, 1)
(31, 66, 92, 1)
(33, 66, 92, 1)
(35, 66, 92, 1)
(37, 66, 92, 1)
(39, 66, 92, 1)
(41, 66, 92, 1)
(43, 66, 92, 1)
(45, 66, 92, 1)
(47, 66, 92, 1)
(49, 66, 92, 1)
(51, 66, 92, 1)
(55, 66, 92, 1)
(57, 66, 92, 1)
(59, 66, 92, 1)
(61, 66, 92, 1)
(63, 66, 92, 1)
(26, 67, 92, 1)
(28, 67, 92, 1)
(30, 67, 92, 1)
(34, 67, 92, 1)
(36, 67, 92, 1)
(38, 67, 92, 1)
(40, 67, 92, 1)
(44, 67, 92, 1)
(46, 67, 92, 1)
(48, 67, 92, 1)
(50, 67, 92, 1)
(54, 67, 92, 1)
(56, 67, 92, 1)
(58, 67, 92, 1)
(60, 67, 92, 1)
(64, 67, 92, 1)
(27, 68, 92, 1)
(31, 68, 92, 1)
(39, 68, 92, 1)
(43, 68, 92, 1)
(51, 68, 92, 1)
(55, 68, 92, 1)
(63, 68, 92, 1)
(26, 69, 92, 1)
(30, 69, 92, 1)
(34, 69, 92, 1)
(38, 69, 92, 1)
(42, 69, 92, 1)
(50, 69, 92, 1)
(54, 69, 92, 1)
(58, 69, 92, 1)
(62, 69, 92, 1)
(66, 69, 92, 1)
(23, 70, 92, 1)
(25, 70, 92, 1)
(27, 70, 92, 1)
(29, 70, 92, 1)
(31, 70, 92, 1)
(33, 70, 92, 1)
(35, 70, 92, 1)
(39, 70, 92, 1)
(41, 70, 92, 1)
(43, 70, 92, 1)
(45, 70, 92, 1)
(47, 70, 92, 1)
(49, 70, 92, 1)
(51, 70, 92, 1)
(53, 70, 92, 1)
(55, 70, 92, 1)
(57, 70, 92, 1)
(61, 70, 92, 1)
(63, 70, 92, 1)
(65, 70, 92, 1)
(67, 70, 92, 1)
(24, 71, 92, 1)
(28, 71, 92, 1)
(30, 71, 92, 1)
(34, 71, 92, 1)
(40, 71, 92, 1)
(42, 71, 92, 1)
(46, 71, 92, 1)
(48, 71, 92, 1)
(52, 71, 92, 1)
(54, 71, 92, 1)
(58, 71, 92, 1)
(60, 71, 92, 1)
(66, 71, 92, 1)
(23, 72, 92, 1)
(31, 72, 92, 1)
(35, 72, 92, 1)
(39, 72, 92, 1)
(43, 72, 92, 1)
(51, 72, 92, 1)
(55, 72, 92, 1)
(59, 72, 92, 1)
(63, 72, 92, 1)
(22, 73, 92, 1)
(26, 73, 92, 1)
(30, 73, 92, 1)
(34, 73, 92, 1)
(38, 73, 92, 1)
(42, 73, 92, 1)
(46, 73, 92, 1)
(50, 73, 92, 1)
(58, 73, 92, 1)
(62, 73, 92, 1)
(66, 73, 92, 1)
(70, 73, 92, 1)
(19, 74, 92, 1)
(21, 74, 92, 1)
(25, 74, 92, 1)
(27, 74, 92, 1)
(31, 74, 92, 1)
(33, 74, 92, 1)
(37, 74, 92, 1)
(39, 74, 92, 1)
(43, 74, 92, 1)
(45, 74, 92, 1)
(49, 74, 92, 1)
(51, 74, 92, 1)
(55, 74, 92, 1)
(57, 74, 92, 1)
(61, 74, 92, 1)
(63, 74, 92, 1)
(67, 74, 92, 1)
(69, 74, 92, 1)
(18, 75, 92, 1)
(20, 75, 92, 1)
(22, 75, 92, 1)
(26, 75, 92, 1)
(28, 75, 92, 1)
(30, 75, 92, 1)
(32, 75, 92, 1)
(34, 75, 92, 1)
(36, 75, 92, 1)
(38, 75, 92, 1)
(40, 75, 92, 1)
(42, 75, 92, 1)
(44, 75, 92, 1)
(46, 75, 92, 1)
(48, 75, 92, 1)
(50, 75, 92, 1)
(52, 75, 92, 1)
(54, 75, 92, 1)
(56, 75, 92, 1)
(60, 75, 92, 1)
(62, 75, 92, 1)
(64, 75, 92, 1)
(66, 75, 92, 1)
(68, 75, 92, 1)
(70, 75, 92, 1)
(72, 75, 92, 1)
(19, 76, 92, 1)
(23, 76, 92, 1)
(27, 76, 92, 1)
(31, 76, 92, 1)
(35, 76, 92, 1)
(39, 76, 92, 1)
(43, 76, 92, 1)
(47, 76, 92, 1)
(51, 76, 92, 1)
(55, 76, 92, 1)
(59, 76, 92, 1)
(63, 76, 92, 1)
(67, 76, 92, 1)
(71, 76, 92, 1)
(18, 77, 92, 1)
(30, 77, 92, 1)
(34, 77, 92, 1)
(46, 77, 92, 1)
(54, 77, 92, 1)
(58, 77, 92, 1)
(66, 77, 92, 1)
(70, 77, 92, 1)
(17, 78, 92, 1)
(19, 78, 92, 1)
(21, 78, 92, 1)
(23, 78, 92, 1)
(25, 78, 92, 1)
(27, 78, 92, 1)
(31, 78, 92, 1)
(33, 78, 92, 1)
(35, 78, 92, 1)
(37, 78, 92, 1)
(39, 78, 92, 1)
(41, 78, 92, 1)
(45, 78, 92, 1)
(47, 78, 92, 1)
(49, 78, 92, 1)
(51, 78, 92, 1)
(53, 78, 92, 1)
(55, 78, 92, 1)
(59, 78, 92, 1)
(61, 78, 92, 1)
(63, 78, 92, 1)
(65, 78, 92, 1)
(67, 78, 92, 1)
(69, 78, 92, 1)
(73, 78, 92, 1)
(75, 78, 92, 1)
(16, 79, 92, 1)
(18, 79, 92, 1)
(20, 79, 92, 1)
(22, 79, 92, 1)
(24, 79, 92, 1)
(26, 79, 92, 1)
(28, 79, 92, 1)
(30, 79, 92, 1)
(32, 79, 92, 1)
(34, 79, 92, 1)
(36, 79, 92, 1)
(38, 79, 92, 1)
(42, 79, 92, 1)
(44, 79, 92, 1)
(46, 79, 92, 1)
(48, 79, 92, 1)
(50, 79, 92, 1)
(52, 79, 92, 1)
(54, 79, 92, 1)
(56, 79, 92, 1)
(58, 79, 92, 1)
(60, 79, 92, 1)
(62, 79, 92, 1)
(64, 79, 92, 1)
(68, 79, 92, 1)
(70, 79, 92, 1)
(72, 79, 92, 1)
(74, 79, 92, 1)
(76, 79, 92, 1)
(15, 80, 92, 1)
(19, 80, 92, 1)
(27, 80, 92, 1)
(31, 80, 92, 1)
(39, 80, 92, 1)
(43, 80, 92, 1)
(51, 80, 92, 1)
(55, 80, 92, 1)
(63, 80, 92, 1)
(67, 80, 92, 1)
(75, 80, 92, 1)
(14, 81, 92, 1)
(18, 81, 92, 1)
(22, 81, 92, 1)
(30, 81, 92, 1)
(34, 81, 92, 1)
(38, 81, 92, 1)
(42, 81, 92, 1)
(46, 81, 92, 1)
(50, 81, 92, 1)
(54, 81, 92, 1)
(58, 81, 92, 1)
(62, 81, 92, 1)
(66, 81, 92, 1)
(74, 81, 92, 1)
(78, 81, 92, 1)
(11, 82, 92, 1)
(13, 82, 92, 1)
(15, 82, 92, 1)
(19, 82, 92, 1)
(21, 82, 92, 1)
(23, 82, 92, 1)
(25, 82, 92, 1)
(29, 82, 92, 1)
(31, 82, 92, 1)
(33, 82, 92, 1)
(35, 82, 92, 1)
(39, 82, 92, 1)
(41, 82, 92, 1)
(43, 82, 92, 1)
(45, 82, 92, 1)
(49, 82, 92, 1)
(51, 82, 92, 1)
(53, 82, 92, 1)
(55, 82, 92, 1)
(59, 82, 92, 1)
(61, 82, 92, 1)
(63, 82, 92, 1)
(65, 82, 92, 1)
(69, 82, 92, 1)
(71, 82, 92, 1)
(73, 82, 92, 1)
(75, 82, 92, 1)
(79, 82, 92, 1)
(10, 83, 92, 1)
(12, 83, 92, 1)
(16, 83, 92, 1)
(18, 83, 92, 1)
(22, 83, 92, 1)
(24, 83, 92, 1)
(28, 83, 92, 1)
(30, 83, 92, 1)
(34, 83, 92, 1)
(36, 83, 92, 1)
(40, 83, 92, 1)
(42, 83, 92, 1)
(46, 83, 92, 1)
(48, 83, 92, 1)
(52, 83, 92, 1)
(54, 83, 92, 1)
(58, 83, 92, 1)
(60, 83, 92, 1)
(64, 83, 92, 1)
(66, 83, 92, 1)
(70, 83, 92, 1)
(72, 83, 92, 1)
(76, 83, 92, 1)
(78, 83, 92, 1)
(11, 84, 92, 1)
(15, 84, 92, 1)
(19, 84, 92, 1)
(23, 84, 92, 1)
(27, 84, 92, 1)
(31, 84, 92, 1)
(35, 84, 92, 1)
(39, 84, 92, 1)
(43, 84, 92, 1)
(47, 84, 92, 1)
(51, 84, 92, 1)
(55, 84, 92, 1)
(59, 84, 92, 1)
(63, 84, 92, 1)
(67, 84, 92, 1)
(71, 84, 92, 1)
(75, 84, 92, 1)
(79, 84, 92, 1)
(10, 85, 92, 1)
(14, 85, 92, 1)
(18, 85, 92, 1)
(26, 85, 92, 1)
(30, 85, 92, 1)
(34, 85, 92, 1)
(38, 85, 92, 1)
(42, 85, 92, 1)
(46, 85, 92, 1)
(54, 85, 92, 1)
(58, 85, 92, 1)
(62, 85, 92, 1)
(66, 85, 92, 1)
(70, 85, 92, 1)
(74, 85, 92, 1)
(82, 85, 92, 1)
(7, 86, 92, 1)
(9, 86, 92, 1)
(13, 86, 92, 1)
(15, 86, 92, 1)
(19, 86, 92, 1)
(21, 86, 92, 1)
(25, 86, 92, 1)
(27, 86, 92, 1)
(31, 86, 92, 1)
(33, 86, 92, 1)
(37, 86, 92, 1)
(39, 86, 92, 1)
(43, 86, 92, 1)
(45, 86, 92, 1)
(49, 86, 92, 1)
(51, 86, 92, 1)
(55, 86, 92, 1)
(57, 86, 92, 1)
(61, 86, 92, 1)
(63, 86, 92, 1)
(67, 86, 92, 1)
(69, 86, 92, 1)
(73, 86, 92, 1)
(75, 86, 92, 1)
(79, 86, 92, 1)
(81, 86, 92, 1)
(6, 87, 92, 1)
(8, 87, 92, 1)
(10, 87, 92, 1)
(14, 87, 92, 1)
(16, 87, 92, 1)
(18, 87, 92, 1)
(20, 87, 92, 1)
(24, 87, 92, 1)
(26, 87, 92, 1)
(28, 87, 92, 1)
(30, 87, 92, 1)
(34, 87, 92, 1)
(36, 87, 92, 1)
(38, 87, 92, 1)
(40, 87, 92, 1)
(44, 87, 92, 1)
(46, 87, 92, 1)
(48, 87, 92, 1)
(50, 87, 92, 1)
(54, 87, 92, 1)
(56, 87, 92, 1)
(58, 87, 92, 1)
(60, 87, 92, 1)
(64, 87, 92, 1)
(66, 87, 92, 1)
(68, 87, 92, 1)
(70, 87, 92, 1)
(74, 87, 92, 1)
(76, 87, 92, 1)
(78, 87, 92, 1)
(80, 87, 92, 1)
(84, 87, 92, 1)
(7, 88, 92, 1)
(11, 88, 92, 1)
(15, 88, 92, 1)
(19, 88, 92, 1)
(23, 88, 92, 1)
(27, 88, 92, 1)
(31, 88, 92, 1)
(35, 88, 92, 1)
(39, 88, 92, 1)
(43, 88, 92, 1)
(47, 88, 92, 1)
(51, 88, 92, 1)
(55, 88, 92, 1)
(59, 88, 92, 1)
(63, 88, 92, 1)
(67, 88, 92, 1)
(71, 88, 92, 1)
(75, 88, 92, 1)
(79, 88, 92, 1)
(83, 88, 92, 1)
(6, 89, 92, 1)
(10, 89, 92, 1)
(18, 89, 92, 1)
(22, 89, 92, 1)
(30, 89, 92, 1)
(34, 89, 92, 1)
(42, 89, 92, 1)
(46, 89, 92, 1)
(54, 89, 92, 1)
(58, 89, 92, 1)
(66, 89, 92, 1)
(70, 89, 92, 1)
(78, 89, 92, 1)
(82, 89, 92, 1)
(46, 48, 93, 1)
(46, 49, 93, 1)
(42, 50, 93, 1)
(43, 50, 93, 1)
(44, 50, 93, 1)
(45, 50, 93, 1)
(46, 50, 93, 1)
(47, 50, 93, 1)
(48, 50, 93, 1)
(46, 51, 93, 1)
(42, 52, 93, 1)
(43, 52, 93, 1)
(46, 52, 93, 1)
(47, 52, 93, 1)
(50, 52, 93, 1)
(42, 53, 93, 1)
(46, 53, 93, 1)
(50, 53, 93, 1)
(38, 54, 93, 1)
(40, 54, 93, 1)
(43, 54, 93, 1)
(44, 54, 93, 1)
(46, 54, 93, 1)
(47, 54, 93, 1)
(49, 54, 93, 1)
(50, 54, 93, 1)
(52, 54, 93, 1)
(38, 55, 93, 1)
(40, 55, 93, 1)
(42, 55, 93, 1)
(44, 55, 93, 1)
(46, 55, 93, 1)
(48, 55, 93, 1)
(50, 55, 93, 1)
(52, 55, 93, 1)
(38, 56, 93, 1)
(39, 56, 93, 1)
(42, 56, 93, 1)
(43, 56, 93, 1)
(46, 56, 93, 1)
(47, 56, 93, 1)
(50, 56, 93, 1)
(51, 56, 93, 1)
(54, 56, 93, 1)
(38, 57, 93, 1)
(46, 57, 93, 1)
(50, 57, 93, 1)
(34, 58, 93, 1)
(35, 58, 93, 1)
(36, 58, 93, 1)
(39, 58, 93, 1)
(40, 58, 93, 1)
(41, 58, 93, 1)
(42, 58, 93, 1)
(45, 58, 93, 1)
(46, 58, 93, 1)
(47, 58, 93, 1)
(49, 58, 93, 1)
(50, 58, 93, 1)
(52, 58, 93, 1)
(54, 58, 93, 1)
(55, 58, 93, 1)
(56, 58, 93, 1)
(34, 59, 93, 1)
(36, 59, 93, 1)
(38, 59, 93, 1)
(40, 59, 93, 1)
(44, 59, 93, 1)
(46, 59, 93, 1)
(48, 59, 93, 1)
(50, 59, 93, 1)
(52, 59, 93, 1)
(54, 59, 93, 1)
(56, 59, 93, 1)
(34, 60, 93, 1)
(35, 60, 93, 1)
(43, 60, 93, 1)
(46, 60, 93, 1)
(47, 60, 93, 1)
(50, 60, 93, 1)
(55, 60, 93, 1)
(58, 60, 93, 1)
(34, 61, 93, 1)
(38, 61, 93, 1)
(42, 61, 93, 1)
(46, 61, 93, 1)
(50, 61, 93, 1)
(54, 61, 93, 1)
(58, 61, 93, 1)
(32, 62, 93, 1)
(33, 62, 93, 1)
(34, 62, 93, 1)
(35, 62, 93, 1)
(36, 62, 93, 1)
(37, 62, 93, 1)
(38, 62, 93, 1)
(39, 62, 93, 1)
(40, 62, 93, 1)
(41, 62, 93, 1)
(42, 62, 93, 1)
(43, 62, 93, 1)
(44, 62, 93, 1)
(45, 62, 93, 1)
(46, 62, 93, 1)
(47, 62, 93, 1)
(48, 62, 93, 1)
(49, 62, 93, 1)
(50, 62, 93, 1)
(51, 62, 93, 1)
(52, 62, 93, 1)
(53, 62, 93, 1)
(54, 62, 93, 1)
(55, 62, 93, 1)
(56, 62, 93, 1)
(57, 62, 93, 1)
(58, 62, 93, 1)
(59, 62, 93, 1)
(60, 62, 93, 1)
(32, 63, 93, 1)
(34, 63, 93, 1)
(40, 63, 93, 1)
(44, 63, 93, 1)
(46, 63, 93, 1)
(50, 63, 93, 1)
(52, 63, 93, 1)
(56, 63, 93, 1)
(30, 64, 93, 1)
(31, 64, 93, 1)
(34, 64, 93, 1)
(38, 64, 93, 1)
(39, 64, 93, 1)
(42, 64, 93, 1)
(43, 64, 93, 1)
(46, 64, 93, 1)
(47, 64, 93, 1)
(50, 64, 93, 1)
(51, 64, 93, 1)
(54, 64, 93, 1)
(55, 64, 93, 1)
(58, 64, 93, 1)
(59, 64, 93, 1)
(62, 64, 93, 1)
(34, 65, 93, 1)
(38, 65, 93, 1)
(42, 65, 93, 1)
(46, 65, 93, 1)
(50, 65, 93, 1)
(54, 65, 93, 1)
(62, 65, 93, 1)
(26, 66, 93, 1)
(28, 66, 93, 1)
(29, 66, 93, 1)
(31, 66, 93, 1)
(32, 66, 93, 1)
(34, 66, 93, 1)
(35, 66, 93, 1)
(37, 66, 93, 1)
(38, 66, 93, 1)
(40, 66, 93, 1)
(41, 66, 93, 1)
(43, 66, 93, 1)
(44, 66, 93, 1)
(46, 66, 93, 1)
(47, 66, 93, 1)
(49, 66, 93, 1)
(50, 66, 93, 1)
(52, 66, 93, 1)
(53, 66, 93, 1)
(55, 66, 93, 1)
(56, 66, 93, 1)
(58, 66, 93, 1)
(59, 66, 93, 1)
(61, 66, 93, 1)
(62, 66, 93, 1)
(64, 66, 93, 1)
(26, 67, 93, 1)
(30, 67, 93, 1)
(32, 67, 93, 1)
(34, 67, 93, 1)
(36, 67, 93, 1)
(38, 67, 93, 1)
(40, 67, 93, 1)
(42, 67, 93, 1)
(44, 67, 93, 1)
(46, 67, 93, 1)
(48, 67, 93, 1)
(50, 67, 93, 1)
(52, 67, 93, 1)
(56, 67, 93, 1)
(58, 67, 93, 1)
(60, 67, 93, 1)
(62, 67, 93, 1)
(64, 67, 93, 1)
(26, 68, 93, 1)
(27, 68, 93, 1)
(30, 68, 93, 1)
(31, 68, 93, 1)
(34, 68, 93, 1)
(35, 68, 93, 1)
(39, 68, 93, 1)
(42, 68, 93, 1)
(46, 68, 93, 1)
(47, 68, 93, 1)
(50, 68, 93, 1)
(51, 68, 93, 1)
(54, 68, 93, 1)
(55, 68, 93, 1)
(59, 68, 93, 1)
(62, 68, 93, 1)
(66, 68, 93, 1)
(26, 69, 93, 1)
(34, 69, 93, 1)
(38, 69, 93, 1)
(46, 69, 93, 1)
(50, 69, 93, 1)
(58, 69, 93, 1)
(62, 69, 93, 1)
(22, 70, 93, 1)
(23, 70, 93, 1)
(25, 70, 93, 1)
(26, 70, 93, 1)
(27, 70, 93, 1)
(28, 70, 93, 1)
(29, 70, 93, 1)
(30, 70, 93, 1)
(31, 70, 93, 1)
(32, 70, 93, 1)
(33, 70, 93, 1)
(34, 70, 93, 1)
(35, 70, 93, 1)
(36, 70, 93, 1)
(37, 70, 93, 1)
(38, 70, 93, 1)
(39, 70, 93, 1)
(40, 70, 93, 1)
(41, 70, 93, 1)
(42, 70, 93, 1)
(43, 70, 93, 1)
(44, 70, 93, 1)
(45, 70, 93, 1)
(46, 70, 93, 1)
(48, 70, 93, 1)
(49, 70, 93, 1)
(50, 70, 93, 1)
(51, 70, 93, 1)
(52, 70, 93, 1)
(53, 70, 93, 1)
(54, 70, 93, 1)
(55, 70, 93, 1)
(56, 70, 93, 1)
(57, 70, 93, 1)
(58, 70, 93, 1)
(59, 70, 93, 1)
(60, 70, 93, 1)
(61, 70, 93, 1)
(62, 70, 93, 1)
(63, 70, 93, 1)
(64, 70, 93, 1)
(65, 70, 93, 1)
(66, 70, 93, 1)
(67, 70, 93, 1)
(68, 70, 93, 1)
(22, 71, 93, 1)
(24, 71, 93, 1)
(26, 71, 93, 1)
(28, 71, 93, 1)
(30, 71, 93, 1)
(32, 71, 93, 1)
(34, 71, 93, 1)
(36, 71, 93, 1)
(40, 71, 93, 1)
(42, 71, 93, 1)
(44, 71, 93, 1)
(46, 71, 93, 1)
(48, 71, 93, 1)
(50, 71, 93, 1)
(52, 71, 93, 1)
(54, 71, 93, 1)
(56, 71, 93, 1)
(58, 71, 93, 1)
(62, 71, 93, 1)
(64, 71, 93, 1)
(66, 71, 93, 1)
(68, 71, 93, 1)
(22, 72, 93, 1)
(26, 72, 93, 1)
(31, 72, 93, 1)
(34, 72, 93, 1)
(35, 72, 93, 1)
(38, 72, 93, 1)
(43, 72, 93, 1)
(46, 72, 93, 1)
(47, 72, 93, 1)
(50, 72, 93, 1)
(55, 72, 93, 1)
(59, 72, 93, 1)
(62, 72, 93, 1)
(67, 72, 93, 1)
(70, 72, 93, 1)
(22, 73, 93, 1)
(26, 73, 93, 1)
(30, 73, 93, 1)
(34, 73, 93, 1)
(42, 73, 93, 1)
(46, 73, 93, 1)
(50, 73, 93, 1)
(54, 73, 93, 1)
(62, 73, 93, 1)
(66, 73, 93, 1)
(70, 73, 93, 1)
(18, 74, 93, 1)
(19, 74, 93, 1)
(20, 74, 93, 1)
(21, 74, 93, 1)
(22, 74, 93, 1)
(23, 74, 93, 1)
(24, 74, 93, 1)
(25, 74, 93, 1)
(26, 74, 93, 1)
(27, 74, 93, 1)
(28, 74, 93, 1)
(29, 74, 93, 1)
(30, 74, 93, 1)
(31, 74, 93, 1)
(32, 74, 93, 1)
(33, 74, 93, 1)
(34, 74, 93, 1)
(35, 74, 93, 1)
(37, 74, 93, 1)
(38, 74, 93, 1)
(39, 74, 93, 1)
(40, 74, 93, 1)
(41, 74, 93, 1)
(42, 74, 93, 1)
(43, 74, 93, 1)
(44, 74, 93, 1)
(45, 74, 93, 1)
(46, 74, 93, 1)
(47, 74, 93, 1)
(48, 74, 93, 1)
(49, 74, 93, 1)
(50, 74, 93, 1)
(51, 74, 93, 1)
(52, 74, 93, 1)
(53, 74, 93, 1)
(54, 74, 93, 1)
(56, 74, 93, 1)
(57, 74, 93, 1)
(58, 74, 93, 1)
(59, 74, 93, 1)
(60, 74, 93, 1)
(61, 74, 93, 1)
(62, 74, 93, 1)
(63, 74, 93, 1)
(64, 74, 93, 1)
(65, 74, 93, 1)
(66, 74, 93, 1)
(67, 74, 93, 1)
(68, 74, 93, 1)
(69, 74, 93, 1)
(70, 74, 93, 1)
(71, 74, 93, 1)
(72, 74, 93, 1)
(20, 75, 93, 1)
(22, 75, 93, 1)
(26, 75, 93, 1)
(28, 75, 93, 1)
(32, 75, 93, 1)
(34, 75, 93, 1)
(38, 75, 93, 1)
(40, 75, 93, 1)
(44, 75, 93, 1)
(46, 75, 93, 1)
(50, 75, 93, 1)
(52, 75, 93, 1)
(56, 75, 93, 1)
(58, 75, 93, 1)
(62, 75, 93, 1)
(64, 75, 93, 1)
(68, 75, 93, 1)
(70, 75, 93, 1)
(18, 76, 93, 1)
(19, 76, 93, 1)
(22, 76, 93, 1)
(23, 76, 93, 1)
(26, 76, 93, 1)
(27, 76, 93, 1)
(30, 76, 93, 1)
(31, 76, 93, 1)
(34, 76, 93, 1)
(35, 76, 93, 1)
(38, 76, 93, 1)
(39, 76, 93, 1)
(43, 76, 93, 1)
(46, 76, 93, 1)
(47, 76, 93, 1)
(50, 76, 93, 1)
(51, 76, 93, 1)
(54, 76, 93, 1)
(55, 76, 93, 1)
(58, 76, 93, 1)
(62, 76, 93, 1)
(63, 76, 93, 1)
(66, 76, 93, 1)
(67, 76, 93, 1)
(70, 76, 93, 1)
(71, 76, 93, 1)
(74, 76, 93, 1)
(18, 77, 93, 1)
(22, 77, 93, 1)
(26, 77, 93, 1)
(30, 77, 93, 1)
(34, 77, 93, 1)
(38, 77, 93, 1)
(42, 77, 93, 1)
(46, 77, 93, 1)
(50, 77, 93, 1)
(54, 77, 93, 1)
(58, 77, 93, 1)
(62, 77, 93, 1)
(66, 77, 93, 1)
(70, 77, 93, 1)
(74, 77, 93, 1)
(14, 78, 93, 1)
(16, 78, 93, 1)
(17, 78, 93, 1)
(19, 78, 93, 1)
(20, 78, 93, 1)
(22, 78, 93, 1)
(25, 78, 93, 1)
(26, 78, 93, 1)
(29, 78, 93, 1)
(31, 78, 93, 1)
(32, 78, 93, 1)
(34, 78, 93, 1)
(35, 78, 93, 1)
(37, 78, 93, 1)
(40, 78, 93, 1)
(41, 78, 93, 1)
(44, 78, 93, 1)
(46, 78, 93, 1)
(47, 78, 93, 1)
(49, 78, 93, 1)
(50, 78, 93, 1)
(52, 78, 93, 1)
(55, 78, 93, 1)
(56, 78, 93, 1)
(59, 78, 93, 1)
(61, 78, 93, 1)
(62, 78, 93, 1)
(64, 78, 93, 1)
(65, 78, 93, 1)
(67, 78, 93, 1)
(70, 78, 93, 1)
(71, 78, 93, 1)
(74, 78, 93, 1)
(76, 78, 93, 1)
(14, 79, 93, 1)
(18, 79, 93, 1)
(20, 79, 93, 1)
(22, 79, 93, 1)
(24, 79, 93, 1)
(26, 79, 93, 1)
(28, 79, 93, 1)
(32, 79, 93, 1)
(34, 79, 93, 1)
(36, 79, 93, 1)
(38, 79, 93, 1)
(40, 79, 93, 1)
(42, 79, 93, 1)
(46, 79, 93, 1)
(48, 79, 93, 1)
(50, 79, 93, 1)
(52, 79, 93, 1)
(54, 79, 93, 1)
(56, 79, 93, 1)
(60, 79, 93, 1)
(62, 79, 93, 1)
(64, 79, 93, 1)
(66, 79, 93, 1)
(68, 79, 93, 1)
(70, 79, 93, 1)
(74, 79, 93, 1)
(76, 79, 93, 1)
(14, 80, 93, 1)
(18, 80, 93, 1)
(19, 80, 93, 1)
(22, 80, 93, 1)
(23, 80, 93, 1)
(26, 80, 93, 1)
(27, 80, 93, 1)
(30, 80, 93, 1)
(31, 80, 93, 1)
(34, 80, 93, 1)
(35, 80, 93, 1)
(38, 80, 93, 1)
(39, 80, 93, 1)
(42, 80, 93, 1)
(43, 80, 93, 1)
(46, 80, 93, 1)
(47, 80, 93, 1)
(50, 80, 93, 1)
(51, 80, 93, 1)
(55, 80, 93, 1)
(58, 80, 93, 1)
(59, 80, 93, 1)
(62, 80, 93, 1)
(63, 80, 93, 1)
(66, 80, 93, 1)
(70, 80, 93, 1)
(71, 80, 93, 1)
(74, 80, 93, 1)
(75, 80, 93, 1)
(78, 80, 93, 1)
(14, 81, 93, 1)
(22, 81, 93, 1)
(26, 81, 93, 1)
(34, 81, 93, 1)
(38, 81, 93, 1)
(46, 81, 93, 1)
(50, 81, 93, 1)
(58, 81, 93, 1)
(62, 81, 93, 1)
(70, 81, 93, 1)
(74, 81, 93, 1)
(10, 82, 93, 1)
(11, 82, 93, 1)
(12, 82, 93, 1)
(13, 82, 93, 1)
(14, 82, 93, 1)
(15, 82, 93, 1)
(17, 82, 93, 1)
(18, 82, 93, 1)
(19, 82, 93, 1)
(20, 82, 93, 1)
(21, 82, 93, 1)
(22, 82, 93, 1)
(23, 82, 93, 1)
(24, 82, 93, 1)
(25, 82, 93, 1)
(26, 82, 93, 1)
(28, 82, 93, 1)
(29, 82, 93, 1)
(30, 82, 93, 1)
(31, 82, 93, 1)
(32, 82, 93, 1)
(33, 82, 93, 1)
(34, 82, 93, 1)
(35, 82, 93, 1)
(36, 82, 93, 1)
(37, 82, 93, 1)
(39, 82, 93, 1)
(40, 82, 93, 1)
(41, 82, 93, 1)
(42, 82, 93, 1)
(43, 82, 93, 1)
(44, 82, 93, 1)
(45, 82, 93, 1)
(46, 82, 93, 1)
(47, 82, 93, 1)
(48, 82, 93, 1)
(50, 82, 93, 1)
(51, 82, 93, 1)
(52, 82, 93, 1)
(53, 82, 93, 1)
(54, 82, 93, 1)
(55, 82, 93, 1)
(56, 82, 93, 1)
(57, 82, 93, 1)
(58, 82, 93, 1)
(59, 82, 93, 1)
(61, 82, 93, 1)
(62, 82, 93, 1)
(63, 82, 93, 1)
(64, 82, 93, 1)
(65, 82, 93, 1)
(66, 82, 93, 1)
(67, 82, 93, 1)
(68, 82, 93, 1)
(69, 82, 93, 1)
(70, 82, 93, 1)
(72, 82, 93, 1)
(73, 82, 93, 1)
(74, 82, 93, 1)
(75, 82, 93, 1)
(76, 82, 93, 1)
(77, 82, 93, 1)
(78, 82, 93, 1)
(79, 82, 93, 1)
(80, 82, 93, 1)
(10, 83, 93, 1)
(12, 83, 93, 1)
(14, 83, 93, 1)
(16, 83, 93, 1)
(20, 83, 93, 1)
(22, 83, 93, 1)
(24, 83, 93, 1)
(26, 83, 93, 1)
(30, 83, 93, 1)
(32, 83, 93, 1)
(34, 83, 93, 1)
(36, 83, 93, 1)
(40, 83, 93, 1)
(42, 83, 93, 1)
(44, 83, 93, 1)
(46, 83, 93, 1)
(50, 83, 93, 1)
(52, 83, 93, 1)
(54, 83, 93, 1)
(56, 83, 93, 1)
(60, 83, 93, 1)
(62, 83, 93, 1)
(64, 83, 93, 1)
(66, 83, 93, 1)
(70, 83, 93, 1)
(72, 83, 93, 1)
(74, 83, 93, 1)
(76, 83, 93, 1)
(80, 83, 93, 1)
(10, 84, 93, 1)
(11, 84, 93, 1)
(14, 84, 93, 1)
(19, 84, 93, 1)
(22, 84, 93, 1)
(23, 84, 93, 1)
(26, 84, 93, 1)
(31, 84, 93, 1)
(34, 84, 93, 1)
(35, 84, 93, 1)
(38, 84, 93, 1)
(43, 84, 93, 1)
(46, 84, 93, 1)
(47, 84, 93, 1)
(50, 84, 93, 1)
(55, 84, 93, 1)
(58, 84, 93, 1)
(59, 84, 93, 1)
(62, 84, 93, 1)
(67, 84, 93, 1)
(70, 84, 93, 1)
(71, 84, 93, 1)
(74, 84, 93, 1)
(79, 84, 93, 1)
(82, 84, 93, 1)
(10, 85, 93, 1)
(14, 85, 93, 1)
(18, 85, 93, 1)
(22, 85, 93, 1)
(26, 85, 93, 1)
(30, 85, 93, 1)
(34, 85, 93, 1)
(38, 85, 93, 1)
(42, 85, 93, 1)
(46, 85, 93, 1)
(50, 85, 93, 1)
(54, 85, 93, 1)
(58, 85, 93, 1)
(62, 85, 93, 1)
(66, 85, 93, 1)
(70, 85, 93, 1)
(74, 85, 93, 1)
(78, 85, 93, 1)
(82, 85, 93, 1)
(6, 86, 93, 1)
(7, 86, 93, 1)
(8, 86, 93, 1)
(10, 86, 93, 1)
(11, 86, 93, 1)
(12, 86, 93, 1)
(13, 86, 93, 1)
(14, 86, 93, 1)
(15, 86, 93, 1)
(17, 86, 93, 1)
(18, 86, 93, 1)
(19, 86, 93, 1)
(20, 86, 93, 1)
(21, 86, 93, 1)
(22, 86, 93, 1)
(24, 86, 93, 1)
(25, 86, 93, 1)
(26, 86, 93, 1)
(27, 86, 93, 1)
(28, 86, 93, 1)
(29, 86, 93, 1)
(31, 86, 93, 1)
(32, 86, 93, 1)
(33, 86, 93, 1)
(34, 86, 93, 1)
(35, 86, 93, 1)
(36, 86, 93, 1)
(38, 86, 93, 1)
(39, 86, 93, 1)
(40, 86, 93, 1)
(41, 86, 93, 1)
(42, 86, 93, 1)
(43, 86, 93, 1)
(45, 86, 93, 1)
(46, 86, 93, 1)
(47, 86, 93, 1)
(48, 86, 93, 1)
(49, 86, 93, 1)
(50, 86, 93, 1)
(52, 86, 93, 1)
(53, 86, 93, 1)
(54, 86, 93, 1)
(55, 86, 93, 1)
(56, 86, 93, 1)
(57, 86, 93, 1)
(59, 86, 93, 1)
(60, 86, 93, 1)
(61, 86, 93, 1)
(62, 86, 93, 1)
(63, 86, 93, 1)
(64, 86, 93, 1)
(66, 86, 93, 1)
(67, 86, 93, 1)
(68, 86, 93, 1)
(69, 86, 93, 1)
(70, 86, 93, 1)
(71, 86, 93, 1)
(73, 86, 93, 1)
(74, 86, 93, 1)
(75, 86, 93, 1)
(76, 86, 93, 1)
(77, 86, 93, 1)
(78, 86, 93, 1)
(80, 86, 93, 1)
(81, 86, 93, 1)
(82, 86, 93, 1)
(83, 86, 93, 1)
(84, 86, 93, 1)
(8, 87, 93, 1)
(10, 87, 93, 1)
(14, 87, 93, 1)
(16, 87, 93, 1)
(20, 87, 93, 1)
(22, 87, 93, 1)
(26, 87, 93, 1)
(28, 87, 93, 1)
(32, 87, 93, 1)
(34, 87, 93, 1)
(38, 87, 93, 1)
(40, 87, 93, 1)
(44, 87, 93, 1)
(46, 87, 93, 1)
(50, 87, 93, 1)
(52, 87, 93, 1)
(56, 87, 93, 1)
(58, 87, 93, 1)
(62, 87, 93, 1)
(64, 87, 93, 1)
(68, 87, 93, 1)
(70, 87, 93, 1)
(74, 87, 93, 1)
(76, 87, 93, 1)
(80, 87, 93, 1)
(82, 87, 93, 1)
(6, 88, 93, 1)
(7, 88, 93, 1)
(10, 88, 93, 1)
(11, 88, 93, 1)
(14, 88, 93, 1)
(15, 88, 93, 1)
(19, 88, 93, 1)
(22, 88, 93, 1)
(26, 88, 93, 1)
(27, 88, 93, 1)
(30, 88, 93, 1)
(31, 88, 93, 1)
(34, 88, 93, 1)
(35, 88, 93, 1)
(39, 88, 93, 1)
(42, 88, 93, 1)
(46, 88, 93, 1)
(47, 88, 93, 1)
(50, 88, 93, 1)
(51, 88, 93, 1)
(54, 88, 93, 1)
(55, 88, 93, 1)
(59, 88, 93, 1)
(62, 88, 93, 1)
(66, 88, 93, 1)
(67, 88, 93, 1)
(70, 88, 93, 1)
(71, 88, 93, 1)
(74, 88, 93, 1)
(75, 88, 93, 1)
(79, 88, 93, 1)
(82, 88, 93, 1)
(86, 88, 93, 1)
(6, 89, 93, 1)
(10, 89, 93, 1)
(14, 89, 93, 1)
(18, 89, 93, 1)
(22, 89, 93, 1)
(26, 89, 93, 1)
(30, 89, 93, 1)
(34, 89, 93, 1)
(38, 89, 93, 1)
(42, 89, 93, 1)
(46, 89, 93, 1)
(50, 89, 93, 1)
(54, 89, 93, 1)
(58, 89, 93, 1)
(62, 89, 93, 1)
(66, 89, 93, 1)
(70, 89, 93, 1)
(74, 89, 93, 1)
(78, 89, 93, 1)
(82, 89, 93, 1)
(86, 89, 93, 1)
(4, 90, 93, 1)
(5, 90, 93, 1)
(7, 90, 93, 1)
(8, 90, 93, 1)
(10, 90, 93, 1)
(11, 90, 93, 1)
(13, 90, 93, 1)
(14, 90, 93, 1)
(16, 90, 93, 1)
(17, 90, 93, 1)
(19, 90, 93, 1)
(20, 90, 93, 1)
(22, 90, 93, 1)
(23, 90, 93, 1)
(25, 90, 93, 1)
(26, 90, 93, 1)
(28, 90, 93, 1)
(29, 90, 93, 1)
(31, 90, 93, 1)
(32, 90, 93, 1)
(34, 90, 93, 1)
(35, 90, 93, 1)
(37, 90, 93, 1)
(38, 90, 93, 1)
(40, 90, 93, 1)
(41, 90, 93, 1)
(43, 90, 93, 1)
(44, 90, 93, 1)
(46, 90, 93, 1)
(47, 90, 93, 1)
(49, 90, 93, 1)
(50, 90, 93, 1)
(52, 90, 93, 1)
(53, 90, 93, 1)
(55, 90, 93, 1)
(56, 90, 93, 1)
(58, 90, 93, 1)
(59, 90, 93, 1)
(61, 90, 93, 1)
(62, 90, 93, 1)
(64, 90, 93, 1)
(65, 90, 93, 1)
(67, 90, 93, 1)
(68, 90, 93, 1)
(70, 90, 93, 1)
(71, 90, 93, 1)
(73, 90, 93, 1)
(74, 90, 93, 1)
(76, 90, 93, 1)
(77, 90, 93, 1)
(79, 90, 93, 1)
(80, 90, 93, 1)
(82, 90, 93, 1)
(83, 90, 93, 1)
(85, 90, 93, 1)
(86, 90, 93, 1)
(88, 90, 93, 1)
(45, 50, 94, 1)
(47, 50, 94, 1)
(44, 51, 94, 1)
(46, 51, 94, 1)
(48, 51, 94, 1)
(47, 52, 94, 1)
(42, 53, 94, 1)
(44, 53, 94, 1)
(46, 53, 94, 1)
(48, 53, 94, 1)
(50, 53, 94, 1)
(41, 54, 94, 1)
(43, 54, 94, 1)
(45, 54, 94, 1)
(47, 54, 94, 1)
(51, 54, 94, 1)
(44, 55, 94, 1)
(48, 55, 94, 1)
(50, 55, 94, 1)
(39, 56, 94, 1)
(41, 56, 94, 1)
(43, 56, 94, 1)
(45, 56, 94, 1)
(47, 56, 94, 1)
(49, 56, 94, 1)
(51, 56, 94, 1)
(53, 56, 94, 1)
(38, 57, 94, 1)
(40, 57, 94, 1)
(42, 57, 94, 1)
(44, 57, 94, 1)
(46, 57, 94, 1)
(48, 57, 94, 1)
(50, 57, 94, 1)
(52, 57, 94, 1)
(54, 57, 94, 1)
(39, 58, 94, 1)
(41, 58, 94, 1)
(45, 58, 94, 1)
(47, 58, 94, 1)
(51, 58, 94, 1)
(53, 58, 94, 1)
(36, 59, 94, 1)
(40, 59, 94, 1)
(42, 59, 94, 1)
(46, 59, 94, 1)
(48, 59, 94, 1)
(50, 59, 94, 1)
(56, 59, 94, 1)
(35, 60, 94, 1)
(37, 60, 94, 1)
(39, 60, 94, 1)
(41, 60, 94, 1)
(45, 60, 94, 1)
(47, 60, 94, 1)
(49, 60, 94, 1)
(51, 60, 94, 1)
(53, 60, 94, 1)
(55, 60, 94, 1)
(57, 60, 94, 1)
(36, 61, 94, 1)
(38, 61, 94, 1)
(42, 61, 94, 1)
(44, 61, 94, 1)
(48, 61, 94, 1)
(54, 61, 94, 1)
(56, 61, 94, 1)
(33, 62, 94, 1)
(35, 62, 94, 1)
(37, 62, 94, 1)
(39, 62, 94, 1)
(41, 62, 94, 1)
(43, 62, 94, 1)
(45, 62, 94, 1)
(47, 62, 94, 1)
(49, 62, 94, 1)
(51, 62, 94, 1)
(53, 62, 94, 1)
(55, 62, 94, 1)
(57, 62, 94, 1)
(59, 62, 94, 1)
(34, 63, 94, 1)
(36, 63, 94, 1)
(38, 63, 94, 1)
(40, 63, 94, 1)
(42, 63, 94, 1)
(44, 63, 94, 1)
(46, 63, 94, 1)
(48, 63, 94, 1)
(50, 63, 94, 1)
(52, 63, 94, 1)
(54, 63, 94, 1)
(56, 63, 94, 1)
(58, 63, 94, 1)
(60, 63, 94, 1)
(33, 64, 94, 1)
(35, 64, 94, 1)
(41, 64, 94, 1)
(45, 64, 94, 1)
(47, 64, 94, 1)
(51, 64, 94, 1)
(53, 64, 94, 1)
(57, 64, 94, 1)
(30, 65, 94, 1)
(32, 65, 94, 1)
(34, 65, 94, 1)
(38, 65, 94, 1)
(40, 65, 94, 1)
(42, 65, 94, 1)
(44, 65, 94, 1)
(46, 65, 94, 1)
(48, 65, 94, 1)
(50, 65, 94, 1)
(52, 65, 94, 1)
(54, 65, 94, 1)
(56, 65, 94, 1)
(58, 65, 94, 1)
(60, 65, 94, 1)
(62, 65, 94, 1)
(29, 66, 94, 1)
(33, 66, 94, 1)
(35, 66, 94, 1)
(37, 66, 94, 1)
(39, 66, 94, 1)
(41, 66, 94, 1)
(43, 66, 94, 1)
(47, 66, 94, 1)
(49, 66, 94, 1)
(51, 66, 94, 1)
(53, 66, 94, 1)
(55, 66, 94, 1)
(57, 66, 94, 1)
(61, 66, 94, 1)
(63, 66, 94, 1)
(30, 67, 94, 1)
(32, 67, 94, 1)
(36, 67, 94, 1)
(38, 67, 94, 1)
(42, 67, 94, 1)
(44, 67, 94, 1)
(48, 67, 94, 1)
(50, 67, 94, 1)
(54, 67, 94, 1)
(56, 67, 94, 1)
(60, 67, 94, 1)
(62, 67, 94, 1)
(27, 68, 94, 1)
(31, 68, 94, 1)
(33, 68, 94, 1)
(35, 68, 94, 1)
(37, 68, 94, 1)
(39, 68, 94, 1)
(41, 68, 94, 1)
(43, 68, 94, 1)
(45, 68, 94, 1)
(47, 68, 94, 1)
(49, 68, 94, 1)
(51, 68, 94, 1)
(53, 68, 94, 1)
(57, 68, 94, 1)
(59, 68, 94, 1)
(61, 68, 94, 1)
(63, 68, 94, 1)
(65, 68, 94, 1)
(26, 69, 94, 1)
(28, 69, 94, 1)
(30, 69, 94, 1)
(32, 69, 94, 1)
(36, 69, 94, 1)
(38, 69, 94, 1)
(40, 69, 94, 1)
(42, 69, 94, 1)
(46, 69, 94, 1)
(48, 69, 94, 1)
(50, 69, 94, 1)
(52, 69, 94, 1)
(56, 69, 94, 1)
(58, 69, 94, 1)
(60, 69, 94, 1)
(62, 69, 94, 1)
(66, 69, 94, 1)
(27, 70, 94, 1)
(29, 70, 94, 1)
(33, 70, 94, 1)
(35, 70, 94, 1)
(39, 70, 94, 1)
(41, 70, 94, 1)
(45, 70, 94, 1)
(47, 70, 94, 1)
(51, 70, 94, 1)
(53, 70, 94, 1)
(57, 70, 94, 1)
(59, 70, 94, 1)
(63, 70, 94, 1)
(65, 70, 94, 1)
(24, 71, 94, 1)
(26, 71, 94, 1)
(28, 71, 94, 1)
(30, 71, 94, 1)
(32, 71, 94, 1)
(34, 71, 94, 1)
(36, 71, 94, 1)
(38, 71, 94, 1)
(40, 71, 94, 1)
(42, 71, 94, 1)
(44, 71, 94, 1)
(46, 71, 94, 1)
(50, 71, 94, 1)
(52, 71, 94, 1)
(54, 71, 94, 1)
(56, 71, 94, 1)
(58, 71, 94, 1)
(60, 71, 94, 1)
(62, 71, 94, 1)
(64, 71, 94, 1)
(66, 71, 94, 1)
(68, 71, 94, 1)
(23, 72, 94, 1)
(25, 72, 94, 1)
(27, 72, 94, 1)
(29, 72, 94, 1)
(31, 72, 94, 1)
(33, 72, 94, 1)
(35, 72, 94, 1)
(37, 72, 94, 1)
(41, 72, 94, 1)
(43, 72, 94, 1)
(45, 72, 94, 1)
(47, 72, 94, 1)
(49, 72, 94, 1)
(51, 72, 94, 1)
(53, 72, 94, 1)
(55, 72, 94, 1)
(57, 72, 94, 1)
(59, 72, 94, 1)
(63, 72, 94, 1)
(65, 72, 94, 1)
(67, 72, 94, 1)
(69, 72, 94, 1)
(26, 73, 94, 1)
(30, 73, 94, 1)
(32, 73, 94, 1)
(36, 73, 94, 1)
(42, 73, 94, 1)
(44, 73, 94, 1)
(48, 73, 94, 1)
(50, 73, 94, 1)
(54, 73, 94, 1)
(56, 73, 94, 1)
(60, 73, 94, 1)
(62, 73, 94, 1)
(68, 73, 94, 1)
(21, 74, 94, 1)
(23, 74, 94, 1)
(25, 74, 94, 1)
(27, 74, 94, 1)
(31, 74, 94, 1)
(33, 74, 94, 1)
(35, 74, 94, 1)
(37, 74, 94, 1)
(41, 74, 94, 1)
(43, 74, 94, 1)
(45, 74, 94, 1)
(47, 74, 94, 1)
(51, 74, 94, 1)
(53, 74, 94, 1)
(55, 74, 94, 1)
(57, 74, 94, 1)
(61, 74, 94, 1)
(63, 74, 94, 1)
(65, 74, 94, 1)
(67, 74, 94, 1)
(71, 74, 94, 1)
(20, 75, 94, 1)
(22, 75, 94, 1)
(24, 75, 94, 1)
(26, 75, 94, 1)
(28, 75, 94, 1)
(30, 75, 94, 1)
(32, 75, 94, 1)
(34, 75, 94, 1)
(36, 75, 94, 1)
(38, 75, 94, 1)
(40, 75, 94, 1)
(42, 75, 94, 1)
(44, 75, 94, 1)
(46, 75, 94, 1)
(48, 75, 94, 1)
(50, 75, 94, 1)
(52, 75, 94, 1)
(54, 75, 94, 1)
(58, 75, 94, 1)
(60, 75, 94, 1)
(62, 75, 94, 1)
(64, 75, 94, 1)
(66, 75, 94, 1)
(68, 75, 94, 1)
(70, 75, 94, 1)
(72, 75, 94, 1)
(21, 76, 94, 1)
(23, 76, 94, 1)
(27, 76, 94, 1)
(29, 76, 94, 1)
(33, 76, 94, 1)
(35, 76, 94, 1)
(39, 76, 94, 1)
(41, 76, 94, 1)
(45, 76, 94, 1)
(47, 76, 94, 1)
(51, 76, 94, 1)
(53, 76, 94, 1)
(57, 76, 94, 1)
(59, 76, 94, 1)
(63, 76, 94, 1)
(65, 76, 94, 1)
(69, 76, 94, 1)
(71, 76, 94, 1)
(18, 77, 94, 1)
(20, 77, 94, 1)
(22, 77, 94, 1)
(24, 77, 94, 1)
(28, 77, 94, 1)
(30, 77, 94, 1)
(32, 77, 94, 1)
(34, 77, 94, 1)
(36, 77, 94, 1)
(38, 77, 94, 1)
(40, 77, 94, 1)
(42, 77, 94, 1)
(44, 77, 94, 1)
(46, 77, 94, 1)
(48, 77, 94, 1)
(50, 77, 94, 1)
(52, 77, 94, 1)
(54, 77, 94, 1)
(56, 77, 94, 1)
(58, 77, 94, 1)
(62, 77, 94, 1)
(64, 77, 94, 1)
(66, 77, 94, 1)
(68, 77, 94, 1)
(70, 77, 94, 1)
(72, 77, 94, 1)
(74, 77, 94, 1)
(17, 78, 94, 1)
(19, 78, 94, 1)
(21, 78, 94, 1)
(23, 78, 94, 1)
(25, 78, 94, 1)
(27, 78, 94, 1)
(29, 78, 94, 1)
(31, 78, 94, 1)
(33, 78, 94, 1)
(35, 78, 94, 1)
(37, 78, 94, 1)
(39, 78, 94, 1)
(41, 78, 94, 1)
(43, 78, 94, 1)
(45, 78, 94, 1)
(47, 78, 94, 1)
(49, 78, 94, 1)
(51, 78, 94, 1)
(53, 78, 94, 1)
(55, 78, 94, 1)
(57, 78, 94, 1)
(59, 78, 94, 1)
(61, 78, 94, 1)
(63, 78, 94, 1)
(65, 78, 94, 1)
(67, 78, 94, 1)
(69, 78, 94, 1)
(71, 78, 94, 1)
(73, 78, 94, 1)
(75, 78, 94, 1)
(18, 79, 94, 1)
(20, 79, 94, 1)
(26, 79, 94, 1)
(30, 79, 94, 1)
(32, 79, 94, 1)
(36, 79, 94, 1)
(38, 79, 94, 1)
(42, 79, 94, 1)
(48, 79, 94, 1)
(50, 79, 94, 1)
(56, 79, 94, 1)
(60, 79, 94, 1)
(62, 79, 94, 1)
(66, 79, 94, 1)
(68, 79, 94, 1)
(72, 79, 94, 1)
(15, 80, 94, 1)
(19, 80, 94, 1)
(21, 80, 94, 1)
(23, 80, 94, 1)
(25, 80, 94, 1)
(27, 80, 94, 1)
(29, 80, 94, 1)
(33, 80, 94, 1)
(35, 80, 94, 1)
(37, 80, 94, 1)
(39, 80, 94, 1)
(41, 80, 94, 1)
(43, 80, 94, 1)
(47, 80, 94, 1)
(49, 80, 94, 1)
(51, 80, 94, 1)
(53, 80, 94, 1)
(55, 80, 94, 1)
(57, 80, 94, 1)
(61, 80, 94, 1)
(63, 80, 94, 1)
(65, 80, 94, 1)
(67, 80, 94, 1)
(69, 80, 94, 1)
(71, 80, 94, 1)
(75, 80, 94, 1)
(77, 80, 94, 1)
(14, 81, 94, 1)
(18, 81, 94, 1)
(20, 81, 94, 1)
(22, 81, 94, 1)
(24, 81, 94, 1)
(26, 81, 94, 1)
(28, 81, 94, 1)
(30, 81, 94, 1)
(32, 81, 94, 1)
(34, 81, 94, 1)
(36, 81, 94, 1)
(38, 81, 94, 1)
(40, 81, 94, 1)
(44, 81, 94, 1)
(46, 81, 94, 1)
(48, 81, 94, 1)
(50, 81, 94, 1)
(52, 81, 94, 1)
(54, 81, 94, 1)
(56, 81, 94, 1)
(58, 81, 94, 1)
(60, 81, 94, 1)
(62, 81, 94, 1)
(64, 81, 94, 1)
(66, 81, 94, 1)
(70, 81, 94, 1)
(72, 81, 94, 1)
(74, 81, 94, 1)
(76, 81, 94, 1)
(78, 81, 94, 1)
(15, 82, 94, 1)
(17, 82, 94, 1)
(21, 82, 94, 1)
(23, 82, 94, 1)
(27, 82, 94, 1)
(29, 82, 94, 1)
(33, 82, 94, 1)
(35, 82, 94, 1)
(39, 82, 94, 1)
(41, 82, 94, 1)
(45, 82, 94, 1)
(47, 82, 94, 1)
(51, 82, 94, 1)
(53, 82, 94, 1)
(57, 82, 94, 1)
(59, 82, 94, 1)
(63, 82, 94, 1)
(65, 82, 94, 1)
(69, 82, 94, 1)
(71, 82, 94, 1)
(75, 82, 94, 1)
(77, 82, 94, 1)
(12, 83, 94, 1)
(14, 83, 94, 1)
(16, 83, 94, 1)
(18, 83, 94, 1)
(20, 83, 94, 1)
(22, 83, 94, 1)
(24, 83, 94, 1)
(26, 83, 94, 1)
(30, 83, 94, 1)
(32, 83, 94, 1)
(34, 83, 94, 1)
(36, 83, 94, 1)
(38, 83, 94, 1)
(40, 83, 94, 1)
(42, 83, 94, 1)
(44, 83, 94, 1)
(46, 83, 94, 1)
(48, 83, 94, 1)
(52, 83, 94, 1)
(54, 83, 94, 1)
(56, 83, 94, 1)
(58, 83, 94, 1)
(60, 83, 94, 1)
(62, 83, 94, 1)
(64, 83, 94, 1)
(66, 83, 94, 1)
(68, 83, 94, 1)
(70, 83, 94, 1)
(74, 83, 94, 1)
(76, 83, 94, 1)
(78, 83, 94, 1)
(80, 83, 94, 1)
(11, 84, 94, 1)
(13, 84, 94, 1)
(15, 84, 94, 1)
(17, 84, 94, 1)
(21, 84, 94, 1)
(23, 84, 94, 1)
(25, 84, 94, 1)
(27, 84, 94, 1)
(31, 84, 94, 1)
(33, 84, 94, 1)
(35, 84, 94, 1)
(37, 84, 94, 1)
(41, 84, 94, 1)
(43, 84, 94, 1)
(45, 84, 94, 1)
(47, 84, 94, 1)
(51, 84, 94, 1)
(53, 84, 94, 1)
(55, 84, 94, 1)
(57, 84, 94, 1)
(61, 84, 94, 1)
(63, 84, 94, 1)
(65, 84, 94, 1)
(67, 84, 94, 1)
(71, 84, 94, 1)
(73, 84, 94, 1)
(75, 84, 94, 1)
(77, 84, 94, 1)
(81, 84, 94, 1)
(12, 85, 94, 1)
(14, 85, 94, 1)
(18, 85, 94, 1)
(20, 85, 94, 1)
(24, 85, 94, 1)
(26, 85, 94, 1)
(30, 85, 94, 1)
(32, 85, 94, 1)
(36, 85, 94, 1)
(38, 85, 94, 1)
(42, 85, 94, 1)
(44, 85, 94, 1)
(48, 85, 94, 1)
(50, 85, 94, 1)
(54, 85, 94, 1)
(56, 85, 94, 1)
(60, 85, 94, 1)
(62, 85, 94, 1)
(66, 85, 94, 1)
(68, 85, 94, 1)
(72, 85, 94, 1)
(74, 85, 94, 1)
(78, 85, 94, 1)
(80, 85, 94, 1)
(9, 86, 94, 1)
(11, 86, 94, 1)
(13, 86, 94, 1)
(15, 86, 94, 1)
(17, 86, 94, 1)
(19, 86, 94, 1)
(21, 86, 94, 1)
(23, 86, 94, 1)
(25, 86, 94, 1)
(27, 86, 94, 1)
(29, 86, 94, 1)
(31, 86, 94, 1)
(33, 86, 94, 1)
(35, 86, 94, 1)
(37, 86, 94, 1)
(39, 86, 94, 1)
(41, 86, 94, 1)
(43, 86, 94, 1)
(45, 86, 94, 1)
(47, 86, 94, 1)
(49, 86, 94, 1)
(51, 86, 94, 1)
(53, 86, 94, 1)
(55, 86, 94, 1)
(57, 86, 94, 1)
(59, 86, 94, 1)
(61, 86, 94, 1)
(63, 86, 94, 1)
(65, 86, 94, 1)
(67, 86, 94, 1)
(69, 86, 94, 1)
(71, 86, 94, 1)
(73, 86, 94, 1)
(75, 86, 94, 1)
(77, 86, 94, 1)
(79, 86, 94, 1)
(81, 86, 94, 1)
(83, 86, 94, 1)
(8, 87, 94, 1)
(12, 87, 94, 1)
(14, 87, 94, 1)
(16, 87, 94, 1)
(18, 87, 94, 1)
(20, 87, 94, 1)
(22, 87, 94, 1)
(26, 87, 94, 1)
(28, 87, 94, 1)
(30, 87, 94, 1)
(32, 87, 94, 1)
(34, 87, 94, 1)
(36, 87, 94, 1)
(40, 87, 94, 1)
(42, 87, 94, 1)
(44, 87, 94, 1)
(46, 87, 94, 1)
(48, 87, 94, 1)
(50, 87, 94, 1)
(54, 87, 94, 1)
(56, 87, 94, 1)
(58, 87, 94, 1)
(60, 87, 94, 1)
(62, 87, 94, 1)
(64, 87, 94, 1)
(68, 87, 94, 1)
(70, 87, 94, 1)
(72, 87, 94, 1)
(74, 87, 94, 1)
(76, 87, 94, 1)
(78, 87, 94, 1)
(82, 87, 94, 1)
(84, 87, 94, 1)
(9, 88, 94, 1)
(11, 88, 94, 1)
(15, 88, 94, 1)
(17, 88, 94, 1)
(21, 88, 94, 1)
(23, 88, 94, 1)
(27, 88, 94, 1)
(29, 88, 94, 1)
(33, 88, 94, 1)
(35, 88, 94, 1)
(39, 88, 94, 1)
(41, 88, 94, 1)
(45, 88, 94, 1)
(47, 88, 94, 1)
(51, 88, 94, 1)
(53, 88, 94, 1)
(57, 88, 94, 1)
(59, 88, 94, 1)
(63, 88, 94, 1)
(65, 88, 94, 1)
(69, 88, 94, 1)
(71, 88, 94, 1)
(75, 88, 94, 1)
(77, 88, 94, 1)
(81, 88, 94, 1)
(83, 88, 94, 1)
(6, 89, 94, 1)
(8, 89, 94, 1)
(10, 89, 94, 1)
(12, 89, 94, 1)
(16, 89, 94, 1)
(18, 89, 94, 1)
(20, 89, 94, 1)
(22, 89, 94, 1)
(26, 89, 94, 1)
(28, 89, 94, 1)
(30, 89, 94, 1)
(32, 89, 94, 1)
(36, 89, 94, 1)
(38, 89, 94, 1)
(40, 89, 94, 1)
(42, 89, 94, 1)
(46, 89, 94, 1)
(48, 89, 94, 1)
(50, 89, 94, 1)
(52, 89, 94, 1)
(56, 89, 94, 1)
(58, 89, 94, 1)
(60, 89, 94, 1)
(62, 89, 94, 1)
(66, 89, 94, 1)
(68, 89, 94, 1)
(70, 89, 94, 1)
(72, 89, 94, 1)
(76, 89, 94, 1)
(78, 89, 94, 1)
(80, 89, 94, 1)
(82, 89, 94, 1)
(86, 89, 94, 1)
(5, 90, 94, 1)
(7, 90, 94, 1)
(9, 90, 94, 1)
(11, 90, 94, 1)
(13, 90, 94, 1)
(15, 90, 94, 1)
(17, 90, 94, 1)
(19, 90, 94, 1)
(21, 90, 94, 1)
(23, 90, 94, 1)
(25, 90, 94, 1)
(27, 90, 94, 1)
(29, 90, 94, 1)
(31, 90, 94, 1)
(33, 90, 94, 1)
(35, 90, 94, 1)
(37, 90, 94, 1)
(39, 90, 94, 1)
(41, 90, 94, 1)
(43, 90, 94, 1)
(45, 90, 94, 1)
(47, 90, 94, 1)
(49, 90, 94, 1)
(51, 90, 94, 1)
(53, 90, 94, 1)
(55, 90, 94, 1)
(57, 90, 94, 1)
(59, 90, 94, 1)
(61, 90, 94, 1)
(63, 90, 94, 1)
(65, 90, 94, 1)
(67, 90, 94, 1)
(69, 90, 94, 1)
(71, 90, 94, 1)
(73, 90, 94, 1)
(75, 90, 94, 1)
(77, 90, 94, 1)
(79, 90, 94, 1)
(81, 90, 94, 1)
(83, 90, 94, 1)
(85, 90, 94, 1)
(87, 90, 94, 1)
(6, 91, 94, 1)
(8, 91, 94, 1)
(12, 91, 94, 1)
(14, 91, 94, 1)
(18, 91, 94, 1)
(20, 91, 94, 1)
(24, 91, 94, 1)
(26, 91, 94, 1)
(30, 91, 94, 1)
(32, 91, 94, 1)
(36, 91, 94, 1)
(38, 91, 94, 1)
(42, 91, 94, 1)
(44, 91, 94, 1)
(48, 91, 94, 1)
(50, 91, 94, 1)
(54, 91, 94, 1)
(56, 91, 94, 1)
(60, 91, 94, 1)
(62, 91, 94, 1)
(66, 91, 94, 1)
(68, 91, 94, 1)
(72, 91, 94, 1)
(74, 91, 94, 1)
(78, 91, 94, 1)
(80, 91, 94, 1)
(84, 91, 94, 1)
(86, 91, 94, 1)
(46, 48, 95, 1)
(46, 49, 95, 1)
(46, 50, 95, 1)
(48, 50, 95, 1)
(44, 51, 95, 1)
(46, 51, 95, 1)
(48, 51, 95, 1)
(42, 52, 95, 1)
(43, 52, 95, 1)
(44, 52, 95, 1)
(45, 52, 95, 1)
(46, 52, 95, 1)
(47, 52, 95, 1)
(48, 52, 95, 1)
(49, 52, 95, 1)
(50, 52, 95, 1)
(42, 53, 95, 1)
(48, 53, 95, 1)
(40, 54, 95, 1)
(41, 54, 95, 1)
(42, 54, 95, 1)
(43, 54, 95, 1)
(44, 54, 95, 1)
(45, 54, 95, 1)
(46, 54, 95, 1)
(47, 54, 95, 1)
(48, 54, 95, 1)
(49, 54, 95, 1)
(50, 54, 95, 1)
(51, 54, 95, 1)
(52, 54, 95, 1)
(42, 55, 95, 1)
(44, 55, 95, 1)
(46, 55, 95, 1)
(48, 55, 95, 1)
(52, 55, 95, 1)
(39, 56, 95, 1)
(40, 56, 95, 1)
(42, 56, 95, 1)
(45, 56, 95, 1)
(46, 56, 95, 1)
(48, 56, 95, 1)
(49, 56, 95, 1)
(51, 56, 95, 1)
(52, 56, 95, 1)
(54, 56, 95, 1)
(40, 57, 95, 1)
(42, 57, 95, 1)
(44, 57, 95, 1)
(46, 57, 95, 1)
(48, 57, 95, 1)
(50, 57, 95, 1)
(52, 57, 95, 1)
(54, 57, 95, 1)
(36, 58, 95, 1)
(37, 58, 95, 1)
(38, 58, 95, 1)
(39, 58, 95, 1)
(40, 58, 95, 1)
(41, 58, 95, 1)
(42, 58, 95, 1)
(43, 58, 95, 1)
(44, 58, 95, 1)
(45, 58, 95, 1)
(46, 58, 95, 1)
(47, 58, 95, 1)
(48, 58, 95, 1)
(49, 58, 95, 1)
(50, 58, 95, 1)
(51, 58, 95, 1)
(52, 58, 95, 1)
(53, 58, 95, 1)
(54, 58, 95, 1)
(55, 58, 95, 1)
(56, 58, 95, 1)
(36, 59, 95, 1)
(40, 59, 95, 1)
(42, 59, 95, 1)
(46, 59, 95, 1)
(48, 59, 95, 1)
(52, 59, 95, 1)
(54, 59, 95, 1)
(34, 60, 95, 1)
(36, 60, 95, 1)
(37, 60, 95, 1)
(38, 60, 95, 1)
(41, 60, 95, 1)
(42, 60, 95, 1)
(43, 60, 95, 1)
(44, 60, 95, 1)
(47, 60, 95, 1)
(48, 60, 95, 1)
(49, 60, 95, 1)
(51, 60, 95, 1)
(52, 60, 95, 1)
(54, 60, 95, 1)
(56, 60, 95, 1)
(57, 60, 95, 1)
(58, 60, 95, 1)
(34, 61, 95, 1)
(36, 61, 95, 1)
(38, 61, 95, 1)
(40, 61, 95, 1)
(42, 61, 95, 1)
(46, 61, 95, 1)
(48, 61, 95, 1)
(50, 61, 95, 1)
(52, 61, 95, 1)
(54, 61, 95, 1)
(56, 61, 95, 1)
(58, 61, 95, 1)
(33, 62, 95, 1)
(34, 62, 95, 1)
(36, 62, 95, 1)
(37, 62, 95, 1)
(39, 62, 95, 1)
(42, 62, 95, 1)
(43, 62, 95, 1)
(45, 62, 95, 1)
(46, 62, 95, 1)
(48, 62, 95, 1)
(49, 62, 95, 1)
(52, 62, 95, 1)
(54, 62, 95, 1)
(55, 62, 95, 1)
(57, 62, 95, 1)
(58, 62, 95, 1)
(60, 62, 95, 1)
(32, 63, 95, 1)
(34, 63, 95, 1)
(36, 63, 95, 1)
(38, 63, 95, 1)
(40, 63, 95, 1)
(42, 63, 95, 1)
(44, 63, 95, 1)
(46, 63, 95, 1)
(48, 63, 95, 1)
(50, 63, 95, 1)
(52, 63, 95, 1)
(54, 63, 95, 1)
(56, 63, 95, 1)
(58, 63, 95, 1)
(60, 63, 95, 1)
(30, 64, 95, 1)
(31, 64, 95, 1)
(32, 64, 95, 1)
(34, 64, 95, 1)
(35, 64, 95, 1)
(36, 64, 95, 1)
(37, 64, 95, 1)
(38, 64, 95, 1)
(39, 64, 95, 1)
(40, 64, 95, 1)
(41, 64, 95, 1)
(42, 64, 95, 1)
(43, 64, 95, 1)
(44, 64, 95, 1)
(45, 64, 95, 1)
(46, 64, 95, 1)
(47, 64, 95, 1)
(48, 64, 95, 1)
(49, 64, 95, 1)
(50, 64, 95, 1)
(51, 64, 95, 1)
(52, 64, 95, 1)
(53, 64, 95, 1)
(54, 64, 95, 1)
(55, 64, 95, 1)
(56, 64, 95, 1)
(57, 64, 95, 1)
(58, 64, 95, 1)
(59, 64, 95, 1)
(60, 64, 95, 1)
(61, 64, 95, 1)
(62, 64, 95, 1)
(34, 65, 95, 1)
(36, 65, 95, 1)
(42, 65, 95, 1)
(46, 65, 95, 1)
(48, 65, 95, 1)
(52, 65, 95, 1)
(54, 65, 95, 1)
(58, 65, 95, 1)
(28, 66, 95, 1)
(29, 66, 95, 1)
(30, 66, 95, 1)
(31, 66, 95, 1)
(32, 66, 95, 1)
(33, 66, 95, 1)
(34, 66, 95, 1)
(35, 66, 95, 1)
(36, 66, 95, 1)
(38, 66, 95, 1)
(39, 66, 95, 1)
(40, 66, 95, 1)
(41, 66, 95, 1)
(42, 66, 95, 1)
(43, 66, 95, 1)
(44, 66, 95, 1)
(45, 66, 95, 1)
(46, 66, 95, 1)
(47, 66, 95, 1)
(48, 66, 95, 1)
(49, 66, 95, 1)
(50, 66, 95, 1)
(51, 66, 95, 1)
(52, 66, 95, 1)
(53, 66, 95, 1)
(54, 66, 95, 1)
(55, 66, 95, 1)
(56, 66, 95, 1)
(57, 66, 95, 1)
(58, 66, 95, 1)
(59, 66, 95, 1)
(60, 66, 95, 1)
(61, 66, 95, 1)
(62, 66, 95, 1)
(63, 66, 95, 1)
(64, 66, 95, 1)
(28, 67, 95, 1)
(30, 67, 95, 1)
(34, 67, 95, 1)
(36, 67, 95, 1)
(38, 67, 95, 1)
(40, 67, 95, 1)
(42, 67, 95, 1)
(44, 67, 95, 1)
(48, 67, 95, 1)
(50, 67, 95, 1)
(52, 67, 95, 1)
(54, 67, 95, 1)
(56, 67, 95, 1)
(58, 67, 95, 1)
(62, 67, 95, 1)
(64, 67, 95, 1)
(27, 68, 95, 1)
(28, 68, 95, 1)
(30, 68, 95, 1)
(31, 68, 95, 1)
(33, 68, 95, 1)
(34, 68, 95, 1)
(36, 68, 95, 1)
(37, 68, 95, 1)
(39, 68, 95, 1)
(40, 68, 95, 1)
(42, 68, 95, 1)
(43, 68, 95, 1)
(45, 68, 95, 1)
(46, 68, 95, 1)
(48, 68, 95, 1)
(49, 68, 95, 1)
(51, 68, 95, 1)
(52, 68, 95, 1)
(54, 68, 95, 1)
(55, 68, 95, 1)
(57, 68, 95, 1)
(58, 68, 95, 1)
(60, 68, 95, 1)
(61, 68, 95, 1)
(63, 68, 95, 1)
(64, 68, 95, 1)
(66, 68, 95, 1)
(26, 69, 95, 1)
(28, 69, 95, 1)
(32, 69, 95, 1)
(34, 69, 95, 1)
(36, 69, 95, 1)
(38, 69, 95, 1)
(40, 69, 95, 1)
(42, 69, 95, 1)
(44, 69, 95, 1)
(46, 69, 95, 1)
(48, 69, 95, 1)
(50, 69, 95, 1)
(52, 69, 95, 1)
(54, 69, 95, 1)
(58, 69, 95, 1)
(60, 69, 95, 1)
(62, 69, 95, 1)
(64, 69, 95, 1)
(66, 69, 95, 1)
(24, 70, 95, 1)
(26, 70, 95, 1)
(27, 70, 95, 1)
(28, 70, 95, 1)
(29, 70, 95, 1)
(31, 70, 95, 1)
(32, 70, 95, 1)
(33, 70, 95, 1)
(34, 70, 95, 1)
(36, 70, 95, 1)
(37, 70, 95, 1)
(38, 70, 95, 1)
(39, 70, 95, 1)
(41, 70, 95, 1)
(42, 70, 95, 1)
(43, 70, 95, 1)
(44, 70, 95, 1)
(46, 70, 95, 1)
(47, 70, 95, 1)
(48, 70, 95, 1)
(49, 70, 95, 1)
(51, 70, 95, 1)
(52, 70, 95, 1)
(53, 70, 95, 1)
(54, 70, 95, 1)
(56, 70, 95, 1)
(57, 70, 95, 1)
(58, 70, 95, 1)
(59, 70, 95, 1)
(61, 70, 95, 1)
(62, 70, 95, 1)
(63, 70, 95, 1)
(64, 70, 95, 1)
(66, 70, 95, 1)
(67, 70, 95, 1)
(68, 70, 95, 1)
(24, 71, 95, 1)
(28, 71, 95, 1)
(30, 71, 95, 1)
(34, 71, 95, 1)
(36, 71, 95, 1)
(40, 71, 95, 1)
(42, 71, 95, 1)
(46, 71, 95, 1)
(48, 71, 95, 1)
(52, 71, 95, 1)
(54, 71, 95, 1)
(58, 71, 95, 1)
(60, 71, 95, 1)
(64, 71, 95, 1)
(66, 71, 95, 1)
(22, 72, 95, 1)
(23, 72, 95, 1)
(24, 72, 95, 1)
(25, 72, 95, 1)
(27, 72, 95, 1)
(28, 72, 95, 1)
(29, 72, 95, 1)
(30, 72, 95, 1)
(31, 72, 95, 1)
(32, 72, 95, 1)
(33, 72, 95, 1)
(34, 72, 95, 1)
(35, 72, 95, 1)
(36, 72, 95, 1)
(37, 72, 95, 1)
(38, 72, 95, 1)
(39, 72, 95, 1)
(40, 72, 95, 1)
(41, 72, 95, 1)
(42, 72, 95, 1)
(43, 72, 95, 1)
(44, 72, 95, 1)
(45, 72, 95, 1)
(46, 72, 95, 1)
(47, 72, 95, 1)
(48, 72, 95, 1)
(50, 72, 95, 1)
(51, 72, 95, 1)
(52, 72, 95, 1)
(53, 72, 95, 1)
(54, 72, 95, 1)
(55, 72, 95, 1)
(56, 72, 95, 1)
(57, 72, 95, 1)
(58, 72, 95, 1)
(59, 72, 95, 1)
(60, 72, 95, 1)
(61, 72, 95, 1)
(62, 72, 95, 1)
(63, 72, 95, 1)
(64, 72, 95, 1)
(65, 72, 95, 1)
(66, 72, 95, 1)
(67, 72, 95, 1)
(68, 72, 95, 1)
(69, 72, 95, 1)
(70, 72, 95, 1)
(22, 73, 95, 1)
(24, 73, 95, 1)
(26, 73, 95, 1)
(28, 73, 95, 1)
(30, 73, 95, 1)
(32, 73, 95, 1)
(34, 73, 95, 1)
(36, 73, 95, 1)
(38, 73, 95, 1)
(42, 73, 95, 1)
(44, 73, 95, 1)
(46, 73, 95, 1)
(48, 73, 95, 1)
(50, 73, 95, 1)
(52, 73, 95, 1)
(54, 73, 95, 1)
(56, 73, 95, 1)
(58, 73, 95, 1)
(60, 73, 95, 1)
(64, 73, 95, 1)
(66, 73, 95, 1)
(68, 73, 95, 1)
(70, 73, 95, 1)
(21, 74, 95, 1)
(22, 74, 95, 1)
(24, 74, 95, 1)
(27, 74, 95, 1)
(28, 74, 95, 1)
(30, 74, 95, 1)
(31, 74, 95, 1)
(33, 74, 95, 1)
(34, 74, 95, 1)
(36, 74, 95, 1)
(37, 74, 95, 1)
(40, 74, 95, 1)
(42, 74, 95, 1)
(43, 74, 95, 1)
(45, 74, 95, 1)
(48, 74, 95, 1)
(49, 74, 95, 1)
(51, 74, 95, 1)
(52, 74, 95, 1)
(54, 74, 95, 1)
(55, 74, 95, 1)
(57, 74, 95, 1)
(58, 74, 95, 1)
(61, 74, 95, 1)
(63, 74, 95, 1)
(64, 74, 95, 1)
(66, 74, 95, 1)
(69, 74, 95, 1)
(70, 74, 95, 1)
(72, 74, 95, 1)
(22, 75, 95, 1)
(24, 75, 95, 1)
(26, 75, 95, 1)
(28, 75, 95, 1)
(32, 75, 95, 1)
(34, 75, 95, 1)
(36, 75, 95, 1)
(38, 75, 95, 1)
(42, 75, 95, 1)
(44, 75, 95, 1)
(46, 75, 95, 1)
(48, 75, 95, 1)
(52, 75, 95, 1)
(54, 75, 95, 1)
(56, 75, 95, 1)
(58, 75, 95, 1)
(62, 75, 95, 1)
(64, 75, 95, 1)
(66, 75, 95, 1)
(68, 75, 95, 1)
(72, 75, 95, 1)
(20, 76, 95, 1)
(21, 76, 95, 1)
(22, 76, 95, 1)
(23, 76, 95, 1)
(24, 76, 95, 1)
(25, 76, 95, 1)
(26, 76, 95, 1)
(27, 76, 95, 1)
(28, 76, 95, 1)
(29, 76, 95, 1)
(30, 76, 95, 1)
(31, 76, 95, 1)
(32, 76, 95, 1)
(33, 76, 95, 1)
(34, 76, 95, 1)
(35, 76, 95, 1)
(36, 76, 95, 1)
(37, 76, 95, 1)
(39, 76, 95, 1)
(40, 76, 95, 1)
(41, 76, 95, 1)
(42, 76, 95, 1)
(43, 76, 95, 1)
(44, 76, 95, 1)
(45, 76, 95, 1)
(46, 76, 95, 1)
(47, 76, 95, 1)
(48, 76, 95, 1)
(49, 76, 95, 1)
(50, 76, 95, 1)
(51, 76, 95, 1)
(52, 76, 95, 1)
(53, 76, 95, 1)
(54, 76, 95, 1)
(55, 76, 95, 1)
(56, 76, 95, 1)
(58, 76, 95, 1)
(59, 76, 95, 1)
(60, 76, 95, 1)
(61, 76, 95, 1)
(62, 76, 95, 1)
(63, 76, 95, 1)
(64, 76, 95, 1)
(65, 76, 95, 1)
(66, 76, 95, 1)
(67, 76, 95, 1)
(68, 76, 95, 1)
(69, 76, 95, 1)
(70, 76, 95, 1)
(71, 76, 95, 1)
(72, 76, 95, 1)
(73, 76, 95, 1)
(74, 76, 95, 1)
(18, 77, 95, 1)
(22, 77, 95, 1)
(24, 77, 95, 1)
(28, 77, 95, 1)
(30, 77, 95, 1)
(34, 77, 95, 1)
(36, 77, 95, 1)
(40, 77, 95, 1)
(42, 77, 95, 1)
(46, 77, 95, 1)
(48, 77, 95, 1)
(52, 77, 95, 1)
(54, 77, 95, 1)
(58, 77, 95, 1)
(60, 77, 95, 1)
(64, 77, 95, 1)
(66, 77, 95, 1)
(70, 77, 95, 1)
(72, 77, 95, 1)
(16, 78, 95, 1)
(17, 78, 95, 1)
(18, 78, 95, 1)
(19, 78, 95, 1)
(20, 78, 95, 1)
(21, 78, 95, 1)
(22, 78, 95, 1)
(23, 78, 95, 1)
(24, 78, 95, 1)
(25, 78, 95, 1)
(26, 78, 95, 1)
(28, 78, 95, 1)
(29, 78, 95, 1)
(30, 78, 95, 1)
(31, 78, 95, 1)
(32, 78, 95, 1)
(33, 78, 95, 1)
(34, 78, 95, 1)
(35, 78, 95, 1)
(36, 78, 95, 1)
(37, 78, 95, 1)
(38, 78, 95, 1)
(39, 78, 95, 1)
(40, 78, 95, 1)
(41, 78, 95, 1)
(42, 78, 95, 1)
(43, 78, 95, 1)
(45, 78, 95, 1)
(46, 78, 95, 1)
(47, 78, 95, 1)
(48, 78, 95, 1)
(49, 78, 95, 1)
(50, 78, 95, 1)
(51, 78, 95, 1)
(52, 78, 95, 1)
(53, 78, 95, 1)
(54, 78, 95, 1)
(55, 78, 95, 1)
(56, 78, 95, 1)
(57, 78, 95, 1)
(58, 78, 95, 1)
(59, 78, 95, 1)
(60, 78, 95, 1)
(62, 78, 95, 1)
(63, 78, 95, 1)
(64, 78, 95, 1)
(65, 78, 95, 1)
(66, 78, 95, 1)
(67, 78, 95, 1)
(68, 78, 95, 1)
(69, 78, 95, 1)
(70, 78, 95, 1)
(71, 78, 95, 1)
(72, 78, 95, 1)
(73, 78, 95, 1)
(74, 78, 95, 1)
(75, 78, 95, 1)
(76, 78, 95, 1)
(16, 79, 95, 1)
(18, 79, 95, 1)
(20, 79, 95, 1)
(22, 79, 95, 1)
(24, 79, 95, 1)
(26, 79, 95, 1)
(28, 79, 95, 1)
(30, 79, 95, 1)
(32, 79, 95, 1)
(34, 79, 95, 1)
(36, 79, 95, 1)
(38, 79, 95, 1)
(40, 79, 95, 1)
(42, 79, 95, 1)
(44, 79, 95, 1)
(46, 79, 95, 1)
(48, 79, 95, 1)
(50, 79, 95, 1)
(52, 79, 95, 1)
(54, 79, 95, 1)
(56, 79, 95, 1)
(58, 79, 95, 1)
(60, 79, 95, 1)
(62, 79, 95, 1)
(64, 79, 95, 1)
(66, 79, 95, 1)
(68, 79, 95, 1)
(70, 79, 95, 1)
(72, 79, 95, 1)
(74, 79, 95, 1)
(76, 79, 95, 1)
(16, 80, 95, 1)
(18, 80, 95, 1)
(19, 80, 95, 1)
(21, 80, 95, 1)
(22, 80, 95, 1)
(24, 80, 95, 1)
(27, 80, 95, 1)
(28, 80, 95, 1)
(31, 80, 95, 1)
(33, 80, 95, 1)
(34, 80, 95, 1)
(36, 80, 95, 1)
(37, 80, 95, 1)
(39, 80, 95, 1)
(42, 80, 95, 1)
(43, 80, 95, 1)
(46, 80, 95, 1)
(48, 80, 95, 1)
(49, 80, 95, 1)
(51, 80, 95, 1)
(52, 80, 95, 1)
(54, 80, 95, 1)
(57, 80, 95, 1)
(58, 80, 95, 1)
(61, 80, 95, 1)
(63, 80, 95, 1)
(64, 80, 95, 1)
(66, 80, 95, 1)
(67, 80, 95, 1)
(69, 80, 95, 1)
(72, 80, 95, 1)
(73, 80, 95, 1)
(76, 80, 95, 1)
(78, 80, 95, 1)
(14, 81, 95, 1)
(16, 81, 95, 1)
(20, 81, 95, 1)
(22, 81, 95, 1)
(24, 81, 95, 1)
(26, 81, 95, 1)
(28, 81, 95, 1)
(30, 81, 95, 1)
(34, 81, 95, 1)
(36, 81, 95, 1)
(38, 81, 95, 1)
(40, 81, 95, 1)
(42, 81, 95, 1)
(44, 81, 95, 1)
(48, 81, 95, 1)
(50, 81, 95, 1)
(52, 81, 95, 1)
(54, 81, 95, 1)
(56, 81, 95, 1)
(58, 81, 95, 1)
(62, 81, 95, 1)
(64, 81, 95, 1)
(66, 81, 95, 1)
(68, 81, 95, 1)
(70, 81, 95, 1)
(72, 81, 95, 1)
(76, 81, 95, 1)
(78, 81, 95, 1)
(12, 82, 95, 1)
(13, 82, 95, 1)
(14, 82, 95, 1)
(15, 82, 95, 1)
(16, 82, 95, 1)
(18, 82, 95, 1)
(19, 82, 95, 1)
(20, 82, 95, 1)
(21, 82, 95, 1)
(22, 82, 95, 1)
(23, 82, 95, 1)
(24, 82, 95, 1)
(25, 82, 95, 1)
(26, 82, 95, 1)
(27, 82, 95, 1)
(28, 82, 95, 1)
(29, 82, 95, 1)
(31, 82, 95, 1)
(32, 82, 95, 1)
(33, 82, 95, 1)
(34, 82, 95, 1)
(35, 82, 95, 1)
(36, 82, 95, 1)
(37, 82, 95, 1)
(38, 82, 95, 1)
(39, 82, 95, 1)
(40, 82, 95, 1)
(41, 82, 95, 1)
(42, 82, 95, 1)
(44, 82, 95, 1)
(45, 82, 95, 1)
(46, 82, 95, 1)
(47, 82, 95, 1)
(48, 82, 95, 1)
(49, 82, 95, 1)
(50, 82, 95, 1)
(51, 82, 95, 1)
(52, 82, 95, 1)
(53, 82, 95, 1)
(54, 82, 95, 1)
(55, 82, 95, 1)
(57, 82, 95, 1)
(58, 82, 95, 1)
(59, 82, 95, 1)
(60, 82, 95, 1)
(61, 82, 95, 1)
(62, 82, 95, 1)
(63, 82, 95, 1)
(64, 82, 95, 1)
(65, 82, 95, 1)
(66, 82, 95, 1)
(67, 82, 95, 1)
(68, 82, 95, 1)
(70, 82, 95, 1)
(71, 82, 95, 1)
(72, 82, 95, 1)
(73, 82, 95, 1)
(74, 82, 95, 1)
(75, 82, 95, 1)
(76, 82, 95, 1)
(77, 82, 95, 1)
(78, 82, 95, 1)
(79, 82, 95, 1)
(80, 82, 95, 1)
(12, 83, 95, 1)
(16, 83, 95, 1)
(18, 83, 95, 1)
(22, 83, 95, 1)
(24, 83, 95, 1)
(28, 83, 95, 1)
(30, 83, 95, 1)
(34, 83, 95, 1)
(36, 83, 95, 1)
(40, 83, 95, 1)
(42, 83, 95, 1)
(46, 83, 95, 1)
(48, 83, 95, 1)
(52, 83, 95, 1)
(54, 83, 95, 1)
(58, 83, 95, 1)
(60, 83, 95, 1)
(64, 83, 95, 1)
(66, 83, 95, 1)
(70, 83, 95, 1)
(72, 83, 95, 1)
(76, 83, 95, 1)
(78, 83, 95, 1)
(10, 84, 95, 1)
(11, 84, 95, 1)
(12, 84, 95, 1)
(13, 84, 95, 1)
(14, 84, 95, 1)
(15, 84, 95, 1)
(16, 84, 95, 1)
(17, 84, 95, 1)
(19, 84, 95, 1)
(20, 84, 95, 1)
(21, 84, 95, 1)
(22, 84, 95, 1)
(23, 84, 95, 1)
(24, 84, 95, 1)
(25, 84, 95, 1)
(26, 84, 95, 1)
(27, 84, 95, 1)
(28, 84, 95, 1)
(30, 84, 95, 1)
(31, 84, 95, 1)
(32, 84, 95, 1)
(33, 84, 95, 1)
(34, 84, 95, 1)
(35, 84, 95, 1)
(36, 84, 95, 1)
(37, 84, 95, 1)
(38, 84, 95, 1)
(39, 84, 95, 1)
(41, 84, 95, 1)
(42, 84, 95, 1)
(43, 84, 95, 1)
(44, 84, 95, 1)
(45, 84, 95, 1)
(46, 84, 95, 1)
(47, 84, 95, 1)
(48, 84, 95, 1)
(49, 84, 95, 1)
(50, 84, 95, 1)
(52, 84, 95, 1)
(53, 84, 95, 1)
(54, 84, 95, 1)
(55, 84, 95, 1)
(56, 84, 95, 1)
(57, 84, 95, 1)
(58, 84, 95, 1)
(59, 84, 95, 1)
(60, 84, 95, 1)
(61, 84, 95, 1)
(63, 84, 95, 1)
(64, 84, 95, 1)
(65, 84, 95, 1)
(66, 84, 95, 1)
(67, 84, 95, 1)
(68, 84, 95, 1)
(69, 84, 95, 1)
(70, 84, 95, 1)
(71, 84, 95, 1)
(72, 84, 95, 1)
(74, 84, 95, 1)
(75, 84, 95, 1)
(76, 84, 95, 1)
(77, 84, 95, 1)
(78, 84, 95, 1)
(79, 84, 95, 1)
(80, 84, 95, 1)
(81, 84, 95, 1)
(82, 84, 95, 1)
(12, 85, 95, 1)
(14, 85, 95, 1)
(16, 85, 95, 1)
(18, 85, 95, 1)
(22, 85, 95, 1)
(24, 85, 95, 1)
(26, 85, 95, 1)
(28, 85, 95, 1)
(32, 85, 95, 1)
(34, 85, 95, 1)
(36, 85, 95, 1)
(38, 85, 95, 1)
(42, 85, 95, 1)
(44, 85, 95, 1)
(46, 85, 95, 1)
(48, 85, 95, 1)
(52, 85, 95, 1)
(54, 85, 95, 1)
(56, 85, 95, 1)
(58, 85, 95, 1)
(62, 85, 95, 1)
(64, 85, 95, 1)
(66, 85, 95, 1)
(68, 85, 95, 1)
(72, 85, 95, 1)
(74, 85, 95, 1)
(76, 85, 95, 1)
(78, 85, 95, 1)
(82, 85, 95, 1)
(9, 86, 95, 1)
(10, 86, 95, 1)
(12, 86, 95, 1)
(13, 86, 95, 1)
(15, 86, 95, 1)
(16, 86, 95, 1)
(18, 86, 95, 1)
(19, 86, 95, 1)
(21, 86, 95, 1)
(22, 86, 95, 1)
(24, 86, 95, 1)
(25, 86, 95, 1)
(27, 86, 95, 1)
(28, 86, 95, 1)
(30, 86, 95, 1)
(31, 86, 95, 1)
(33, 86, 95, 1)
(34, 86, 95, 1)
(36, 86, 95, 1)
(37, 86, 95, 1)
(39, 86, 95, 1)
(40, 86, 95, 1)
(42, 86, 95, 1)
(43, 86, 95, 1)
(45, 86, 95, 1)
(46, 86, 95, 1)
(48, 86, 95, 1)
(49, 86, 95, 1)
(51, 86, 95, 1)
(52, 86, 95, 1)
(54, 86, 95, 1)
(55, 86, 95, 1)
(57, 86, 95, 1)
(58, 86, 95, 1)
(60, 86, 95, 1)
(61, 86, 95, 1)
(63, 86, 95, 1)
(64, 86, 95, 1)
(66, 86, 95, 1)
(67, 86, 95, 1)
(69, 86, 95, 1)
(70, 86, 95, 1)
(72, 86, 95, 1)
(73, 86, 95, 1)
(75, 86, 95, 1)
(76, 86, 95, 1)
(78, 86, 95, 1)
(79, 86, 95, 1)
(81, 86, 95, 1)
(82, 86, 95, 1)
(84, 86, 95, 1)
(8, 87, 95, 1)
(10, 87, 95, 1)
(12, 87, 95, 1)
(14, 87, 95, 1)
(16, 87, 95, 1)
(18, 87, 95, 1)
(20, 87, 95, 1)
(22, 87, 95, 1)
(24, 87, 95, 1)
(26, 87, 95, 1)
(28, 87, 95, 1)
(30, 87, 95, 1)
(32, 87, 95, 1)
(34, 87, 95, 1)
(36, 87, 95, 1)
(38, 87, 95, 1)
(40, 87, 95, 1)
(42, 87, 95, 1)
(44, 87, 95, 1)
(46, 87, 95, 1)
(48, 87, 95, 1)
(50, 87, 95, 1)
(52, 87, 95, 1)
(54, 87, 95, 1)
(56, 87, 95, 1)
(58, 87, 95, 1)
(60, 87, 95, 1)
(62, 87, 95, 1)
(64, 87, 95, 1)
(66, 87, 95, 1)
(68, 87, 95, 1)
(70, 87, 95, 1)
(72, 87, 95, 1)
(74, 87, 95, 1)
(76, 87, 95, 1)
(78, 87, 95, 1)
(80, 87, 95, 1)
(82, 87, 95, 1)
(84, 87, 95, 1)
(6, 88, 95, 1)
(7, 88, 95, 1)
(8, 88, 95, 1)
(9, 88, 95, 1)
(10, 88, 95, 1)
(12, 88, 95, 1)
(13, 88, 95, 1)
(14, 88, 95, 1)
(15, 88, 95, 1)
(16, 88, 95, 1)
(17, 88, 95, 1)
(19, 88, 95, 1)
(20, 88, 95, 1)
(21, 88, 95, 1)
(22, 88, 95, 1)
(23, 88, 95, 1)
(24, 88, 95, 1)
(26, 88, 95, 1)
(27, 88, 95, 1)
(28, 88, 95, 1)
(29, 88, 95, 1)
(30, 88, 95, 1)
(31, 88, 95, 1)
(33, 88, 95, 1)
(34, 88, 95, 1)
(35, 88, 95, 1)
(36, 88, 95, 1)
(37, 88, 95, 1)
(38, 88, 95, 1)
(40, 88, 95, 1)
(41, 88, 95, 1)
(42, 88, 95, 1)
(43, 88, 95, 1)
(44, 88, 95, 1)
(45, 88, 95, 1)
(47, 88, 95, 1)
(48, 88, 95, 1)
(49, 88, 95, 1)
(50, 88, 95, 1)
(51, 88, 95, 1)
(52, 88, 95, 1)
(54, 88, 95, 1)
(55, 88, 95, 1)
(56, 88, 95, 1)
(57, 88, 95, 1)
(58, 88, 95, 1)
(59, 88, 95, 1)
(61, 88, 95, 1)
(62, 88, 95, 1)
(63, 88, 95, 1)
(64, 88, 95, 1)
(65, 88, 95, 1)
(66, 88, 95, 1)
(68, 88, 95, 1)
(69, 88, 95, 1)
(70, 88, 95, 1)
(71, 88, 95, 1)
(72, 88, 95, 1)
(73, 88, 95, 1)
(75, 88, 95, 1)
(76, 88, 95, 1)
(77, 88, 95, 1)
(78, 88, 95, 1)
(79, 88, 95, 1)
(80, 88, 95, 1)
(82, 88, 95, 1)
(83, 88, 95, 1)
(84, 88, 95, 1)
(85, 88, 95, 1)
(86, 88, 95, 1)
(6, 89, 95, 1)
(10, 89, 95, 1)
(12, 89, 95, 1)
(16, 89, 95, 1)
(18, 89, 95, 1)
(22, 89, 95, 1)
(24, 89, 95, 1)
(28, 89, 95, 1)
(30, 89, 95, 1)
(34, 89, 95, 1)
(36, 89, 95, 1)
(40, 89, 95, 1)
(42, 89, 95, 1)
(46, 89, 95, 1)
(48, 89, 95, 1)
(52, 89, 95, 1)
(54, 89, 95, 1)
(58, 89, 95, 1)
(60, 89, 95, 1)
(64, 89, 95, 1)
(66, 89, 95, 1)
(70, 89, 95, 1)
(72, 89, 95, 1)
(76, 89, 95, 1)
(78, 89, 95, 1)
(82, 89, 95, 1)
(84, 89, 95, 1)
(6, 90, 95, 1)
(7, 90, 95, 1)
(8, 90, 95, 1)
(9, 90, 95, 1)
(11, 90, 95, 1)
(12, 90, 95, 1)
(13, 90, 95, 1)
(14, 90, 95, 1)
(16, 90, 95, 1)
(17, 90, 95, 1)
(18, 90, 95, 1)
(19, 90, 95, 1)
(21, 90, 95, 1)
(22, 90, 95, 1)
(23, 90, 95, 1)
(24, 90, 95, 1)
(26, 90, 95, 1)
(27, 90, 95, 1)
(28, 90, 95, 1)
(29, 90, 95, 1)
(31, 90, 95, 1)
(32, 90, 95, 1)
(33, 90, 95, 1)
(34, 90, 95, 1)
(36, 90, 95, 1)
(37, 90, 95, 1)
(38, 90, 95, 1)
(39, 90, 95, 1)
(41, 90, 95, 1)
(42, 90, 95, 1)
(43, 90, 95, 1)
(44, 90, 95, 1)
(46, 90, 95, 1)
(47, 90, 95, 1)
(48, 90, 95, 1)
(49, 90, 95, 1)
(51, 90, 95, 1)
(52, 90, 95, 1)
(53, 90, 95, 1)
(54, 90, 95, 1)
(56, 90, 95, 1)
(57, 90, 95, 1)
(58, 90, 95, 1)
(59, 90, 95, 1)
(61, 90, 95, 1)
(62, 90, 95, 1)
(63, 90, 95, 1)
(64, 90, 95, 1)
(66, 90, 95, 1)
(67, 90, 95, 1)
(68, 90, 95, 1)
(69, 90, 95, 1)
(71, 90, 95, 1)
(72, 90, 95, 1)
(73, 90, 95, 1)
(74, 90, 95, 1)
(76, 90, 95, 1)
(77, 90, 95, 1)
(78, 90, 95, 1)
(79, 90, 95, 1)
(81, 90, 95, 1)
(82, 90, 95, 1)
(83, 90, 95, 1)
(84, 90, 95, 1)
(86, 90, 95, 1)
(87, 90, 95, 1)
(88, 90, 95, 1)
(4, 91, 95, 1)
(6, 91, 95, 1)
(8, 91, 95, 1)
(10, 91, 95, 1)
(12, 91, 95, 1)
(14, 91, 95, 1)
(16, 91, 95, 1)
(18, 91, 95, 1)
(20, 91, 95, 1)
(22, 91, 95, 1)
(24, 91, 95, 1)
(26, 91, 95, 1)
(28, 91, 95, 1)
(30, 91, 95, 1)
(32, 91, 95, 1)
(34, 91, 95, 1)
(36, 91, 95, 1)
(38, 91, 95, 1)
(40, 91, 95, 1)
(42, 91, 95, 1)
(44, 91, 95, 1)
(46, 91, 95, 1)
(48, 91, 95, 1)
(50, 91, 95, 1)
(52, 91, 95, 1)
(54, 91, 95, 1)
(56, 91, 95, 1)
(58, 91, 95, 1)
(60, 91, 95, 1)
(62, 91, 95, 1)
(64, 91, 95, 1)
(66, 91, 95, 1)
(68, 91, 95, 1)
(70, 91, 95, 1)
(72, 91, 95, 1)
(74, 91, 95, 1)
(76, 91, 95, 1)
(78, 91, 95, 1)
(80, 91, 95, 1)
(82, 91, 95, 1)
(84, 91, 95, 1)
(86, 91, 95, 1)
(88, 91, 95, 1)
(4, 92, 95, 1)
(6, 92, 95, 1)
(7, 92, 95, 1)
(9, 92, 95, 1)
(10, 92, 95, 1)
(12, 92, 95, 1)
(13, 92, 95, 1)
(15, 92, 95, 1)
(16, 92, 95, 1)
(18, 92, 95, 1)
(19, 92, 95, 1)
(21, 92, 95, 1)
(22, 92, 95, 1)
(24, 92, 95, 1)
(25, 92, 95, 1)
(27, 92, 95, 1)
(28, 92, 95, 1)
(30, 92, 95, 1)
(31, 92, 95, 1)
(33, 92, 95, 1)
(34, 92, 95, 1)
(36, 92, 95, 1)
(37, 92, 95, 1)
(39, 92, 95, 1)
(40, 92, 95, 1)
(42, 92, 95, 1)
(43, 92, 95, 1)
(45, 92, 95, 1)
(46, 92, 95, 1)
(48, 92, 95, 1)
(49, 92, 95, 1)
(51, 92, 95, 1)
(52, 92, 95, 1)
(54, 92, 95, 1)
(55, 92, 95, 1)
(57, 92, 95, 1)
(58, 92, 95, 1)
(60, 92, 95, 1)
(61, 92, 95, 1)
(63, 92, 95, 1)
(64, 92, 95, 1)
(66, 92, 95, 1)
(67, 92, 95, 1)
(69, 92, 95, 1)
(70, 92, 95, 1)
(72, 92, 95, 1)
(73, 92, 95, 1)
(75, 92, 95, 1)
(76, 92, 95, 1)
(78, 92, 95, 1)
(79, 92, 95, 1)
(81, 92, 95, 1)
(82, 92, 95, 1)
(84, 92, 95, 1)
(85, 92, 95, 1)
(87, 92, 95, 1)
(88, 92, 95, 1)
(90, 92, 95, 1)
(47, 50, 96, 1)
(47, 52, 96, 1)
(46, 53, 96, 1)
(50, 53, 96, 1)
(43, 54, 96, 1)
(49, 54, 96, 1)
(42, 55, 96, 1)
(44, 55, 96, 1)
(46, 55, 96, 1)
(48, 55, 96, 1)
(50, 55, 96, 1)
(52, 55, 96, 1)
(43, 56, 96, 1)
(47, 56, 96, 1)
(46, 57, 96, 1)
(50, 57, 96, 1)
(41, 58, 96, 1)
(43, 58, 96, 1)
(45, 58, 96, 1)
(47, 58, 96, 1)
(49, 58, 96, 1)
(51, 58, 96, 1)
(53, 58, 96, 1)
(55, 58, 96, 1)
(38, 59, 96, 1)
(40, 59, 96, 1)
(42, 59, 96, 1)
(44, 59, 96, 1)
(46, 59, 96, 1)
(48, 59, 96, 1)
(50, 59, 96, 1)
(52, 59, 96, 1)
(54, 59, 96, 1)
(56, 59, 96, 1)
(43, 60, 96, 1)
(47, 60, 96, 1)
(55, 60, 96, 1)
(38, 61, 96, 1)
(42, 61, 96, 1)
(50, 61, 96, 1)
(58, 61, 96, 1)
(35, 62, 96, 1)
(37, 62, 96, 1)
(39, 62, 96, 1)
(41, 62, 96, 1)
(43, 62, 96, 1)
(47, 62, 96, 1)
(49, 62, 96, 1)
(51, 62, 96, 1)
(53, 62, 96, 1)
(55, 62, 96, 1)
(57, 62, 96, 1)
(59, 62, 96, 1)
(34, 63, 96, 1)
(38, 63, 96, 1)
(40, 63, 96, 1)
(44, 63, 96, 1)
(46, 63, 96, 1)
(50, 63, 96, 1)
(56, 63, 96, 1)
(58, 63, 96, 1)
(35, 64, 96, 1)
(39, 64, 96, 1)
(43, 64, 96, 1)
(47, 64, 96, 1)
(51, 64, 96, 1)
(55, 64, 96, 1)
(59, 64, 96, 1)
(38, 65, 96, 1)
(42, 65, 96, 1)
(46, 65, 96, 1)
(50, 65, 96, 1)
(54, 65, 96, 1)
(58, 65, 96, 1)
(62, 65, 96, 1)
(35, 66, 96, 1)
(37, 66, 96, 1)
(43, 66, 96, 1)
(47, 66, 96, 1)
(49, 66, 96, 1)
(53, 66, 96, 1)
(55, 66, 96, 1)
(59, 66, 96, 1)
(30, 67, 96, 1)
(32, 67, 96, 1)
(34, 67, 96, 1)
(36, 67, 96, 1)
(40, 67, 96, 1)
(42, 67, 96, 1)
(44, 67, 96, 1)
(46, 67, 96, 1)
(48, 67, 96, 1)
(50, 67, 96, 1)
(52, 67, 96, 1)
(54, 67, 96, 1)
(56, 67, 96, 1)
(58, 67, 96, 1)
(60, 67, 96, 1)
(62, 67, 96, 1)
(64, 67, 96, 1)
(31, 68, 96, 1)
(35, 68, 96, 1)
(39, 68, 96, 1)
(43, 68, 96, 1)
(51, 68, 96, 1)
(55, 68, 96, 1)
(59, 68, 96, 1)
(63, 68, 96, 1)
(34, 69, 96, 1)
(38, 69, 96, 1)
(46, 69, 96, 1)
(50, 69, 96, 1)
(58, 69, 96, 1)
(62, 69, 96, 1)
(27, 70, 96, 1)
(29, 70, 96, 1)
(33, 70, 96, 1)
(35, 70, 96, 1)
(37, 70, 96, 1)
(39, 70, 96, 1)
(41, 70, 96, 1)
(43, 70, 96, 1)
(45, 70, 96, 1)
(47, 70, 96, 1)
(49, 70, 96, 1)
(51, 70, 96, 1)
(53, 70, 96, 1)
(55, 70, 96, 1)
(59, 70, 96, 1)
(61, 70, 96, 1)
(63, 70, 96, 1)
(65, 70, 96, 1)
(67, 70, 96, 1)
(28, 71, 96, 1)
(30, 71, 96, 1)
(32, 71, 96, 1)
(34, 71, 96, 1)
(38, 71, 96, 1)
(40, 71, 96, 1)
(42, 71, 96, 1)
(44, 71, 96, 1)
(48, 71, 96, 1)
(50, 71, 96, 1)
(52, 71, 96, 1)
(54, 71, 96, 1)
(58, 71, 96, 1)
(60, 71, 96, 1)
(62, 71, 96, 1)
(64, 71, 96, 1)
(68, 71, 96, 1)
(31, 72, 96, 1)
(35, 72, 96, 1)
(43, 72, 96, 1)
(47, 72, 96, 1)
(55, 72, 96, 1)
(59, 72, 96, 1)
(67, 72, 96, 1)
(26, 73, 96, 1)
(30, 73, 96, 1)
(34, 73, 96, 1)
(38, 73, 96, 1)
(42, 73, 96, 1)
(46, 73, 96, 1)
(54, 73, 96, 1)
(58, 73, 96, 1)
(62, 73, 96, 1)
(66, 73, 96, 1)
(70, 73, 96, 1)
(23, 74, 96, 1)
(25, 74, 96, 1)
(27, 74, 96, 1)
(29, 74, 96, 1)
(31, 74, 96, 1)
(33, 74, 96, 1)
(35, 74, 96, 1)
(37, 74, 96, 1)
(39, 74, 96, 1)
(43, 74, 96, 1)
(45, 74, 96, 1)
(47, 74, 96, 1)
(49, 74, 96, 1)
(51, 74, 96, 1)
(53, 74, 96, 1)
(55, 74, 96, 1)
(57, 74, 96, 1)
(59, 74, 96, 1)
(61, 74, 96, 1)
(65, 74, 96, 1)
(67, 74, 96, 1)
(69, 74, 96, 1)
(71, 74, 96, 1)
(22, 75, 96, 1)
(28, 75, 96, 1)
(32, 75, 96, 1)
(34, 75, 96, 1)
(38, 75, 96, 1)
(44, 75, 96, 1)
(46, 75, 96, 1)
(50, 75, 96, 1)
(52, 75, 96, 1)
(56, 75, 96, 1)
(58, 75, 96, 1)
(62, 75, 96, 1)
(64, 75, 96, 1)
(70, 75, 96, 1)
(23, 76, 96, 1)
(27, 76, 96, 1)
(35, 76, 96, 1)
(39, 76, 96, 1)
(43, 76, 96, 1)
(47, 76, 96, 1)
(55, 76, 96, 1)
(59, 76, 96, 1)
(63, 76, 96, 1)
(67, 76, 96, 1)
(22, 77, 96, 1)
(26, 77, 96, 1)
(30, 77, 96, 1)
(34, 77, 96, 1)
(38, 77, 96, 1)
(42, 77, 96, 1)
(46, 77, 96, 1)
(50, 77, 96, 1)
(54, 77, 96, 1)
(62, 77, 96, 1)
(66, 77, 96, 1)
(70, 77, 96, 1)
(74, 77, 96, 1)
(19, 78, 96, 1)
(23, 78, 96, 1)
(25, 78, 96, 1)
(29, 78, 96, 1)
(31, 78, 96, 1)
(35, 78, 96, 1)
(37, 78, 96, 1)
(41, 78, 96, 1)
(43, 78, 96, 1)
(47, 78, 96, 1)
(49, 78, 96, 1)
(53, 78, 96, 1)
(55, 78, 96, 1)
(59, 78, 96, 1)
(61, 78, 96, 1)
(65, 78, 96, 1)
(67, 78, 96, 1)
(71, 78, 96, 1)
(73, 78, 96, 1)
(18, 79, 96, 1)
(20, 79, 96, 1)
(22, 79, 96, 1)
(24, 79, 96, 1)
(26, 79, 96, 1)
(30, 79, 96, 1)
(32, 79, 96, 1)
(34, 79, 96, 1)
(36, 79, 96, 1)
(38, 79, 96, 1)
(40, 79, 96, 1)
(42, 79, 96, 1)
(44, 79, 96, 1)
(46, 79, 96, 1)
(48, 79, 96, 1)
(50, 79, 96, 1)
(52, 79, 96, 1)
(54, 79, 96, 1)
(56, 79, 96, 1)
(58, 79, 96, 1)
(60, 79, 96, 1)
(64, 79, 96, 1)
(66, 79, 96, 1)
(68, 79, 96, 1)
(70, 79, 96, 1)
(72, 79, 96, 1)
(74, 79, 96, 1)
(76, 79, 96, 1)
(19, 80, 96, 1)
(23, 80, 96, 1)
(27, 80, 96, 1)
(31, 80, 96, 1)
(35, 80, 96, 1)
(39, 80, 96, 1)
(43, 80, 96, 1)
(47, 80, 96, 1)
(51, 80, 96, 1)
(55, 80, 96, 1)
(59, 80, 96, 1)
(63, 80, 96, 1)
(67, 80, 96, 1)
(71, 80, 96, 1)
(75, 80, 96, 1)
(22, 81, 96, 1)
(34, 81, 96, 1)
(38, 81, 96, 1)
(50, 81, 96, 1)
(58, 81, 96, 1)
(62, 81, 96, 1)
(70, 81, 96, 1)
(74, 81, 96, 1)
(15, 82, 96, 1)
(17, 82, 96, 1)
(21, 82, 96, 1)
(23, 82, 96, 1)
(25, 82, 96, 1)
(27, 82, 96, 1)
(29, 82, 96, 1)
(31, 82, 96, 1)
(35, 82, 96, 1)
(37, 82, 96, 1)
(39, 82, 96, 1)
(41, 82, 96, 1)
(43, 82, 96, 1)
(45, 82, 96, 1)
(49, 82, 96, 1)
(51, 82, 96, 1)
(53, 82, 96, 1)
(55, 82, 96, 1)
(57, 82, 96, 1)
(59, 82, 96, 1)
(63, 82, 96, 1)
(65, 82, 96, 1)
(67, 82, 96, 1)
(69, 82, 96, 1)
(71, 82, 96, 1)
(73, 82, 96, 1)
(77, 82, 96, 1)
(79, 82, 96, 1)
(14, 83, 96, 1)
(16, 83, 96, 1)
(20, 83, 96, 1)
(22, 83, 96, 1)
(24, 83, 96, 1)
(26, 83, 96, 1)
(28, 83, 96, 1)
(30, 83, 96, 1)
(32, 83, 96, 1)
(34, 83, 96, 1)
(36, 83, 96, 1)
(38, 83, 96, 1)
(40, 83, 96, 1)
(42, 83, 96, 1)
(46, 83, 96, 1)
(48, 83, 96, 1)
(50, 83, 96, 1)
(52, 83, 96, 1)
(54, 83, 96, 1)
(56, 83, 96, 1)
(58, 83, 96, 1)
(60, 83, 96, 1)
(62, 83, 96, 1)
(64, 83, 96, 1)
(66, 83, 96, 1)
(68, 83, 96, 1)
(72, 83, 96, 1)
(74, 83, 96, 1)
(76, 83, 96, 1)
(78, 83, 96, 1)
(80, 83, 96, 1)
(19, 84, 96, 1)
(23, 84, 96, 1)
(31, 84, 96, 1)
(35, 84, 96, 1)
(43, 84, 96, 1)
(47, 84, 96, 1)
(55, 84, 96, 1)
(59, 84, 96, 1)
(67, 84, 96, 1)
(71, 84, 96, 1)
(79, 84, 96, 1)
(14, 85, 96, 1)
(18, 85, 96, 1)
(22, 85, 96, 1)
(26, 85, 96, 1)
(34, 85, 96, 1)
(38, 85, 96, 1)
(42, 85, 96, 1)
(46, 85, 96, 1)
(50, 85, 96, 1)
(54, 85, 96, 1)
(58, 85, 96, 1)
(62, 85, 96, 1)
(66, 85, 96, 1)
(70, 85, 96, 1)
(78, 85, 96, 1)
(82, 85, 96, 1)
(13, 86, 96, 1)
(15, 86, 96, 1)
(17, 86, 96, 1)
(19, 86, 96, 1)
(23, 86, 96, 1)
(25, 86, 96, 1)
(27, 86, 96, 1)
(29, 86, 96, 1)
(33, 86, 96, 1)
(35, 86, 96, 1)
(37, 86, 96, 1)
(39, 86, 96, 1)
(43, 86, 96, 1)
(45, 86, 96, 1)
(47, 86, 96, 1)
(49, 86, 96, 1)
(53, 86, 96, 1)
(55, 86, 96, 1)
(57, 86, 96, 1)
(59, 86, 96, 1)
(63, 86, 96, 1)
(65, 86, 96, 1)
(67, 86, 96, 1)
(69, 86, 96, 1)
(73, 86, 96, 1)
(75, 86, 96, 1)
(77, 86, 96, 1)
(79, 86, 96, 1)
(83, 86, 96, 1)
(10, 87, 96, 1)
(14, 87, 96, 1)
(16, 87, 96, 1)
(20, 87, 96, 1)
(22, 87, 96, 1)
(26, 87, 96, 1)
(28, 87, 96, 1)
(32, 87, 96, 1)
(34, 87, 96, 1)
(38, 87, 96, 1)
(40, 87, 96, 1)
(44, 87, 96, 1)
(46, 87, 96, 1)
(50, 87, 96, 1)
(52, 87, 96, 1)
(56, 87, 96, 1)
(58, 87, 96, 1)
(62, 87, 96, 1)
(64, 87, 96, 1)
(68, 87, 96, 1)
(70, 87, 96, 1)
(74, 87, 96, 1)
(76, 87, 96, 1)
(80, 87, 96, 1)
(82, 87, 96, 1)
(11, 88, 96, 1)
(15, 88, 96, 1)
(19, 88, 96, 1)
(23, 88, 96, 1)
(27, 88, 96, 1)
(31, 88, 96, 1)
(35, 88, 96, 1)
(39, 88, 96, 1)
(43, 88, 96, 1)
(47, 88, 96, 1)
(51, 88, 96, 1)
(55, 88, 96, 1)
(59, 88, 96, 1)
(63, 88, 96, 1)
(67, 88, 96, 1)
(71, 88, 96, 1)
(75, 88, 96, 1)
(79, 88, 96, 1)
(83, 88, 96, 1)
(10, 89, 96, 1)
(14, 89, 96, 1)
(18, 89, 96, 1)
(22, 89, 96, 1)
(30, 89, 96, 1)
(34, 89, 96, 1)
(38, 89, 96, 1)
(42, 89, 96, 1)
(46, 89, 96, 1)
(50, 89, 96, 1)
(58, 89, 96, 1)
(62, 89, 96, 1)
(66, 89, 96, 1)
(70, 89, 96, 1)
(74, 89, 96, 1)
(78, 89, 96, 1)
(86, 89, 96, 1)
(7, 90, 96, 1)
(11, 90, 96, 1)
(13, 90, 96, 1)
(17, 90, 96, 1)
(19, 90, 96, 1)
(23, 90, 96, 1)
(25, 90, 96, 1)
(29, 90, 96, 1)
(31, 90, 96, 1)
(35, 90, 96, 1)
(37, 90, 96, 1)
(41, 90, 96, 1)
(43, 90, 96, 1)
(47, 90, 96, 1)
(49, 90, 96, 1)
(53, 90, 96, 1)
(55, 90, 96, 1)
(59, 90, 96, 1)
(61, 90, 96, 1)
(65, 90, 96, 1)
(67, 90, 96, 1)
(71, 90, 96, 1)
(73, 90, 96, 1)
(77, 90, 96, 1)
(79, 90, 96, 1)
(83, 90, 96, 1)
(85, 90, 96, 1)
(8, 91, 96, 1)
(10, 91, 96, 1)
(12, 91, 96, 1)
(14, 91, 96, 1)
(18, 91, 96, 1)
(20, 91, 96, 1)
(22, 91, 96, 1)
(24, 91, 96, 1)
(28, 91, 96, 1)
(30, 91, 96, 1)
(32, 91, 96, 1)
(34, 91, 96, 1)
(38, 91, 96, 1)
(40, 91, 96, 1)
(42, 91, 96, 1)
(44, 91, 96, 1)
(48, 91, 96, 1)
(50, 91, 96, 1)
(52, 91, 96, 1)
(54, 91, 96, 1)
(58, 91, 96, 1)
(60, 91, 96, 1)
(62, 91, 96, 1)
(64, 91, 96, 1)
(68, 91, 96, 1)
(70, 91, 96, 1)
(72, 91, 96, 1)
(74, 91, 96, 1)
(78, 91, 96, 1)
(80, 91, 96, 1)
(82, 91, 96, 1)
(84, 91, 96, 1)
(88, 91, 96, 1)
(7, 92, 96, 1)
(11, 92, 96, 1)
(15, 92, 96, 1)
(19, 92, 96, 1)
(23, 92, 96, 1)
(27, 92, 96, 1)
(31, 92, 96, 1)
(35, 92, 96, 1)
(39, 92, 96, 1)
(43, 92, 96, 1)
(47, 92, 96, 1)
(51, 92, 96, 1)
(55, 92, 96, 1)
(59, 92, 96, 1)
(63, 92, 96, 1)
(67, 92, 96, 1)
(71, 92, 96, 1)
(75, 92, 96, 1)
(79, 92, 96, 1)
(83, 92, 96, 1)
(87, 92, 96, 1)
(10, 93, 96, 1)
(14, 93, 96, 1)
(22, 93, 96, 1)
(26, 93, 96, 1)
(34, 93, 96, 1)
(38, 93, 96, 1)
(46, 93, 96, 1)
(50, 93, 96, 1)
(58, 93, 96, 1)
(62, 93, 96, 1)
(70, 93, 96, 1)
(74, 93, 96, 1)
(82, 93, 96, 1)
(86, 93, 96, 1)
(46, 50, 97, 1)
(47, 50, 97, 1)
(48, 50, 97, 1)
(46, 51, 97, 1)
(48, 51, 97, 1)
(50, 52, 97, 1)
(46, 53, 97, 1)
(50, 53, 97, 1)
(42, 54, 97, 1)
(43, 54, 97, 1)
(44, 54, 97, 1)
(45, 54, 97, 1)
(46, 54, 97, 1)
(47, 54, 97, 1)
(48, 54, 97, 1)
(49, 54, 97, 1)
(50, 54, 97, 1)
(51, 54, 97, 1)
(52, 54, 97, 1)
(42, 55, 97, 1)
(44, 55, 97, 1)
(50, 55, 97, 1)
(42, 56, 97, 1)
(43, 56, 97, 1)
(46, 56, 97, 1)
(47, 56, 97, 1)
(50, 56, 97, 1)
(51, 56, 97, 1)
(54, 56, 97, 1)
(46, 57, 97, 1)
(50, 57, 97, 1)
(54, 57, 97, 1)
(38, 58, 97, 1)
(39, 58, 97, 1)
(41, 58, 97, 1)
(42, 58, 97, 1)
(44, 58, 97, 1)
(47, 58, 97, 1)
(48, 58, 97, 1)
(50, 58, 97, 1)
(51, 58, 97, 1)
(53, 58, 97, 1)
(54, 58, 97, 1)
(56, 58, 97, 1)
(38, 59, 97, 1)
(42, 59, 97, 1)
(44, 59, 97, 1)
(46, 59, 97, 1)
(48, 59, 97, 1)
(50, 59, 97, 1)
(52, 59, 97, 1)
(54, 59, 97, 1)
(56, 59, 97, 1)
(38, 60, 97, 1)
(39, 60, 97, 1)
(42, 60, 97, 1)
(43, 60, 97, 1)
(46, 60, 97, 1)
(47, 60, 97, 1)
(50, 60, 97, 1)
(51, 60, 97, 1)
(54, 60, 97, 1)
(55, 60, 97, 1)
(58, 60, 97, 1)
(38, 61, 97, 1)
(42, 61, 97, 1)
(50, 61, 97, 1)
(54, 61, 97, 1)
(35, 62, 97, 1)
(36, 62, 97, 1)
(38, 62, 97, 1)
(39, 62, 97, 1)
(40, 62, 97, 1)
(43, 62, 97, 1)
(44, 62, 97, 1)
(45, 62, 97, 1)
(46, 62, 97, 1)
(49, 62, 97, 1)
(50, 62, 97, 1)
(51, 62, 97, 1)
(53, 62, 97, 1)
(54, 62, 97, 1)
(56, 62, 97, 1)
(58, 62, 97, 1)
(59, 62, 97, 1)
(60, 62, 97, 1)
(34, 63, 97, 1)
(36, 63, 97, 1)
(38, 63, 97, 1)
(40, 63, 97, 1)
(42, 63, 97, 1)
(44, 63, 97, 1)
(48, 63, 97, 1)
(50, 63, 97, 1)
(52, 63, 97, 1)
(54, 63, 97, 1)
(56, 63, 97, 1)
(58, 63, 97, 1)
(60, 63, 97, 1)
(35, 64, 97, 1)
(38, 64, 97, 1)
(39, 64, 97, 1)
(47, 64, 97, 1)
(50, 64, 97, 1)
(51, 64, 97, 1)
(54, 64, 97, 1)
(59, 64, 97, 1)
(62, 64, 97, 1)
(34, 65, 97, 1)
(38, 65, 97, 1)
(42, 65, 97, 1)
(46, 65, 97, 1)
(50, 65, 97, 1)
(54, 65, 97, 1)
(58, 65, 97, 1)
(62, 65, 97, 1)
(30, 66, 97, 1)
(31, 66, 97, 1)
(32, 66, 97, 1)
(33, 66, 97, 1)
(34, 66, 97, 1)
(36, 66, 97, 1)
(37, 66, 97, 1)
(38, 66, 97, 1)
(39, 66, 97, 1)
(40, 66, 97, 1)
(41, 66, 97, 1)
(42, 66, 97, 1)
(43, 66, 97, 1)
(44, 66, 97, 1)
(45, 66, 97, 1)
(46, 66, 97, 1)
(47, 66, 97, 1)
(48, 66, 97, 1)
(49, 66, 97, 1)
(50, 66, 97, 1)
(51, 66, 97, 1)
(52, 66, 97, 1)
(53, 66, 97, 1)
(54, 66, 97, 1)
(55, 66, 97, 1)
(56, 66, 97, 1)
(57, 66, 97, 1)
(58, 66, 97, 1)
(59, 66, 97, 1)
(60, 66, 97, 1)
(61, 66, 97, 1)
(62, 66, 97, 1)
(63, 66, 97, 1)
(64, 66, 97, 1)
(30, 67, 97, 1)
(36, 67, 97, 1)
(38, 67, 97, 1)
(44, 67, 97, 1)
(48, 67, 97, 1)
(50, 67, 97, 1)
(54, 67, 97, 1)
(56, 67, 97, 1)
(60, 67, 97, 1)
(30, 68, 97, 1)
(31, 68, 97, 1)
(34, 68, 97, 1)
(35, 68, 97, 1)
(38, 68, 97, 1)
(42, 68, 97, 1)
(43, 68, 97, 1)
(46, 68, 97, 1)
(47, 68, 97, 1)
(50, 68, 97, 1)
(51, 68, 97, 1)
(54, 68, 97, 1)
(55, 68, 97, 1)
(58, 68, 97, 1)
(59, 68, 97, 1)
(62, 68, 97, 1)
(63, 68, 97, 1)
(66, 68, 97, 1)
(30, 69, 97, 1)
(38, 69, 97, 1)
(42, 69, 97, 1)
(46, 69, 97, 1)
(50, 69, 97, 1)
(54, 69, 97, 1)
(58, 69, 97, 1)
(66, 69, 97, 1)
(26, 70, 97, 1)
(27, 70, 97, 1)
(29, 70, 97, 1)
(30, 70, 97, 1)
(32, 70, 97, 1)
(33, 70, 97, 1)
(35, 70, 97, 1)
(36, 70, 97, 1)
(38, 70, 97, 1)
(39, 70, 97, 1)
(41, 70, 97, 1)
(42, 70, 97, 1)
(44, 70, 97, 1)
(45, 70, 97, 1)
(47, 70, 97, 1)
(48, 70, 97, 1)
(50, 70, 97, 1)
(51, 70, 97, 1)
(53, 70, 97, 1)
(54, 70, 97, 1)
(56, 70, 97, 1)
(57, 70, 97, 1)
(59, 70, 97, 1)
(60, 70, 97, 1)
(62, 70, 97, 1)
(63, 70, 97, 1)
(65, 70, 97, 1)
(66, 70, 97, 1)
(68, 70, 97, 1)
(26, 71, 97, 1)
(28, 71, 97, 1)
(30, 71, 97, 1)
(34, 71, 97, 1)
(36, 71, 97, 1)
(38, 71, 97, 1)
(40, 71, 97, 1)
(42, 71, 97, 1)
(44, 71, 97, 1)
(46, 71, 97, 1)
(48, 71, 97, 1)
(50, 71, 97, 1)
(52, 71, 97, 1)
(54, 71, 97, 1)
(56, 71, 97, 1)
(60, 71, 97, 1)
(62, 71, 97, 1)
(64, 71, 97, 1)
(66, 71, 97, 1)
(68, 71, 97, 1)
(26, 72, 97, 1)
(30, 72, 97, 1)
(31, 72, 97, 1)
(34, 72, 97, 1)
(35, 72, 97, 1)
(38, 72, 97, 1)
(39, 72, 97, 1)
(43, 72, 97, 1)
(46, 72, 97, 1)
(50, 72, 97, 1)
(51, 72, 97, 1)
(54, 72, 97, 1)
(55, 72, 97, 1)
(58, 72, 97, 1)
(59, 72, 97, 1)
(63, 72, 97, 1)
(66, 72, 97, 1)
(70, 72, 97, 1)
(26, 73, 97, 1)
(30, 73, 97, 1)
(38, 73, 97, 1)
(42, 73, 97, 1)
(50, 73, 97, 1)
(54, 73, 97, 1)
(62, 73, 97, 1)
(66, 73, 97, 1)
(22, 74, 97, 1)
(23, 74, 97, 1)
(24, 74, 97, 1)
(25, 74, 97, 1)
(26, 74, 97, 1)
(27, 74, 97, 1)
(29, 74, 97, 1)
(30, 74, 97, 1)
(31, 74, 97, 1)
(32, 74, 97, 1)
(33, 74, 97, 1)
(34, 74, 97, 1)
(35, 74, 97, 1)
(36, 74, 97, 1)
(37, 74, 97, 1)
(38, 74, 97, 1)
(39, 74, 97, 1)
(40, 74, 97, 1)
(41, 74, 97, 1)
(42, 74, 97, 1)
(43, 74, 97, 1)
(44, 74, 97, 1)
(45, 74, 97, 1)
(46, 74, 97, 1)
(47, 74, 97, 1)
(48, 74, 97, 1)
(49, 74, 97, 1)
(50, 74, 97, 1)
(52, 74, 97, 1)
(53, 74, 97, 1)
(54, 74, 97, 1)
(55, 74, 97, 1)
(56, 74, 97, 1)
(57, 74, 97, 1)
(58, 74, 97, 1)
(59, 74, 97, 1)
(60, 74, 97, 1)
(61, 74, 97, 1)
(62, 74, 97, 1)
(63, 74, 97, 1)
(64, 74, 97, 1)
(65, 74, 97, 1)
(66, 74, 97, 1)
(67, 74, 97, 1)
(68, 74, 97, 1)
(69, 74, 97, 1)
(70, 74, 97, 1)
(71, 74, 97, 1)
(72, 74, 97, 1)
(22, 75, 97, 1)
(24, 75, 97, 1)
(26, 75, 97, 1)
(28, 75, 97, 1)
(30, 75, 97, 1)
(32, 75, 97, 1)
(34, 75, 97, 1)
(36, 75, 97, 1)
(38, 75, 97, 1)
(40, 75, 97, 1)
(44, 75, 97, 1)
(46, 75, 97, 1)
(48, 75, 97, 1)
(50, 75, 97, 1)
(52, 75, 97, 1)
(54, 75, 97, 1)
(56, 75, 97, 1)
(58, 75, 97, 1)
(60, 75, 97, 1)
(62, 75, 97, 1)
(66, 75, 97, 1)
(68, 75, 97, 1)
(70, 75, 97, 1)
(72, 75, 97, 1)
(23, 76, 97, 1)
(26, 76, 97, 1)
(30, 76, 97, 1)
(35, 76, 97, 1)
(38, 76, 97, 1)
(39, 76, 97, 1)
(42, 76, 97, 1)
(47, 76, 97, 1)
(50, 76, 97, 1)
(51, 76, 97, 1)
(54, 76, 97, 1)
(59, 76, 97, 1)
(63, 76, 97, 1)
(66, 76, 97, 1)
(71, 76, 97, 1)
(74, 76, 97, 1)
(26, 77, 97, 1)
(30, 77, 97, 1)
(34, 77, 97, 1)
(38, 77, 97, 1)
(46, 77, 97, 1)
(50, 77, 97, 1)
(54, 77, 97, 1)
(58, 77, 97, 1)
(66, 77, 97, 1)
(70, 77, 97, 1)
(74, 77, 97, 1)
(18, 78, 97, 1)
(19, 78, 97, 1)
(20, 78, 97, 1)
(22, 78, 97, 1)
(23, 78, 97, 1)
(24, 78, 97, 1)
(25, 78, 97, 1)
(26, 78, 97, 1)
(27, 78, 97, 1)
(28, 78, 97, 1)
(29, 78, 97, 1)
(30, 78, 97, 1)
(31, 78, 97, 1)
(32, 78, 97, 1)
(33, 78, 97, 1)
(34, 78, 97, 1)
(35, 78, 97, 1)
(36, 78, 97, 1)
(37, 78, 97, 1)
(38, 78, 97, 1)
(39, 78, 97, 1)
(41, 78, 97, 1)
(42, 78, 97, 1)
(43, 78, 97, 1)
(44, 78, 97, 1)
(45, 78, 97, 1)
(46, 78, 97, 1)
(47, 78, 97, 1)
(48, 78, 97, 1)
(49, 78, 97, 1)
(50, 78, 97, 1)
(51, 78, 97, 1)
(52, 78, 97, 1)
(53, 78, 97, 1)
(54, 78, 97, 1)
(55, 78, 97, 1)
(56, 78, 97, 1)
(57, 78, 97, 1)
(58, 78, 97, 1)
(60, 78, 97, 1)
(61, 78, 97, 1)
(62, 78, 97, 1)
(63, 78, 97, 1)
(64, 78, 97, 1)
(65, 78, 97, 1)
(66, 78, 97, 1)
(67, 78, 97, 1)
(68, 78, 97, 1)
(69, 78, 97, 1)
(70, 78, 97, 1)
(71, 78, 97, 1)
(72, 78, 97, 1)
(73, 78, 97, 1)
(74, 78, 97, 1)
(75, 78, 97, 1)
(76, 78, 97, 1)
(18, 79, 97, 1)
(20, 79, 97, 1)
(24, 79, 97, 1)
(26, 79, 97, 1)
(30, 79, 97, 1)
(32, 79, 97, 1)
(36, 79, 97, 1)
(38, 79, 97, 1)
(42, 79, 97, 1)
(44, 79, 97, 1)
(48, 79, 97, 1)
(50, 79, 97, 1)
(54, 79, 97, 1)
(56, 79, 97, 1)
(60, 79, 97, 1)
(62, 79, 97, 1)
(66, 79, 97, 1)
(68, 79, 97, 1)
(72, 79, 97, 1)
(74, 79, 97, 1)
(18, 80, 97, 1)
(19, 80, 97, 1)
(22, 80, 97, 1)
(23, 80, 97, 1)
(26, 80, 97, 1)
(27, 80, 97, 1)
(30, 80, 97, 1)
(31, 80, 97, 1)
(34, 80, 97, 1)
(35, 80, 97, 1)
(38, 80, 97, 1)
(39, 80, 97, 1)
(42, 80, 97, 1)
(43, 80, 97, 1)
(47, 80, 97, 1)
(50, 80, 97, 1)
(51, 80, 97, 1)
(54, 80, 97, 1)
(55, 80, 97, 1)
(58, 80, 97, 1)
(59, 80, 97, 1)
(62, 80, 97, 1)
(66, 80, 97, 1)
(67, 80, 97, 1)
(70, 80, 97, 1)
(71, 80, 97, 1)
(74, 80, 97, 1)
(75, 80, 97, 1)
(78, 80, 97, 1)
(18, 81, 97, 1)
(22, 81, 97, 1)
(26, 81, 97, 1)
(30, 81, 97, 1)
(34, 81, 97, 1)
(38, 81, 97, 1)
(42, 81, 97, 1)
(46, 81, 97, 1)
(50, 81, 97, 1)
(54, 81, 97, 1)
(58, 81, 97, 1)
(62, 81, 97, 1)
(66, 81, 97, 1)
(70, 81, 97, 1)
(74, 81, 97, 1)
(78, 81, 97, 1)
(14, 82, 97, 1)
(15, 82, 97, 1)
(18, 82, 97, 1)
(20, 82, 97, 1)
(21, 82, 97, 1)
(23, 82, 97, 1)
(24, 82, 97, 1)
(26, 82, 97, 1)
(29, 82, 97, 1)
(30, 82, 97, 1)
(33, 82, 97, 1)
(35, 82, 97, 1)
(36, 82, 97, 1)
(38, 82, 97, 1)
(39, 82, 97, 1)
(41, 82, 97, 1)
(44, 82, 97, 1)
(45, 82, 97, 1)
(48, 82, 97, 1)
(50, 82, 97, 1)
(51, 82, 97, 1)
(53, 82, 97, 1)
(54, 82, 97, 1)
(56, 82, 97, 1)
(59, 82, 97, 1)
(60, 82, 97, 1)
(63, 82, 97, 1)
(65, 82, 97, 1)
(66, 82, 97, 1)
(68, 82, 97, 1)
(69, 82, 97, 1)
(71, 82, 97, 1)
(74, 82, 97, 1)
(75, 82, 97, 1)
(78, 82, 97, 1)
(80, 82, 97, 1)
(14, 83, 97, 1)
(16, 83, 97, 1)
(18, 83, 97, 1)
(22, 83, 97, 1)
(24, 83, 97, 1)
(26, 83, 97, 1)
(28, 83, 97, 1)
(30, 83, 97, 1)
(32, 83, 97, 1)
(36, 83, 97, 1)
(38, 83, 97, 1)
(40, 83, 97, 1)
(42, 83, 97, 1)
(44, 83, 97, 1)
(46, 83, 97, 1)
(50, 83, 97, 1)
(52, 83, 97, 1)
(54, 83, 97, 1)
(56, 83, 97, 1)
(58, 83, 97, 1)
(60, 83, 97, 1)
(64, 83, 97, 1)
(66, 83, 97, 1)
(68, 83, 97, 1)
(70, 83, 97, 1)
(72, 83, 97, 1)
(74, 83, 97, 1)
(78, 83, 97, 1)
(80, 83, 97, 1)
(14, 84, 97, 1)
(15, 84, 97, 1)
(18, 84, 97, 1)
(22, 84, 97, 1)
(23, 84, 97, 1)
(26, 84, 97, 1)
(27, 84, 97, 1)
(30, 84, 97, 1)
(31, 84, 97, 1)
(34, 84, 97, 1)
(35, 84, 97, 1)
(38, 84, 97, 1)
(39, 84, 97, 1)
(42, 84, 97, 1)
(43, 84, 97, 1)
(46, 84, 97, 1)
(47, 84, 97, 1)
(50, 84, 97, 1)
(51, 84, 97, 1)
(54, 84, 97, 1)
(55, 84, 97, 1)
(59, 84, 97, 1)
(62, 84, 97, 1)
(63, 84, 97, 1)
(66, 84, 97, 1)
(67, 84, 97, 1)
(70, 84, 97, 1)
(74, 84, 97, 1)
(75, 84, 97, 1)
(78, 84, 97, 1)
(79, 84, 97, 1)
(82, 84, 97, 1)
(14, 85, 97, 1)
(18, 85, 97, 1)
(26, 85, 97, 1)
(30, 85, 97, 1)
(38, 85, 97, 1)
(42, 85, 97, 1)
(50, 85, 97, 1)
(54, 85, 97, 1)
(62, 85, 97, 1)
(66, 85, 97, 1)
(74, 85, 97, 1)
(78, 85, 97, 1)
(10, 86, 97, 1)
(11, 86, 97, 1)
(12, 86, 97, 1)
(13, 86, 97, 1)
(14, 86, 97, 1)
(15, 86, 97, 1)
(16, 86, 97, 1)
(17, 86, 97, 1)
(18, 86, 97, 1)
(19, 86, 97, 1)
(21, 86, 97, 1)
(22, 86, 97, 1)
(23, 86, 97, 1)
(24, 86, 97, 1)
(25, 86, 97, 1)
(26, 86, 97, 1)
(27, 86, 97, 1)
(28, 86, 97, 1)
(29, 86, 97, 1)
(30, 86, 97, 1)
(32, 86, 97, 1)
(33, 86, 97, 1)
(34, 86, 97, 1)
(35, 86, 97, 1)
(36, 86, 97, 1)
(37, 86, 97, 1)
(38, 86, 97, 1)
(39, 86, 97, 1)
(40, 86, 97, 1)
(41, 86, 97, 1)
(43, 86, 97, 1)
(44, 86, 97, 1)
(45, 86, 97, 1)
(46, 86, 97, 1)
(47, 86, 97, 1)
(48, 86, 97, 1)
(49, 86, 97, 1)
(50, 86, 97, 1)
(51, 86, 97, 1)
(52, 86, 97, 1)
(54, 86, 97, 1)
(55, 86, 97, 1)
(56, 86, 97, 1)
(57, 86, 97, 1)
(58, 86, 97, 1)
(59, 86, 97, 1)
(60, 86, 97, 1)
(61, 86, 97, 1)
(62, 86, 97, 1)
(63, 86, 97, 1)
(65, 86, 97, 1)
(66, 86, 97, 1)
(67, 86, 97, 1)
(68, 86, 97, 1)
(69, 86, 97, 1)
(70, 86, 97, 1)
(71, 86, 97, 1)
(72, 86, 97, 1)
(73, 86, 97, 1)
(74, 86, 97, 1)
(76, 86, 97, 1)
(77, 86, 97, 1)
(78, 86, 97, 1)
(79, 86, 97, 1)
(80, 86, 97, 1)
(81, 86, 97, 1)
(82, 86, 97, 1)
(83, 86, 97, 1)
(84, 86, 97, 1)
(10, 87, 97, 1)
(14, 87, 97, 1)
(16, 87, 97, 1)
(18, 87, 97, 1)
(20, 87, 97, 1)
(24, 87, 97, 1)
(26, 87, 97, 1)
(28, 87, 97, 1)
(30, 87, 97, 1)
(34, 87, 97, 1)
(36, 87, 97, 1)
(38, 87, 97, 1)
(40, 87, 97, 1)
(44, 87, 97, 1)
(46, 87, 97, 1)
(48, 87, 97, 1)
(50, 87, 97, 1)
(54, 87, 97, 1)
(56, 87, 97, 1)
(58, 87, 97, 1)
(60, 87, 97, 1)
(64, 87, 97, 1)
(66, 87, 97, 1)
(68, 87, 97, 1)
(70, 87, 97, 1)
(74, 87, 97, 1)
(76, 87, 97, 1)
(78, 87, 97, 1)
(80, 87, 97, 1)
(84, 87, 97, 1)
(11, 88, 97, 1)
(14, 88, 97, 1)
(15, 88, 97, 1)
(18, 88, 97, 1)
(23, 88, 97, 1)
(26, 88, 97, 1)
(27, 88, 97, 1)
(30, 88, 97, 1)
(35, 88, 97, 1)
(38, 88, 97, 1)
(39, 88, 97, 1)
(42, 88, 97, 1)
(47, 88, 97, 1)
(50, 88, 97, 1)
(51, 88, 97, 1)
(54, 88, 97, 1)
(59, 88, 97, 1)
(62, 88, 97, 1)
(63, 88, 97, 1)
(66, 88, 97, 1)
(71, 88, 97, 1)
(74, 88, 97, 1)
(75, 88, 97, 1)
(78, 88, 97, 1)
(83, 88, 97, 1)
(86, 88, 97, 1)
(10, 89, 97, 1)
(14, 89, 97, 1)
(18, 89, 97, 1)
(22, 89, 97, 1)
(26, 89, 97, 1)
(30, 89, 97, 1)
(34, 89, 97, 1)
(38, 89, 97, 1)
(42, 89, 97, 1)
(46, 89, 97, 1)
(50, 89, 97, 1)
(54, 89, 97, 1)
(58, 89, 97, 1)
(62, 89, 97, 1)
(66, 89, 97, 1)
(70, 89, 97, 1)
(74, 89, 97, 1)
(78, 89, 97, 1)
(82, 89, 97, 1)
(86, 89, 97, 1)
(7, 90, 97, 1)
(8, 90, 97, 1)
(9, 90, 97, 1)
(10, 90, 97, 1)
(11, 90, 97, 1)
(12, 90, 97, 1)
(14, 90, 97, 1)
(15, 90, 97, 1)
(16, 90, 97, 1)
(17, 90, 97, 1)
(18, 90, 97, 1)
(19, 90, 97, 1)
(21, 90, 97, 1)
(22, 90, 97, 1)
(23, 90, 97, 1)
(24, 90, 97, 1)
(25, 90, 97, 1)
(26, 90, 97, 1)
(28, 90, 97, 1)
(29, 90, 97, 1)
(30, 90, 97, 1)
(31, 90, 97, 1)
(32, 90, 97, 1)
(33, 90, 97, 1)
(35, 90, 97, 1)
(36, 90, 97, 1)
(37, 90, 97, 1)
(38, 90, 97, 1)
(39, 90, 97, 1)
(40, 90, 97, 1)
(42, 90, 97, 1)
(43, 90, 97, 1)
(44, 90, 97, 1)
(45, 90, 97, 1)
(46, 90, 97, 1)
(47, 90, 97, 1)
(49, 90, 97, 1)
(50, 90, 97, 1)
(51, 90, 97, 1)
(52, 90, 97, 1)
(53, 90, 97, 1)
(54, 90, 97, 1)
(56, 90, 97, 1)
(57, 90, 97, 1)
(58, 90, 97, 1)
(59, 90, 97, 1)
(60, 90, 97, 1)
(61, 90, 97, 1)
(63, 90, 97, 1)
(64, 90, 97, 1)
(65, 90, 97, 1)
(66, 90, 97, 1)
(67, 90, 97, 1)
(68, 90, 97, 1)
(70, 90, 97, 1)
(71, 90, 97, 1)
(72, 90, 97, 1)
(73, 90, 97, 1)
(74, 90, 97, 1)
(75, 90, 97, 1)
(77, 90, 97, 1)
(78, 90, 97, 1)
(79, 90, 97, 1)
(80, 90, 97, 1)
(81, 90, 97, 1)
(82, 90, 97, 1)
(84, 90, 97, 1)
(85, 90, 97, 1)
(86, 90, 97, 1)
(87, 90, 97, 1)
(88, 90, 97, 1)
(6, 91, 97, 1)
(8, 91, 97, 1)
(12, 91, 97, 1)
(14, 91, 97, 1)
(18, 91, 97, 1)
(20, 91, 97, 1)
(24, 91, 97, 1)
(26, 91, 97, 1)
(30, 91, 97, 1)
(32, 91, 97, 1)
(36, 91, 97, 1)
(38, 91, 97, 1)
(42, 91, 97, 1)
(44, 91, 97, 1)
(48, 91, 97, 1)
(50, 91, 97, 1)
(54, 91, 97, 1)
(56, 91, 97, 1)
(60, 91, 97, 1)
(62, 91, 97, 1)
(66, 91, 97, 1)
(68, 91, 97, 1)
(72, 91, 97, 1)
(74, 91, 97, 1)
(78, 91, 97, 1)
(80, 91, 97, 1)
(84, 91, 97, 1)
(86, 91, 97, 1)
(6, 92, 97, 1)
(10, 92, 97, 1)
(11, 92, 97, 1)
(14, 92, 97, 1)
(15, 92, 97, 1)
(18, 92, 97, 1)
(19, 92, 97, 1)
(23, 92, 97, 1)
(26, 92, 97, 1)
(30, 92, 97, 1)
(31, 92, 97, 1)
(34, 92, 97, 1)
(35, 92, 97, 1)
(38, 92, 97, 1)
(39, 92, 97, 1)
(43, 92, 97, 1)
(46, 92, 97, 1)
(50, 92, 97, 1)
(51, 92, 97, 1)
(54, 92, 97, 1)
(55, 92, 97, 1)
(58, 92, 97, 1)
(59, 92, 97, 1)
(63, 92, 97, 1)
(66, 92, 97, 1)
(70, 92, 97, 1)
(71, 92, 97, 1)
(74, 92, 97, 1)
(75, 92, 97, 1)
(78, 92, 97, 1)
(79, 92, 97, 1)
(83, 92, 97, 1)
(86, 92, 97, 1)
(90, 92, 97, 1)
(6, 93, 97, 1)
(10, 93, 97, 1)
(14, 93, 97, 1)
(18, 93, 97, 1)
(22, 93, 97, 1)
(26, 93, 97, 1)
(30, 93, 97, 1)
(34, 93, 97, 1)
(38, 93, 97, 1)
(42, 93, 97, 1)
(46, 93, 97, 1)
(50, 93, 97, 1)
(54, 93, 97, 1)
(58, 93, 97, 1)
(62, 93, 97, 1)
(66, 93, 97, 1)
(70, 93, 97, 1)
(74, 93, 97, 1)
(78, 93, 97, 1)
(82, 93, 97, 1)
(86, 93, 97, 1)
(90, 93, 97, 1)
(5, 94, 97, 1)
(6, 94, 97, 1)
(8, 94, 97, 1)
(9, 94, 97, 1)
(11, 94, 97, 1)
(12, 94, 97, 1)
(14, 94, 97, 1)
(15, 94, 97, 1)
(17, 94, 97, 1)
(18, 94, 97, 1)
(20, 94, 97, 1)
(21, 94, 97, 1)
(23, 94, 97, 1)
(24, 94, 97, 1)
(26, 94, 97, 1)
(27, 94, 97, 1)
(29, 94, 97, 1)
(30, 94, 97, 1)
(32, 94, 97, 1)
(33, 94, 97, 1)
(35, 94, 97, 1)
(36, 94, 97, 1)
(38, 94, 97, 1)
(39, 94, 97, 1)
(41, 94, 97, 1)
(42, 94, 97, 1)
(44, 94, 97, 1)
(45, 94, 97, 1)
(47, 94, 97, 1)
(48, 94, 97, 1)
(50, 94, 97, 1)
(51, 94, 97, 1)
(53, 94, 97, 1)
(54, 94, 97, 1)
(56, 94, 97, 1)
(57, 94, 97, 1)
(59, 94, 97, 1)
(60, 94, 97, 1)
(62, 94, 97, 1)
(63, 94, 97, 1)
(65, 94, 97, 1)
(66, 94, 97, 1)
(68, 94, 97, 1)
(69, 94, 97, 1)
(71, 94, 97, 1)
(72, 94, 97, 1)
(74, 94, 97, 1)
(75, 94, 97, 1)
(77, 94, 97, 1)
(78, 94, 97, 1)
(80, 94, 97, 1)
(81, 94, 97, 1)
(83, 94, 97, 1)
(84, 94, 97, 1)
(86, 94, 97, 1)
(87, 94, 97, 1)
(89, 94, 97, 1)
(90, 94, 97, 1)
(92, 94, 97, 1)
(48, 51, 98, 1)
(47, 52, 98, 1)
(49, 52, 98, 1)
(46, 53, 98, 1)
(45, 54, 98, 1)
(47, 54, 98, 1)
(49, 54, 98, 1)
(51, 54, 98, 1)
(44, 55, 98, 1)
(46, 55, 98, 1)
(48, 55, 98, 1)
(50, 55, 98, 1)
(52, 55, 98, 1)
(43, 56, 98, 1)
(45, 56, 98, 1)
(51, 56, 98, 1)
(42, 57, 98, 1)
(44, 57, 98, 1)
(46, 57, 98, 1)
(48, 57, 98, 1)
(50, 57, 98, 1)
(52, 57, 98, 1)
(54, 57, 98, 1)
(41, 58, 98, 1)
(45, 58, 98, 1)
(47, 58, 98, 1)
(49, 58, 98, 1)
(51, 58, 98, 1)
(55, 58, 98, 1)
(40, 59, 98, 1)
(42, 59, 98, 1)
(48, 59, 98, 1)
(52, 59, 98, 1)
(54, 59, 98, 1)
(39, 60, 98, 1)
(43, 60, 98, 1)
(45, 60, 98, 1)
(47, 60, 98, 1)
(49, 60, 98, 1)
(51, 60, 98, 1)
(53, 60, 98, 1)
(55, 60, 98, 1)
(57, 60, 98, 1)
(38, 61, 98, 1)
(40, 61, 98, 1)
(42, 61, 98, 1)
(44, 61, 98, 1)
(46, 61, 98, 1)
(48, 61, 98, 1)
(50, 61, 98, 1)
(52, 61, 98, 1)
(54, 61, 98, 1)
(56, 61, 98, 1)
(58, 61, 98, 1)
(37, 62, 98, 1)
(39, 62, 98, 1)
(43, 62, 98, 1)
(45, 62, 98, 1)
(49, 62, 98, 1)
(51, 62, 98, 1)
(55, 62, 98, 1)
(57, 62, 98, 1)
(36, 63, 98, 1)
(40, 63, 98, 1)
(44, 63, 98, 1)
(46, 63, 98, 1)
(50, 63, 98, 1)
(52, 63, 98, 1)
(54, 63, 98, 1)
(60, 63, 98, 1)
(35, 64, 98, 1)
(37, 64, 98, 1)
(39, 64, 98, 1)
(41, 64, 98, 1)
(43, 64, 98, 1)
(45, 64, 98, 1)
(49, 64, 98, 1)
(51, 64, 98, 1)
(53, 64, 98, 1)
(55, 64, 98, 1)
(57, 64, 98, 1)
(59, 64, 98, 1)
(61, 64, 98, 1)
(34, 65, 98, 1)
(36, 65, 98, 1)
(40, 65, 98, 1)
(42, 65, 98, 1)
(46, 65, 98, 1)
(48, 65, 98, 1)
(52, 65, 98, 1)
(58, 65, 98, 1)
(60, 65, 98, 1)
(33, 66, 98, 1)
(35, 66, 98, 1)
(37, 66, 98, 1)
(39, 66, 98, 1)
(41, 66, 98, 1)
(43, 66, 98, 1)
(45, 66, 98, 1)
(47, 66, 98, 1)
(49, 66, 98, 1)
(51, 66, 98, 1)
(53, 66, 98, 1)
(55, 66, 98, 1)
(57, 66, 98, 1)
(59, 66, 98, 1)
(61, 66, 98, 1)
(63, 66, 98, 1)
(32, 67, 98, 1)
(34, 67, 98, 1)
(38, 67, 98, 1)
(40, 67, 98, 1)
(42, 67, 98, 1)
(44, 67, 98, 1)
(46, 67, 98, 1)
(48, 67, 98, 1)
(50, 67, 98, 1)
(52, 67, 98, 1)
(54, 67, 98, 1)
(56, 67, 98, 1)
(58, 67, 98, 1)
(60, 67, 98, 1)
(62, 67, 98, 1)
(64, 67, 98, 1)
(31, 68, 98, 1)
(37, 68, 98, 1)
(39, 68, 98, 1)
(45, 68, 98, 1)
(49, 68, 98, 1)
(51, 68, 98, 1)
(55, 68, 98, 1)
(57, 68, 98, 1)
(61, 68, 98, 1)
(30, 69, 98, 1)
(32, 69, 98, 1)
(34, 69, 98, 1)
(36, 69, 98, 1)
(38, 69, 98, 1)
(42, 69, 98, 1)
(44, 69, 98, 1)
(46, 69, 98, 1)
(48, 69, 98, 1)
(50, 69, 98, 1)
(52, 69, 98, 1)
(54, 69, 98, 1)
(56, 69, 98, 1)
(58, 69, 98, 1)
(60, 69, 98, 1)
(62, 69, 98, 1)
(64, 69, 98, 1)
(66, 69, 98, 1)
(29, 70, 98, 1)
(31, 70, 98, 1)
(33, 70, 98, 1)
(37, 70, 98, 1)
(39, 70, 98, 1)
(41, 70, 98, 1)
(43, 70, 98, 1)
(45, 70, 98, 1)
(47, 70, 98, 1)
(51, 70, 98, 1)
(53, 70, 98, 1)
(55, 70, 98, 1)
(57, 70, 98, 1)
(59, 70, 98, 1)
(61, 70, 98, 1)
(65, 70, 98, 1)
(67, 70, 98, 1)
(28, 71, 98, 1)
(30, 71, 98, 1)
(34, 71, 98, 1)
(36, 71, 98, 1)
(40, 71, 98, 1)
(42, 71, 98, 1)
(46, 71, 98, 1)
(48, 71, 98, 1)
(52, 71, 98, 1)
(54, 71, 98, 1)
(58, 71, 98, 1)
(60, 71, 98, 1)
(64, 71, 98, 1)
(66, 71, 98, 1)
(27, 72, 98, 1)
(29, 72, 98, 1)
(31, 72, 98, 1)
(35, 72, 98, 1)
(37, 72, 98, 1)
(39, 72, 98, 1)
(41, 72, 98, 1)
(43, 72, 98, 1)
(45, 72, 98, 1)
(47, 72, 98, 1)
(49, 72, 98, 1)
(51, 72, 98, 1)
(53, 72, 98, 1)
(55, 72, 98, 1)
(57, 72, 98, 1)
(61, 72, 98, 1)
(63, 72, 98, 1)
(65, 72, 98, 1)
(67, 72, 98, 1)
(69, 72, 98, 1)
(26, 73, 98, 1)
(30, 73, 98, 1)
(32, 73, 98, 1)
(34, 73, 98, 1)
(36, 73, 98, 1)
(40, 73, 98, 1)
(42, 73, 98, 1)
(44, 73, 98, 1)
(46, 73, 98, 1)
(50, 73, 98, 1)
(52, 73, 98, 1)
(54, 73, 98, 1)
(56, 73, 98, 1)
(60, 73, 98, 1)
(62, 73, 98, 1)
(64, 73, 98, 1)
(66, 73, 98, 1)
(70, 73, 98, 1)
(25, 74, 98, 1)
(27, 74, 98, 1)
(31, 74, 98, 1)
(33, 74, 98, 1)
(37, 74, 98, 1)
(39, 74, 98, 1)
(43, 74, 98, 1)
(45, 74, 98, 1)
(49, 74, 98, 1)
(51, 74, 98, 1)
(55, 74, 98, 1)
(57, 74, 98, 1)
(61, 74, 98, 1)
(63, 74, 98, 1)
(67, 74, 98, 1)
(69, 74, 98, 1)
(24, 75, 98, 1)
(26, 75, 98, 1)
(28, 75, 98, 1)
(30, 75, 98, 1)
(32, 75, 98, 1)
(34, 75, 98, 1)
(36, 75, 98, 1)
(38, 75, 98, 1)
(40, 75, 98, 1)
(42, 75, 98, 1)
(44, 75, 98, 1)
(46, 75, 98, 1)
(48, 75, 98, 1)
(50, 75, 98, 1)
(54, 75, 98, 1)
(56, 75, 98, 1)
(58, 75, 98, 1)
(60, 75, 98, 1)
(62, 75, 98, 1)
(64, 75, 98, 1)
(66, 75, 98, 1)
(68, 75, 98, 1)
(70, 75, 98, 1)
(72, 75, 98, 1)
(23, 76, 98, 1)
(25, 76, 98, 1)
(27, 76, 98, 1)
(29, 76, 98, 1)
(31, 76, 98, 1)
(33, 76, 98, 1)
(35, 76, 98, 1)
(37, 76, 98, 1)
(39, 76, 98, 1)
(41, 76, 98, 1)
(45, 76, 98, 1)
(47, 76, 98, 1)
(49, 76, 98, 1)
(51, 76, 98, 1)
(53, 76, 98, 1)
(55, 76, 98, 1)
(57, 76, 98, 1)
(59, 76, 98, 1)
(61, 76, 98, 1)
(63, 76, 98, 1)
(67, 76, 98, 1)
(69, 76, 98, 1)
(71, 76, 98, 1)
(73, 76, 98, 1)
(22, 77, 98, 1)
(24, 77, 98, 1)
(30, 77, 98, 1)
(34, 77, 98, 1)
(36, 77, 98, 1)
(40, 77, 98, 1)
(46, 77, 98, 1)
(48, 77, 98, 1)
(52, 77, 98, 1)
(54, 77, 98, 1)
(58, 77, 98, 1)
(60, 77, 98, 1)
(64, 77, 98, 1)
(66, 77, 98, 1)
(72, 77, 98, 1)
(21, 78, 98, 1)
(25, 78, 98, 1)
(27, 78, 98, 1)
(29, 78, 98, 1)
(31, 78, 98, 1)
(35, 78, 98, 1)
(37, 78, 98, 1)
(39, 78, 98, 1)
(41, 78, 98, 1)
(45, 78, 98, 1)
(47, 78, 98, 1)
(49, 78, 98, 1)
(51, 78, 98, 1)
(55, 78, 98, 1)
(57, 78, 98, 1)
(59, 78, 98, 1)
(61, 78, 98, 1)
(65, 78, 98, 1)
(67, 78, 98, 1)
(69, 78, 98, 1)
(71, 78, 98, 1)
(75, 78, 98, 1)
(20, 79, 98, 1)
(24, 79, 98, 1)
(26, 79, 98, 1)
(28, 79, 98, 1)
(30, 79, 98, 1)
(32, 79, 98, 1)
(34, 79, 98, 1)
(36, 79, 98, 1)
(38, 79, 98, 1)
(40, 79, 98, 1)
(42, 79, 98, 1)
(44, 79, 98, 1)
(46, 79, 98, 1)
(48, 79, 98, 1)
(50, 79, 98, 1)
(52, 79, 98, 1)
(54, 79, 98, 1)
(56, 79, 98, 1)
(58, 79, 98, 1)
(62, 79, 98, 1)
(64, 79, 98, 1)
(66, 79, 98, 1)
(68, 79, 98, 1)
(70, 79, 98, 1)
(72, 79, 98, 1)
(74, 79, 98, 1)
(76, 79, 98, 1)
(19, 80, 98, 1)
(21, 80, 98, 1)
(25, 80, 98, 1)
(27, 80, 98, 1)
(31, 80, 98, 1)
(33, 80, 98, 1)
(37, 80, 98, 1)
(39, 80, 98, 1)
(43, 80, 98, 1)
(45, 80, 98, 1)
(49, 80, 98, 1)
(51, 80, 98, 1)
(55, 80, 98, 1)
(57, 80, 98, 1)
(61, 80, 98, 1)
(63, 80, 98, 1)
(67, 80, 98, 1)
(69, 80, 98, 1)
(73, 80, 98, 1)
(75, 80, 98, 1)
(18, 81, 98, 1)
(20, 81, 98, 1)
(22, 81, 98, 1)
(24, 81, 98, 1)
(26, 81, 98, 1)
(28, 81, 98, 1)
(32, 81, 98, 1)
(34, 81, 98, 1)
(36, 81, 98, 1)
(38, 81, 98, 1)
(40, 81, 98, 1)
(42, 81, 98, 1)
(44, 81, 98, 1)
(46, 81, 98, 1)
(48, 81, 98, 1)
(50, 81, 98, 1)
(52, 81, 98, 1)
(54, 81, 98, 1)
(56, 81, 98, 1)
(58, 81, 98, 1)
(60, 81, 98, 1)
(62, 81, 98, 1)
(66, 81, 98, 1)
(68, 81, 98, 1)
(70, 81, 98, 1)
(72, 81, 98, 1)
(74, 81, 98, 1)
(76, 81, 98, 1)
(78, 81, 98, 1)
(17, 82, 98, 1)
(19, 82, 98, 1)
(21, 82, 98, 1)
(23, 82, 98, 1)
(25, 82, 98, 1)
(27, 82, 98, 1)
(29, 82, 98, 1)
(31, 82, 98, 1)
(33, 82, 98, 1)
(35, 82, 98, 1)
(37, 82, 98, 1)
(39, 82, 98, 1)
(41, 82, 98, 1)
(43, 82, 98, 1)
(45, 82, 98, 1)
(47, 82, 98, 1)
(49, 82, 98, 1)
(51, 82, 98, 1)
(53, 82, 98, 1)
(55, 82, 98, 1)
(57, 82, 98, 1)
(59, 82, 98, 1)
(61, 82, 98, 1)
(63, 82, 98, 1)
(65, 82, 98, 1)
(67, 82, 98, 1)
(69, 82, 98, 1)
(71, 82, 98, 1)
(73, 82, 98, 1)
(75, 82, 98, 1)
(77, 82, 98, 1)
(79, 82, 98, 1)
(16, 83, 98, 1)
(22, 83, 98, 1)
(24, 83, 98, 1)
(30, 83, 98, 1)
(34, 83, 98, 1)
(36, 83, 98, 1)
(40, 83, 98, 1)
(42, 83, 98, 1)
(46, 83, 98, 1)
(52, 83, 98, 1)
(54, 83, 98, 1)
(60, 83, 98, 1)
(64, 83, 98, 1)
(66, 83, 98, 1)
(70, 83, 98, 1)
(72, 83, 98, 1)
(76, 83, 98, 1)
(15, 84, 98, 1)
(17, 84, 98, 1)
(19, 84, 98, 1)
(23, 84, 98, 1)
(25, 84, 98, 1)
(27, 84, 98, 1)
(29, 84, 98, 1)
(31, 84, 98, 1)
(33, 84, 98, 1)
(37, 84, 98, 1)
(39, 84, 98, 1)
(41, 84, 98, 1)
(43, 84, 98, 1)
(45, 84, 98, 1)
(47, 84, 98, 1)
(51, 84, 98, 1)
(53, 84, 98, 1)
(55, 84, 98, 1)
(57, 84, 98, 1)
(59, 84, 98, 1)
(61, 84, 98, 1)
(65, 84, 98, 1)
(67, 84, 98, 1)
(69, 84, 98, 1)
(71, 84, 98, 1)
(73, 84, 98, 1)
(75, 84, 98, 1)
(79, 84, 98, 1)
(81, 84, 98, 1)
(14, 85, 98, 1)
(16, 85, 98, 1)
(18, 85, 98, 1)
(22, 85, 98, 1)
(24, 85, 98, 1)
(26, 85, 98, 1)
(28, 85, 98, 1)
(30, 85, 98, 1)
(32, 85, 98, 1)
(34, 85, 98, 1)
(36, 85, 98, 1)
(38, 85, 98, 1)
(40, 85, 98, 1)
(42, 85, 98, 1)
(44, 85, 98, 1)
(48, 85, 98, 1)
(50, 85, 98, 1)
(52, 85, 98, 1)
(54, 85, 98, 1)
(56, 85, 98, 1)
(58, 85, 98, 1)
(60, 85, 98, 1)
(62, 85, 98, 1)
(64, 85, 98, 1)
(66, 85, 98, 1)
(68, 85, 98, 1)
(70, 85, 98, 1)
(74, 85, 98, 1)
(76, 85, 98, 1)
(78, 85, 98, 1)
(80, 85, 98, 1)
(82, 85, 98, 1)
(13, 86, 98, 1)
(15, 86, 98, 1)
(19, 86, 98, 1)
(21, 86, 98, 1)
(25, 86, 98, 1)
(27, 86, 98, 1)
(31, 86, 98, 1)
(33, 86, 98, 1)
(37, 86, 98, 1)
(39, 86, 98, 1)
(43, 86, 98, 1)
(45, 86, 98, 1)
(49, 86, 98, 1)
(51, 86, 98, 1)
(55, 86, 98, 1)
(57, 86, 98, 1)
(61, 86, 98, 1)
(63, 86, 98, 1)
(67, 86, 98, 1)
(69, 86, 98, 1)
(73, 86, 98, 1)
(75, 86, 98, 1)
(79, 86, 98, 1)
(81, 86, 98, 1)
(12, 87, 98, 1)
(14, 87, 98, 1)
(16, 87, 98, 1)
(18, 87, 98, 1)
(20, 87, 98, 1)
(22, 87, 98, 1)
(24, 87, 98, 1)
(26, 87, 98, 1)
(28, 87, 98, 1)
(30, 87, 98, 1)
(34, 87, 98, 1)
(36, 87, 98, 1)
(38, 87, 98, 1)
(40, 87, 98, 1)
(42, 87, 98, 1)
(44, 87, 98, 1)
(46, 87, 98, 1)
(48, 87, 98, 1)
(50, 87, 98, 1)
(52, 87, 98, 1)
(56, 87, 98, 1)
(58, 87, 98, 1)
(60, 87, 98, 1)
(62, 87, 98, 1)
(64, 87, 98, 1)
(66, 87, 98, 1)
(68, 87, 98, 1)
(70, 87, 98, 1)
(72, 87, 98, 1)
(74, 87, 98, 1)
(78, 87, 98, 1)
(80, 87, 98, 1)
(82, 87, 98, 1)
(84, 87, 98, 1)
(11, 88, 98, 1)
(15, 88, 98, 1)
(17, 88, 98, 1)
(19, 88, 98, 1)
(21, 88, 98, 1)
(25, 88, 98, 1)
(27, 88, 98, 1)
(29, 88, 98, 1)
(31, 88, 98, 1)
(35, 88, 98, 1)
(37, 88, 98, 1)
(39, 88, 98, 1)
(41, 88, 98, 1)
(45, 88, 98, 1)
(47, 88, 98, 1)
(49, 88, 98, 1)
(51, 88, 98, 1)
(55, 88, 98, 1)
(57, 88, 98, 1)
(59, 88, 98, 1)
(61, 88, 98, 1)
(65, 88, 98, 1)
(67, 88, 98, 1)
(69, 88, 98, 1)
(71, 88, 98, 1)
(75, 88, 98, 1)
(77, 88, 98, 1)
(79, 88, 98, 1)
(81, 88, 98, 1)
(85, 88, 98, 1)
(10, 89, 98, 1)
(12, 89, 98, 1)
(16, 89, 98, 1)
(18, 89, 98, 1)
(22, 89, 98, 1)
(24, 89, 98, 1)
(28, 89, 98, 1)
(30, 89, 98, 1)
(34, 89, 98, 1)
(36, 89, 98, 1)
(40, 89, 98, 1)
(42, 89, 98, 1)
(46, 89, 98, 1)
(48, 89, 98, 1)
(52, 89, 98, 1)
(54, 89, 98, 1)
(58, 89, 98, 1)
(60, 89, 98, 1)
(64, 89, 98, 1)
(66, 89, 98, 1)
(70, 89, 98, 1)
(72, 89, 98, 1)
(76, 89, 98, 1)
(78, 89, 98, 1)
(82, 89, 98, 1)
(84, 89, 98, 1)
(9, 90, 98, 1)
(11, 90, 98, 1)
(13, 90, 98, 1)
(15, 90, 98, 1)
(17, 90, 98, 1)
(19, 90, 98, 1)
(21, 90, 98, 1)
(23, 90, 98, 1)
(25, 90, 98, 1)
(27, 90, 98, 1)
(29, 90, 98, 1)
(31, 90, 98, 1)
(33, 90, 98, 1)
(35, 90, 98, 1)
(37, 90, 98, 1)
(39, 90, 98, 1)
(41, 90, 98, 1)
(43, 90, 98, 1)
(45, 90, 98, 1)
(47, 90, 98, 1)
(49, 90, 98, 1)
(51, 90, 98, 1)
(53, 90, 98, 1)
(55, 90, 98, 1)
(57, 90, 98, 1)
(59, 90, 98, 1)
(61, 90, 98, 1)
(63, 90, 98, 1)
(65, 90, 98, 1)
(67, 90, 98, 1)
(69, 90, 98, 1)
(71, 90, 98, 1)
(73, 90, 98, 1)
(75, 90, 98, 1)
(77, 90, 98, 1)
(79, 90, 98, 1)
(81, 90, 98, 1)
(83, 90, 98, 1)
(85, 90, 98, 1)
(87, 90, 98, 1)
(8, 91, 98, 1)
(10, 91, 98, 1)
(12, 91, 98, 1)
(16, 91, 98, 1)
(18, 91, 98, 1)
(20, 91, 98, 1)
(22, 91, 98, 1)
(24, 91, 98, 1)
(26, 91, 98, 1)
(30, 91, 98, 1)
(32, 91, 98, 1)
(34, 91, 98, 1)
(36, 91, 98, 1)
(38, 91, 98, 1)
(40, 91, 98, 1)
(44, 91, 98, 1)
(46, 91, 98, 1)
(48, 91, 98, 1)
(50, 91, 98, 1)
(52, 91, 98, 1)
(54, 91, 98, 1)
(58, 91, 98, 1)
(60, 91, 98, 1)
(62, 91, 98, 1)
(64, 91, 98, 1)
(66, 91, 98, 1)
(68, 91, 98, 1)
(72, 91, 98, 1)
(74, 91, 98, 1)
(76, 91, 98, 1)
(78, 91, 98, 1)
(80, 91, 98, 1)
(82, 91, 98, 1)
(86, 91, 98, 1)
(88, 91, 98, 1)
(7, 92, 98, 1)
(9, 92, 98, 1)
(13, 92, 98, 1)
(15, 92, 98, 1)
(19, 92, 98, 1)
(21, 92, 98, 1)
(25, 92, 98, 1)
(27, 92, 98, 1)
(31, 92, 98, 1)
(33, 92, 98, 1)
(37, 92, 98, 1)
(39, 92, 98, 1)
(43, 92, 98, 1)
(45, 92, 98, 1)
(49, 92, 98, 1)
(51, 92, 98, 1)
(55, 92, 98, 1)
(57, 92, 98, 1)
(61, 92, 98, 1)
(63, 92, 98, 1)
(67, 92, 98, 1)
(69, 92, 98, 1)
(73, 92, 98, 1)
(75, 92, 98, 1)
(79, 92, 98, 1)
(81, 92, 98, 1)
(85, 92, 98, 1)
(87, 92, 98, 1)
(6, 93, 98, 1)
(10, 93, 98, 1)
(12, 93, 98, 1)
(14, 93, 98, 1)
(16, 93, 98, 1)
(20, 93, 98, 1)
(22, 93, 98, 1)
(24, 93, 98, 1)
(26, 93, 98, 1)
(30, 93, 98, 1)
(32, 93, 98, 1)
(34, 93, 98, 1)
(36, 93, 98, 1)
(40, 93, 98, 1)
(42, 93, 98, 1)
(44, 93, 98, 1)
(46, 93, 98, 1)
(50, 93, 98, 1)
(52, 93, 98, 1)
(54, 93, 98, 1)
(56, 93, 98, 1)
(60, 93, 98, 1)
(62, 93, 98, 1)
(64, 93, 98, 1)
(66, 93, 98, 1)
(70, 93, 98, 1)
(72, 93, 98, 1)
(74, 93, 98, 1)
(76, 93, 98, 1)
(80, 93, 98, 1)
(82, 93, 98, 1)
(84, 93, 98, 1)
(86, 93, 98, 1)
(90, 93, 98, 1)
(5, 94, 98, 1)
(7, 94, 98, 1)
(9, 94, 98, 1)
(11, 94, 98, 1)
(13, 94, 98, 1)
(15, 94, 98, 1)
(17, 94, 98, 1)
(19, 94, 98, 1)
(21, 94, 98, 1)
(23, 94, 98, 1)
(25, 94, 98, 1)
(27, 94, 98, 1)
(29, 94, 98, 1)
(31, 94, 98, 1)
(33, 94, 98, 1)
(35, 94, 98, 1)
(37, 94, 98, 1)
(39, 94, 98, 1)
(41, 94, 98, 1)
(43, 94, 98, 1)
(45, 94, 98, 1)
(47, 94, 98, 1)
(49, 94, 98, 1)
(51, 94, 98, 1)
(53, 94, 98, 1)
(55, 94, 98, 1)
(57, 94, 98, 1)
(59, 94, 98, 1)
(61, 94, 98, 1)
(63, 94, 98, 1)
(65, 94, 98, 1)
(67, 94, 98, 1)
(69, 94, 98, 1)
(71, 94, 98, 1)
(73, 94, 98, 1)
(75, 94, 98, 1)
(77, 94, 98, 1)
(79, 94, 98, 1)
(81, 94, 98, 1)
(83, 94, 98, 1)
(85, 94, 98, 1)
(87, 94, 98, 1)
(89, 94, 98, 1)
(91, 94, 98, 1)
(4, 95, 98, 1)
(6, 95, 98, 1)
(10, 95, 98, 1)
(12, 95, 98, 1)
(16, 95, 98, 1)
(18, 95, 98, 1)
(22, 95, 98, 1)
(24, 95, 98, 1)
(28, 95, 98, 1)
(30, 95, 98, 1)
(34, 95, 98, 1)
(36, 95, 98, 1)
(40, 95, 98, 1)
(42, 95, 98, 1)
(46, 95, 98, 1)
(48, 95, 98, 1)
(52, 95, 98, 1)
(54, 95, 98, 1)
(58, 95, 98, 1)
(60, 95, 98, 1)
(64, 95, 98, 1)
(66, 95, 98, 1)
(70, 95, 98, 1)
(72, 95, 98, 1)
(76, 95, 98, 1)
(78, 95, 98, 1)
(82, 95, 98, 1)
(84, 95, 98, 1)
(88, 95, 98, 1)
(90, 95, 98, 1)
(48, 50, 99, 1)
(46, 52, 99, 1)
(47, 52, 99, 1)
(48, 52, 99, 1)
(49, 52, 99, 1)
(50, 52, 99, 1)
(46, 53, 99, 1)
(48, 53, 99, 1)
(50, 53, 99, 1)
(46, 54, 99, 1)
(47, 54, 99, 1)
(50, 54, 99, 1)
(52, 54, 99, 1)
(46, 55, 99, 1)
(48, 55, 99, 1)
(50, 55, 99, 1)
(52, 55, 99, 1)
(42, 56, 99, 1)
(43, 56, 99, 1)
(44, 56, 99, 1)
(45, 56, 99, 1)
(46, 56, 99, 1)
(47, 56, 99, 1)
(48, 56, 99, 1)
(49, 56, 99, 1)
(50, 56, 99, 1)
(51, 56, 99, 1)
(52, 56, 99, 1)
(53, 56, 99, 1)
(54, 56, 99, 1)
(44, 57, 99, 1)
(46, 57, 99, 1)
(52, 57, 99, 1)
(40, 58, 99, 1)
(41, 58, 99, 1)
(42, 58, 99, 1)
(43, 58, 99, 1)
(44, 58, 99, 1)
(45, 58, 99, 1)
(46, 58, 99, 1)
(47, 58, 99, 1)
(48, 58, 99, 1)
(49, 58, 99, 1)
(50, 58, 99, 1)
(51, 58, 99, 1)
(52, 58, 99, 1)
(53, 58, 99, 1)
(54, 58, 99, 1)
(55, 58, 99, 1)
(56, 58, 99, 1)
(40, 59, 99, 1)
(42, 59, 99, 1)
(46, 59, 99, 1)
(48, 59, 99, 1)
(50, 59, 99, 1)
(52, 59, 99, 1)
(56, 59, 99, 1)
(38, 60, 99, 1)
(40, 60, 99, 1)
(41, 60, 99, 1)
(43, 60, 99, 1)
(44, 60, 99, 1)
(46, 60, 99, 1)
(49, 60, 99, 1)
(50, 60, 99, 1)
(52, 60, 99, 1)
(53, 60, 99, 1)
(55, 60, 99, 1)
(56, 60, 99, 1)
(58, 60, 99, 1)
(38, 61, 99, 1)
(40, 61, 99, 1)
(44, 61, 99, 1)
(46, 61, 99, 1)
(48, 61, 99, 1)
(50, 61, 99, 1)
(52, 61, 99, 1)
(54, 61, 99, 1)
(56, 61, 99, 1)
(58, 61, 99, 1)
(36, 62, 99, 1)
(37, 62, 99, 1)
(38, 62, 99, 1)
(39, 62, 99, 1)
(40, 62, 99, 1)
(41, 62, 99, 1)
(42, 62, 99, 1)
(43, 62, 99, 1)
(44, 62, 99, 1)
(45, 62, 99, 1)
(46, 62, 99, 1)
(47, 62, 99, 1)
(48, 62, 99, 1)
(49, 62, 99, 1)
(50, 62, 99, 1)
(51, 62, 99, 1)
(52, 62, 99, 1)
(53, 62, 99, 1)
(54, 62, 99, 1)
(55, 62, 99, 1)
(56, 62, 99, 1)
(57, 62, 99, 1)
(58, 62, 99, 1)
(59, 62, 99, 1)
(60, 62, 99, 1)
(38, 63, 99, 1)
(40, 63, 99, 1)
(44, 63, 99, 1)
(46, 63, 99, 1)
(50, 63, 99, 1)
(52, 63, 99, 1)
(56, 63, 99, 1)
(58, 63, 99, 1)
(35, 64, 99, 1)
(37, 64, 99, 1)
(38, 64, 99, 1)
(40, 64, 99, 1)
(41, 64, 99, 1)
(42, 64, 99, 1)
(45, 64, 99, 1)
(46, 64, 99, 1)
(47, 64, 99, 1)
(48, 64, 99, 1)
(51, 64, 99, 1)
(52, 64, 99, 1)
(53, 64, 99, 1)
(55, 64, 99, 1)
(56, 64, 99, 1)
(58, 64, 99, 1)
(60, 64, 99, 1)
(61, 64, 99, 1)
(62, 64, 99, 1)
(34, 65, 99, 1)
(36, 65, 99, 1)
(38, 65, 99, 1)
(40, 65, 99, 1)
(42, 65, 99, 1)
(44, 65, 99, 1)
(46, 65, 99, 1)
(50, 65, 99, 1)
(52, 65, 99, 1)
(54, 65, 99, 1)
(56, 65, 99, 1)
(58, 65, 99, 1)
(60, 65, 99, 1)
(62, 65, 99, 1)
(34, 66, 99, 1)
(35, 66, 99, 1)
(37, 66, 99, 1)
(38, 66, 99, 1)
(40, 66, 99, 1)
(41, 66, 99, 1)
(43, 66, 99, 1)
(46, 66, 99, 1)
(47, 66, 99, 1)
(49, 66, 99, 1)
(50, 66, 99, 1)
(52, 66, 99, 1)
(53, 66, 99, 1)
(56, 66, 99, 1)
(58, 66, 99, 1)
(59, 66, 99, 1)
(61, 66, 99, 1)
(62, 66, 99, 1)
(64, 66, 99, 1)
(32, 67, 99, 1)
(34, 67, 99, 1)
(36, 67, 99, 1)
(38, 67, 99, 1)
(40, 67, 99, 1)
(42, 67, 99, 1)
(44, 67, 99, 1)
(46, 67, 99, 1)
(48, 67, 99, 1)
(50, 67, 99, 1)
(52, 67, 99, 1)
(54, 67, 99, 1)
(56, 67, 99, 1)
(58, 67, 99, 1)
(60, 67, 99, 1)
(62, 67, 99, 1)
(64, 67, 99, 1)
(30, 68, 99, 1)
(31, 68, 99, 1)
(32, 68, 99, 1)
(33, 68, 99, 1)
(34, 68, 99, 1)
(35, 68, 99, 1)
(36, 68, 99, 1)
(38, 68, 99, 1)
(39, 68, 99, 1)
(40, 68, 99, 1)
(41, 68, 99, 1)
(42, 68, 99, 1)
(43, 68, 99, 1)
(44, 68, 99, 1)
(45, 68, 99, 1)
(46, 68, 99, 1)
(47, 68, 99, 1)
(48, 68, 99, 1)
(49, 68, 99, 1)
(50, 68, 99, 1)
(51, 68, 99, 1)
(52, 68, 99, 1)
(53, 68, 99, 1)
(54, 68, 99, 1)
(55, 68, 99, 1)
(56, 68, 99, 1)
(57, 68, 99, 1)
(58, 68, 99, 1)
(59, 68, 99, 1)
(60, 68, 99, 1)
(61, 68, 99, 1)
(62, 68, 99, 1)
(63, 68, 99, 1)
(64, 68, 99, 1)
(65, 68, 99, 1)
(66, 68, 99, 1)
(32, 69, 99, 1)
(38, 69, 99, 1)
(40, 69, 99, 1)
(46, 69, 99, 1)
(50, 69, 99, 1)
(52, 69, 99, 1)
(56, 69, 99, 1)
(58, 69, 99, 1)
(62, 69, 99, 1)
(28, 70, 99, 1)
(29, 70, 99, 1)
(30, 70, 99, 1)
(31, 70, 99, 1)
(32, 70, 99, 1)
(33, 70, 99, 1)
(34, 70, 99, 1)
(35, 70, 99, 1)
(36, 70, 99, 1)
(37, 70, 99, 1)
(38, 70, 99, 1)
(39, 70, 99, 1)
(40, 70, 99, 1)
(42, 70, 99, 1)
(43, 70, 99, 1)
(44, 70, 99, 1)
(45, 70, 99, 1)
(46, 70, 99, 1)
(47, 70, 99, 1)
(48, 70, 99, 1)
(49, 70, 99, 1)
(50, 70, 99, 1)
(51, 70, 99, 1)
(52, 70, 99, 1)
(53, 70, 99, 1)
(54, 70, 99, 1)
(55, 70, 99, 1)
(56, 70, 99, 1)
(57, 70, 99, 1)
(58, 70, 99, 1)
(59, 70, 99, 1)
(60, 70, 99, 1)
(61, 70, 99, 1)
(62, 70, 99, 1)
(63, 70, 99, 1)
(64, 70, 99, 1)
(65, 70, 99, 1)
(66, 70, 99, 1)
(67, 70, 99, 1)
(68, 70, 99, 1)
(28, 71, 99, 1)
(30, 71, 99, 1)
(32, 71, 99, 1)
(34, 71, 99, 1)
(38, 71, 99, 1)
(40, 71, 99, 1)
(42, 71, 99, 1)
(44, 71, 99, 1)
(46, 71, 99, 1)
(48, 71, 99, 1)
(52, 71, 99, 1)
(54, 71, 99, 1)
(56, 71, 99, 1)
(58, 71, 99, 1)
(60, 71, 99, 1)
(62, 71, 99, 1)
(66, 71, 99, 1)
(68, 71, 99, 1)
(26, 72, 99, 1)
(28, 72, 99, 1)
(29, 72, 99, 1)
(31, 72, 99, 1)
(32, 72, 99, 1)
(34, 72, 99, 1)
(35, 72, 99, 1)
(37, 72, 99, 1)
(38, 72, 99, 1)
(40, 72, 99, 1)
(41, 72, 99, 1)
(43, 72, 99, 1)
(44, 72, 99, 1)
(46, 72, 99, 1)
(47, 72, 99, 1)
(49, 72, 99, 1)
(50, 72, 99, 1)
(52, 72, 99, 1)
(53, 72, 99, 1)
(55, 72, 99, 1)
(56, 72, 99, 1)
(58, 72, 99, 1)
(59, 72, 99, 1)
(61, 72, 99, 1)
(62, 72, 99, 1)
(64, 72, 99, 1)
(65, 72, 99, 1)
(67, 72, 99, 1)
(68, 72, 99, 1)
(70, 72, 99, 1)
(26, 73, 99, 1)
(28, 73, 99, 1)
(30, 73, 99, 1)
(32, 73, 99, 1)
(36, 73, 99, 1)
(38, 73, 99, 1)
(40, 73, 99, 1)
(42, 73, 99, 1)
(44, 73, 99, 1)
(46, 73, 99, 1)
(48, 73, 99, 1)
(50, 73, 99, 1)
(52, 73, 99, 1)
(54, 73, 99, 1)
(56, 73, 99, 1)
(58, 73, 99, 1)
(62, 73, 99, 1)
(64, 73, 99, 1)
(66, 73, 99, 1)
(68, 73, 99, 1)
(70, 73, 99, 1)
(25, 74, 99, 1)
(26, 74, 99, 1)
(27, 74, 99, 1)
(28, 74, 99, 1)
(30, 74, 99, 1)
(31, 74, 99, 1)
(32, 74, 99, 1)
(33, 74, 99, 1)
(35, 74, 99, 1)
(36, 74, 99, 1)
(37, 74, 99, 1)
(38, 74, 99, 1)
(40, 74, 99, 1)
(41, 74, 99, 1)
(42, 74, 99, 1)
(43, 74, 99, 1)
(45, 74, 99, 1)
(46, 74, 99, 1)
(47, 74, 99, 1)
(48, 74, 99, 1)
(50, 74, 99, 1)
(51, 74, 99, 1)
(52, 74, 99, 1)
(53, 74, 99, 1)
(55, 74, 99, 1)
(56, 74, 99, 1)
(57, 74, 99, 1)
(58, 74, 99, 1)
(60, 74, 99, 1)
(61, 74, 99, 1)
(62, 74, 99, 1)
(63, 74, 99, 1)
(65, 74, 99, 1)
(66, 74, 99, 1)
(67, 74, 99, 1)
(68, 74, 99, 1)
(70, 74, 99, 1)
(71, 74, 99, 1)
(72, 74, 99, 1)
(26, 75, 99, 1)
(28, 75, 99, 1)
(32, 75, 99, 1)
(34, 75, 99, 1)
(38, 75, 99, 1)
(40, 75, 99, 1)
(44, 75, 99, 1)
(46, 75, 99, 1)
(50, 75, 99, 1)
(52, 75, 99, 1)
(56, 75, 99, 1)
(58, 75, 99, 1)
(62, 75, 99, 1)
(64, 75, 99, 1)
(68, 75, 99, 1)
(70, 75, 99, 1)
(22, 76, 99, 1)
(23, 76, 99, 1)
(24, 76, 99, 1)
(25, 76, 99, 1)
(26, 76, 99, 1)
(27, 76, 99, 1)
(28, 76, 99, 1)
(29, 76, 99, 1)
(31, 76, 99, 1)
(32, 76, 99, 1)
(33, 76, 99, 1)
(34, 76, 99, 1)
(35, 76, 99, 1)
(36, 76, 99, 1)
(37, 76, 99, 1)
(38, 76, 99, 1)
(39, 76, 99, 1)
(40, 76, 99, 1)
(41, 76, 99, 1)
(42, 76, 99, 1)
(43, 76, 99, 1)
(44, 76, 99, 1)
(45, 76, 99, 1)
(46, 76, 99, 1)
(47, 76, 99, 1)
(48, 76, 99, 1)
(49, 76, 99, 1)
(50, 76, 99, 1)
(51, 76, 99, 1)
(52, 76, 99, 1)
(54, 76, 99, 1)
(55, 76, 99, 1)
(56, 76, 99, 1)
(57, 76, 99, 1)
(58, 76, 99, 1)
(59, 76, 99, 1)
(60, 76, 99, 1)
(61, 76, 99, 1)
(62, 76, 99, 1)
(63, 76, 99, 1)
(64, 76, 99, 1)
(65, 76, 99, 1)
(66, 76, 99, 1)
(67, 76, 99, 1)
(68, 76, 99, 1)
(69, 76, 99, 1)
(70, 76, 99, 1)
(71, 76, 99, 1)
(72, 76, 99, 1)
(73, 76, 99, 1)
(74, 76, 99, 1)
(24, 77, 99, 1)
(26, 77, 99, 1)
(28, 77, 99, 1)
(30, 77, 99, 1)
(32, 77, 99, 1)
(34, 77, 99, 1)
(36, 77, 99, 1)
(38, 77, 99, 1)
(40, 77, 99, 1)
(42, 77, 99, 1)
(46, 77, 99, 1)
(48, 77, 99, 1)
(50, 77, 99, 1)
(52, 77, 99, 1)
(54, 77, 99, 1)
(56, 77, 99, 1)
(58, 77, 99, 1)
(60, 77, 99, 1)
(62, 77, 99, 1)
(64, 77, 99, 1)
(68, 77, 99, 1)
(70, 77, 99, 1)
(72, 77, 99, 1)
(74, 77, 99, 1)
(20, 78, 99, 1)
(23, 78, 99, 1)
(25, 78, 99, 1)
(26, 78, 99, 1)
(28, 78, 99, 1)
(31, 78, 99, 1)
(32, 78, 99, 1)
(34, 78, 99, 1)
(35, 78, 99, 1)
(37, 78, 99, 1)
(38, 78, 99, 1)
(40, 78, 99, 1)
(41, 78, 99, 1)
(44, 78, 99, 1)
(46, 78, 99, 1)
(47, 78, 99, 1)
(49, 78, 99, 1)
(52, 78, 99, 1)
(53, 78, 99, 1)
(55, 78, 99, 1)
(56, 78, 99, 1)
(58, 78, 99, 1)
(59, 78, 99, 1)
(61, 78, 99, 1)
(62, 78, 99, 1)
(65, 78, 99, 1)
(67, 78, 99, 1)
(68, 78, 99, 1)
(70, 78, 99, 1)
(73, 78, 99, 1)
(74, 78, 99, 1)
(76, 78, 99, 1)
(20, 79, 99, 1)
(22, 79, 99, 1)
(26, 79, 99, 1)
(28, 79, 99, 1)
(30, 79, 99, 1)
(32, 79, 99, 1)
(36, 79, 99, 1)
(38, 79, 99, 1)
(40, 79, 99, 1)
(42, 79, 99, 1)
(46, 79, 99, 1)
(48, 79, 99, 1)
(50, 79, 99, 1)
(52, 79, 99, 1)
(56, 79, 99, 1)
(58, 79, 99, 1)
(60, 79, 99, 1)
(62, 79, 99, 1)
(66, 79, 99, 1)
(68, 79, 99, 1)
(70, 79, 99, 1)
(72, 79, 99, 1)
(76, 79, 99, 1)
(18, 80, 99, 1)
(19, 80, 99, 1)
(20, 80, 99, 1)
(21, 80, 99, 1)
(22, 80, 99, 1)
(24, 80, 99, 1)
(25, 80, 99, 1)
(26, 80, 99, 1)
(27, 80, 99, 1)
(28, 80, 99, 1)
(29, 80, 99, 1)
(30, 80, 99, 1)
(31, 80, 99, 1)
(32, 80, 99, 1)
(33, 80, 99, 1)
(34, 80, 99, 1)
(35, 80, 99, 1)
(36, 80, 99, 1)
(37, 80, 99, 1)
(38, 80, 99, 1)
(39, 80, 99, 1)
(40, 80, 99, 1)
(41, 80, 99, 1)
(43, 80, 99, 1)
(44, 80, 99, 1)
(45, 80, 99, 1)
(46, 80, 99, 1)
(47, 80, 99, 1)
(48, 80, 99, 1)
(49, 80, 99, 1)
(50, 80, 99, 1)
(51, 80, 99, 1)
(52, 80, 99, 1)
(53, 80, 99, 1)
(54, 80, 99, 1)
(55, 80, 99, 1)
(56, 80, 99, 1)
(57, 80, 99, 1)
(58, 80, 99, 1)
(59, 80, 99, 1)
(60, 80, 99, 1)
(62, 80, 99, 1)
(63, 80, 99, 1)
(64, 80, 99, 1)
(65, 80, 99, 1)
(66, 80, 99, 1)
(67, 80, 99, 1)
(68, 80, 99, 1)
(69, 80, 99, 1)
(70, 80, 99, 1)
(71, 80, 99, 1)
(72, 80, 99, 1)
(73, 80, 99, 1)
(74, 80, 99, 1)
(75, 80, 99, 1)
(76, 80, 99, 1)
(77, 80, 99, 1)
(78, 80, 99, 1)
(20, 81, 99, 1)
(22, 81, 99, 1)
(26, 81, 99, 1)
(28, 81, 99, 1)
(32, 81, 99, 1)
(34, 81, 99, 1)
(38, 81, 99, 1)
(40, 81, 99, 1)
(44, 81, 99, 1)
(46, 81, 99, 1)
(50, 81, 99, 1)
(52, 81, 99, 1)
(56, 81, 99, 1)
(58, 81, 99, 1)
(62, 81, 99, 1)
(64, 81, 99, 1)
(68, 81, 99, 1)
(70, 81, 99, 1)
(74, 81, 99, 1)
(76, 81, 99, 1)
(16, 82, 99, 1)
(17, 82, 99, 1)
(18, 82, 99, 1)
(19, 82, 99, 1)
(20, 82, 99, 1)
(21, 82, 99, 1)
(22, 82, 99, 1)
(23, 82, 99, 1)
(24, 82, 99, 1)
(25, 82, 99, 1)
(26, 82, 99, 1)
(27, 82, 99, 1)
(28, 82, 99, 1)
(29, 82, 99, 1)
(30, 82, 99, 1)
(32, 82, 99, 1)
(33, 82, 99, 1)
(34, 82, 99, 1)
(35, 82, 99, 1)
(36, 82, 99, 1)
(37, 82, 99, 1)
(38, 82, 99, 1)
(39, 82, 99, 1)
(40, 82, 99, 1)
(41, 82, 99, 1)
(42, 82, 99, 1)
(43, 82, 99, 1)
(44, 82, 99, 1)
(45, 82, 99, 1)
(46, 82, 99, 1)
(47, 82, 99, 1)
(49, 82, 99, 1)
(50, 82, 99, 1)
(51, 82, 99, 1)
(52, 82, 99, 1)
(53, 82, 99, 1)
(54, 82, 99, 1)
(55, 82, 99, 1)
(56, 82, 99, 1)
(57, 82, 99, 1)
(58, 82, 99, 1)
(59, 82, 99, 1)
(60, 82, 99, 1)
(61, 82, 99, 1)
(62, 82, 99, 1)
(63, 82, 99, 1)
(64, 82, 99, 1)
(66, 82, 99, 1)
(67, 82, 99, 1)
(68, 82, 99, 1)
(69, 82, 99, 1)
(70, 82, 99, 1)
(71, 82, 99, 1)
(72, 82, 99, 1)
(73, 82, 99, 1)
(74, 82, 99, 1)
(75, 82, 99, 1)
(76, 82, 99, 1)
(77, 82, 99, 1)
(78, 82, 99, 1)
(79, 82, 99, 1)
(80, 82, 99, 1)
(16, 83, 99, 1)
(18, 83, 99, 1)
(20, 83, 99, 1)
(22, 83, 99, 1)
(24, 83, 99, 1)
(26, 83, 99, 1)
(28, 83, 99, 1)
(30, 83, 99, 1)
(32, 83, 99, 1)
(34, 83, 99, 1)
(36, 83, 99, 1)
(38, 83, 99, 1)
(40, 83, 99, 1)
(42, 83, 99, 1)
(44, 83, 99, 1)
(46, 83, 99, 1)
(48, 83, 99, 1)
(50, 83, 99, 1)
(52, 83, 99, 1)
(54, 83, 99, 1)
(56, 83, 99, 1)
(58, 83, 99, 1)
(60, 83, 99, 1)
(62, 83, 99, 1)
(64, 83, 99, 1)
(66, 83, 99, 1)
(68, 83, 99, 1)
(70, 83, 99, 1)
(72, 83, 99, 1)
(74, 83, 99, 1)
(76, 83, 99, 1)
(78, 83, 99, 1)
(80, 83, 99, 1)
(16, 84, 99, 1)
(17, 84, 99, 1)
(20, 84, 99, 1)
(22, 84, 99, 1)
(23, 84, 99, 1)
(25, 84, 99, 1)
(26, 84, 99, 1)
(28, 84, 99, 1)
(31, 84, 99, 1)
(32, 84, 99, 1)
(35, 84, 99, 1)
(37, 84, 99, 1)
(38, 84, 99, 1)
(40, 84, 99, 1)
(41, 84, 99, 1)
(43, 84, 99, 1)
(46, 84, 99, 1)
(47, 84, 99, 1)
(50, 84, 99, 1)
(52, 84, 99, 1)
(53, 84, 99, 1)
(55, 84, 99, 1)
(56, 84, 99, 1)
(58, 84, 99, 1)
(61, 84, 99, 1)
(62, 84, 99, 1)
(65, 84, 99, 1)
(67, 84, 99, 1)
(68, 84, 99, 1)
(70, 84, 99, 1)
(71, 84, 99, 1)
(73, 84, 99, 1)
(76, 84, 99, 1)
(77, 84, 99, 1)
(80, 84, 99, 1)
(82, 84, 99, 1)
(14, 85, 99, 1)
(16, 85, 99, 1)
(18, 85, 99, 1)
(20, 85, 99, 1)
(24, 85, 99, 1)
(26, 85, 99, 1)
(28, 85, 99, 1)
(30, 85, 99, 1)
(32, 85, 99, 1)
(34, 85, 99, 1)
(38, 85, 99, 1)
(40, 85, 99, 1)
(42, 85, 99, 1)
(44, 85, 99, 1)
(46, 85, 99, 1)
(48, 85, 99, 1)
(52, 85, 99, 1)
(54, 85, 99, 1)
(56, 85, 99, 1)
(58, 85, 99, 1)
(60, 85, 99, 1)
(62, 85, 99, 1)
(66, 85, 99, 1)
(68, 85, 99, 1)
(70, 85, 99, 1)
(72, 85, 99, 1)
(74, 85, 99, 1)
(76, 85, 99, 1)
(80, 85, 99, 1)
(82, 85, 99, 1)
(12, 86, 99, 1)
(13, 86, 99, 1)
(14, 86, 99, 1)
(15, 86, 99, 1)
(16, 86, 99, 1)
(17, 86, 99, 1)
(18, 86, 99, 1)
(19, 86, 99, 1)
(20, 86, 99, 1)
(22, 86, 99, 1)
(23, 86, 99, 1)
(24, 86, 99, 1)
(25, 86, 99, 1)
(26, 86, 99, 1)
(27, 86, 99, 1)
(28, 86, 99, 1)
(29, 86, 99, 1)
(30, 86, 99, 1)
(31, 86, 99, 1)
(32, 86, 99, 1)
(33, 86, 99, 1)
(35, 86, 99, 1)
(36, 86, 99, 1)
(37, 86, 99, 1)
(38, 86, 99, 1)
(39, 86, 99, 1)
(40, 86, 99, 1)
(41, 86, 99, 1)
(42, 86, 99, 1)
(43, 86, 99, 1)
(44, 86, 99, 1)
(45, 86, 99, 1)
(46, 86, 99, 1)
(48, 86, 99, 1)
(49, 86, 99, 1)
(50, 86, 99, 1)
(51, 86, 99, 1)
(52, 86, 99, 1)
(53, 86, 99, 1)
(54, 86, 99, 1)
(55, 86, 99, 1)
(56, 86, 99, 1)
(57, 86, 99, 1)
(58, 86, 99, 1)
(59, 86, 99, 1)
(61, 86, 99, 1)
(62, 86, 99, 1)
(63, 86, 99, 1)
(64, 86, 99, 1)
(65, 86, 99, 1)
(66, 86, 99, 1)
(67, 86, 99, 1)
(68, 86, 99, 1)
(69, 86, 99, 1)
(70, 86, 99, 1)
(71, 86, 99, 1)
(72, 86, 99, 1)
(74, 86, 99, 1)
(75, 86, 99, 1)
(76, 86, 99, 1)
(77, 86, 99, 1)
(78, 86, 99, 1)
(79, 86, 99, 1)
(80, 86, 99, 1)
(81, 86, 99, 1)
(82, 86, 99, 1)
(83, 86, 99, 1)
(84, 86, 99, 1)
(14, 87, 99, 1)
(16, 87, 99, 1)
(20, 87, 99, 1)
(22, 87, 99, 1)
(26, 87, 99, 1)
(28, 87, 99, 1)
(32, 87, 99, 1)
(34, 87, 99, 1)
(38, 87, 99, 1)
(40, 87, 99, 1)
(44, 87, 99, 1)
(46, 87, 99, 1)
(50, 87, 99, 1)
(52, 87, 99, 1)
(56, 87, 99, 1)
(58, 87, 99, 1)
(62, 87, 99, 1)
(64, 87, 99, 1)
(68, 87, 99, 1)
(70, 87, 99, 1)
(74, 87, 99, 1)
(76, 87, 99, 1)
(80, 87, 99, 1)
(82, 87, 99, 1)
(12, 88, 99, 1)
(13, 88, 99, 1)
(14, 88, 99, 1)
(15, 88, 99, 1)
(16, 88, 99, 1)
(17, 88, 99, 1)
(18, 88, 99, 1)
(19, 88, 99, 1)
(20, 88, 99, 1)
(21, 88, 99, 1)
(23, 88, 99, 1)
(24, 88, 99, 1)
(25, 88, 99, 1)
(26, 88, 99, 1)
(27, 88, 99, 1)
(28, 88, 99, 1)
(29, 88, 99, 1)
(30, 88, 99, 1)
(31, 88, 99, 1)
(32, 88, 99, 1)
(34, 88, 99, 1)
(35, 88, 99, 1)
(36, 88, 99, 1)
(37, 88, 99, 1)
(38, 88, 99, 1)
(39, 88, 99, 1)
(40, 88, 99, 1)
(41, 88, 99, 1)
(42, 88, 99, 1)
(43, 88, 99, 1)
(45, 88, 99, 1)
(46, 88, 99, 1)
(47, 88, 99, 1)
(48, 88, 99, 1)
(49, 88, 99, 1)
(50, 88, 99, 1)
(51, 88, 99, 1)
(52, 88, 99, 1)
(53, 88, 99, 1)
(54, 88, 99, 1)
(56, 88, 99, 1)
(57, 88, 99, 1)
(58, 88, 99, 1)
(59, 88, 99, 1)
(60, 88, 99, 1)
(61, 88, 99, 1)
(62, 88, 99, 1)
(63, 88, 99, 1)
(64, 88, 99, 1)
(65, 88, 99, 1)
(67, 88, 99, 1)
(68, 88, 99, 1)
(69, 88, 99, 1)
(70, 88, 99, 1)
(71, 88, 99, 1)
(72, 88, 99, 1)
(73, 88, 99, 1)
(74, 88, 99, 1)
(75, 88, 99, 1)
(76, 88, 99, 1)
(78, 88, 99, 1)
(79, 88, 99, 1)
(80, 88, 99, 1)
(81, 88, 99, 1)
(82, 88, 99, 1)
(83, 88, 99, 1)
(84, 88, 99, 1)
(85, 88, 99, 1)
(86, 88, 99, 1)
(10, 89, 99, 1)
(12, 89, 99, 1)
(16, 89, 99, 1)
(18, 89, 99, 1)
(20, 89, 99, 1)
(22, 89, 99, 1)
(26, 89, 99, 1)
(28, 89, 99, 1)
(30, 89, 99, 1)
(32, 89, 99, 1)
(36, 89, 99, 1)
(38, 89, 99, 1)
(40, 89, 99, 1)
(42, 89, 99, 1)
(46, 89, 99, 1)
(48, 89, 99, 1)
(50, 89, 99, 1)
(52, 89, 99, 1)
(56, 89, 99, 1)
(58, 89, 99, 1)
(60, 89, 99, 1)
(62, 89, 99, 1)
(66, 89, 99, 1)
(68, 89, 99, 1)
(70, 89, 99, 1)
(72, 89, 99, 1)
(76, 89, 99, 1)
(78, 89, 99, 1)
(80, 89, 99, 1)
(82, 89, 99, 1)
(86, 89, 99, 1)
(10, 90, 99, 1)
(11, 90, 99, 1)
(13, 90, 99, 1)
(14, 90, 99, 1)
(16, 90, 99, 1)
(17, 90, 99, 1)
(19, 90, 99, 1)
(20, 90, 99, 1)
(22, 90, 99, 1)
(23, 90, 99, 1)
(25, 90, 99, 1)
(26, 90, 99, 1)
(28, 90, 99, 1)
(29, 90, 99, 1)
(31, 90, 99, 1)
(32, 90, 99, 1)
(34, 90, 99, 1)
(35, 90, 99, 1)
(37, 90, 99, 1)
(38, 90, 99, 1)
(40, 90, 99, 1)
(41, 90, 99, 1)
(43, 90, 99, 1)
(44, 90, 99, 1)
(46, 90, 99, 1)
(47, 90, 99, 1)
(49, 90, 99, 1)
(50, 90, 99, 1)
(52, 90, 99, 1)
(53, 90, 99, 1)
(55, 90, 99, 1)
(56, 90, 99, 1)
(58, 90, 99, 1)
(59, 90, 99, 1)
(61, 90, 99, 1)
(62, 90, 99, 1)
(64, 90, 99, 1)
(65, 90, 99, 1)
(67, 90, 99, 1)
(68, 90, 99, 1)
(70, 90, 99, 1)
(71, 90, 99, 1)
(73, 90, 99, 1)
(74, 90, 99, 1)
(76, 90, 99, 1)
(77, 90, 99, 1)
(79, 90, 99, 1)
(80, 90, 99, 1)
(82, 90, 99, 1)
(83, 90, 99, 1)
(85, 90, 99, 1)
(86, 90, 99, 1)
(88, 90, 99, 1)
(8, 91, 99, 1)
(10, 91, 99, 1)
(12, 91, 99, 1)
(14, 91, 99, 1)
(16, 91, 99, 1)
(18, 91, 99, 1)
(20, 91, 99, 1)
(22, 91, 99, 1)
(24, 91, 99, 1)
(26, 91, 99, 1)
(28, 91, 99, 1)
(30, 91, 99, 1)
(32, 91, 99, 1)
(34, 91, 99, 1)
(36, 91, 99, 1)
(38, 91, 99, 1)
(40, 91, 99, 1)
(42, 91, 99, 1)
(44, 91, 99, 1)
(46, 91, 99, 1)
(48, 91, 99, 1)
(50, 91, 99, 1)
(52, 91, 99, 1)
(54, 91, 99, 1)
(56, 91, 99, 1)
(58, 91, 99, 1)
(60, 91, 99, 1)
(62, 91, 99, 1)
(64, 91, 99, 1)
(66, 91, 99, 1)
(68, 91, 99, 1)
(70, 91, 99, 1)
(72, 91, 99, 1)
(74, 91, 99, 1)
(76, 91, 99, 1)
(78, 91, 99, 1)
(80, 91, 99, 1)
(82, 91, 99, 1)
(84, 91, 99, 1)
(86, 91, 99, 1)
(88, 91, 99, 1)
(6, 92, 99, 1)
(7, 92, 99, 1)
(9, 92, 99, 1)
(10, 92, 99, 1)
(11, 92, 99, 1)
(12, 92, 99, 1)
(13, 92, 99, 1)
(14, 92, 99, 1)
(16, 92, 99, 1)
(17, 92, 99, 1)
(18, 92, 99, 1)
(19, 92, 99, 1)
(20, 92, 99, 1)
(21, 92, 99, 1)
(23, 92, 99, 1)
(24, 92, 99, 1)
(25, 92, 99, 1)
(26, 92, 99, 1)
(27, 92, 99, 1)
(28, 92, 99, 1)
(30, 92, 99, 1)
(31, 92, 99, 1)
(32, 92, 99, 1)
(33, 92, 99, 1)
(34, 92, 99, 1)
(35, 92, 99, 1)
(37, 92, 99, 1)
(38, 92, 99, 1)
(39, 92, 99, 1)
(40, 92, 99, 1)
(41, 92, 99, 1)
(42, 92, 99, 1)
(44, 92, 99, 1)
(45, 92, 99, 1)
(46, 92, 99, 1)
(47, 92, 99, 1)
(48, 92, 99, 1)
(49, 92, 99, 1)
(51, 92, 99, 1)
(52, 92, 99, 1)
(53, 92, 99, 1)
(54, 92, 99, 1)
(55, 92, 99, 1)
(56, 92, 99, 1)
(58, 92, 99, 1)
(59, 92, 99, 1)
(60, 92, 99, 1)
(61, 92, 99, 1)
(62, 92, 99, 1)
(63, 92, 99, 1)
(65, 92, 99, 1)
(66, 92, 99, 1)
(67, 92, 99, 1)
(68, 92, 99, 1)
(69, 92, 99, 1)
(70, 92, 99, 1)
(72, 92, 99, 1)
(73, 92, 99, 1)
(74, 92, 99, 1)
(75, 92, 99, 1)
(76, 92, 99, 1)
(77, 92, 99, 1)
(79, 92, 99, 1)
(80, 92, 99, 1)
(81, 92, 99, 1)
(82, 92, 99, 1)
(83, 92, 99, 1)
(84, 92, 99, 1)
(86, 92, 99, 1)
(87, 92, 99, 1)
(88, 92, 99, 1)
(89, 92, 99, 1)
(90, 92, 99, 1)
(8, 93, 99, 1)
(10, 93, 99, 1)
(14, 93, 99, 1)
(16, 93, 99, 1)
(20, 93, 99, 1)
(22, 93, 99, 1)
(26, 93, 99, 1)
(28, 93, 99, 1)
(32, 93, 99, 1)
(34, 93, 99, 1)
(38, 93, 99, 1)
(40, 93, 99, 1)
(44, 93, 99, 1)
(46, 93, 99, 1)
(50, 93, 99, 1)
(52, 93, 99, 1)
(56, 93, 99, 1)
(58, 93, 99, 1)
(62, 93, 99, 1)
(64, 93, 99, 1)
(68, 93, 99, 1)
(70, 93, 99, 1)
(74, 93, 99, 1)
(76, 93, 99, 1)
(80, 93, 99, 1)
(82, 93, 99, 1)
(86, 93, 99, 1)
(88, 93, 99, 1)
(5, 94, 99, 1)
(6, 94, 99, 1)
(7, 94, 99, 1)
(8, 94, 99, 1)
(10, 94, 99, 1)
(11, 94, 99, 1)
(12, 94, 99, 1)
(13, 94, 99, 1)
(15, 94, 99, 1)
(16, 94, 99, 1)
(17, 94, 99, 1)
(18, 94, 99, 1)
(20, 94, 99, 1)
(21, 94, 99, 1)
(22, 94, 99, 1)
(23, 94, 99, 1)
(25, 94, 99, 1)
(26, 94, 99, 1)
(27, 94, 99, 1)
(28, 94, 99, 1)
(30, 94, 99, 1)
(31, 94, 99, 1)
(32, 94, 99, 1)
(33, 94, 99, 1)
(35, 94, 99, 1)
(36, 94, 99, 1)
(37, 94, 99, 1)
(38, 94, 99, 1)
(40, 94, 99, 1)
(41, 94, 99, 1)
(42, 94, 99, 1)
(43, 94, 99, 1)
(45, 94, 99, 1)
(46, 94, 99, 1)
(47, 94, 99, 1)
(48, 94, 99, 1)
(50, 94, 99, 1)
(51, 94, 99, 1)
(52, 94, 99, 1)
(53, 94, 99, 1)
(55, 94, 99, 1)
(56, 94, 99, 1)
(57, 94, 99, 1)
(58, 94, 99, 1)
(60, 94, 99, 1)
(61, 94, 99, 1)
(62, 94, 99, 1)
(63, 94, 99, 1)
(65, 94, 99, 1)
(66, 94, 99, 1)
(67, 94, 99, 1)
(68, 94, 99, 1)
(70, 94, 99, 1)
(71, 94, 99, 1)
(72, 94, 99, 1)
(73, 94, 99, 1)
(75, 94, 99, 1)
(76, 94, 99, 1)
(77, 94, 99, 1)
(78, 94, 99, 1)
(80, 94, 99, 1)
(81, 94, 99, 1)
(82, 94, 99, 1)
(83, 94, 99, 1)
(85, 94, 99, 1)
(86, 94, 99, 1)
(87, 94, 99, 1)
(88, 94, 99, 1)
(90, 94, 99, 1)
(91, 94, 99, 1)
(92, 94, 99, 1)
(4, 95, 99, 1)
(6, 95, 99, 1)
(8, 95, 99, 1)
(10, 95, 99, 1)
(12, 95, 99, 1)
(14, 95, 99, 1)
(16, 95, 99, 1)
(18, 95, 99, 1)
(20, 95, 99, 1)
(22, 95, 99, 1)
(24, 95, 99, 1)
(26, 95, 99, 1)
(28, 95, 99, 1)
(30, 95, 99, 1)
(32, 95, 99, 1)
(34, 95, 99, 1)
(36, 95, 99, 1)
(38, 95, 99, 1)
(40, 95, 99, 1)
(42, 95, 99, 1)
(44, 95, 99, 1)
(46, 95, 99, 1)
(48, 95, 99, 1)
(50, 95, 99, 1)
(52, 95, 99, 1)
(54, 95, 99, 1)
(56, 95, 99, 1)
(58, 95, 99, 1)
(60, 95, 99, 1)
(62, 95, 99, 1)
(64, 95, 99, 1)
(66, 95, 99, 1)
(68, 95, 99, 1)
(70, 95, 99, 1)
(72, 95, 99, 1)
(74, 95, 99, 1)
(76, 95, 99, 1)
(78, 95, 99, 1)
(80, 95, 99, 1)
(82, 95, 99, 1)
(84, 95, 99, 1)
(86, 95, 99, 1)
(88, 95, 99, 1)
(90, 95, 99, 1)
(92, 95, 99, 1)
(4, 96, 99, 1)
(5, 96, 99, 1)
(7, 96, 99, 1)
(8, 96, 99, 1)
(10, 96, 99, 1)
(11, 96, 99, 1)
(13, 96, 99, 1)
(14, 96, 99, 1)
(16, 96, 99, 1)
(17, 96, 99, 1)
(19, 96, 99, 1)
(20, 96, 99, 1)
(22, 96, 99, 1)
(23, 96, 99, 1)
(25, 96, 99, 1)
(26, 96, 99, 1)
(28, 96, 99, 1)
(29, 96, 99, 1)
(31, 96, 99, 1)
(32, 96, 99, 1)
(34, 96, 99, 1)
(35, 96, 99, 1)
(37, 96, 99, 1)
(38, 96, 99, 1)
(40, 96, 99, 1)
(41, 96, 99, 1)
(43, 96, 99, 1)
(44, 96, 99, 1)
(46, 96, 99, 1)
(47, 96, 99, 1)
(49, 96, 99, 1)
(50, 96, 99, 1)
(52, 96, 99, 1)
(53, 96, 99, 1)
(55, 96, 99, 1)
(56, 96, 99, 1)
(58, 96, 99, 1)
(59, 96, 99, 1)
(61, 96, 99, 1)
(62, 96, 99, 1)
(64, 96, 99, 1)
(65, 96, 99, 1)
(67, 96, 99, 1)
(68, 96, 99, 1)
(70, 96, 99, 1)
(71, 96, 99, 1)
(73, 96, 99, 1)
(74, 96, 99, 1)
(76, 96, 99, 1)
(77, 96, 99, 1)
(79, 96, 99, 1)
(80, 96, 99, 1)
(82, 96, 99, 1)
(83, 96, 99, 1)
(85, 96, 99, 1)
(86, 96, 99, 1)
(88, 96, 99, 1)
(89, 96, 99, 1)
(91, 96, 99, 1)
(92, 96, 99, 1)
(94, 96, 99, 1)
(50, 53, 100, 1)
(47, 54, 100, 1)
(49, 54, 100, 1)
(51, 54, 100, 1)
(48, 55, 100, 1)
(47, 56, 100, 1)
(51, 56, 100, 1)
(46, 57, 100, 1)
(50, 57, 100, 1)
(54, 57, 100, 1)
(45, 58, 100, 1)
(47, 58, 100, 1)
(53, 58, 100, 1)
(42, 59, 100, 1)
(44, 59, 100, 1)
(46, 59, 100, 1)
(48, 59, 100, 1)
(50, 59, 100, 1)
(52, 59, 100, 1)
(54, 59, 100, 1)
(56, 59, 100, 1)
(43, 60, 100, 1)
(47, 60, 100, 1)
(51, 60, 100, 1)
(42, 61, 100, 1)
(50, 61, 100, 1)
(54, 61, 100, 1)
(39, 62, 100, 1)
(41, 62, 100, 1)
(45, 62, 100, 1)
(47, 62, 100, 1)
(49, 62, 100, 1)
(51, 62, 100, 1)
(53, 62, 100, 1)
(55, 62, 100, 1)
(57, 62, 100, 1)
(59, 62, 100, 1)
(38, 63, 100, 1)
(40, 63, 100, 1)
(42, 63, 100, 1)
(44, 63, 100, 1)
(46, 63, 100, 1)
(48, 63, 100, 1)
(50, 63, 100, 1)
(52, 63, 100, 1)
(54, 63, 100, 1)
(56, 63, 100, 1)
(58, 63, 100, 1)
(60, 63, 100, 1)
(39, 64, 100, 1)
(47, 64, 100, 1)
(51, 64, 100, 1)
(59, 64, 100, 1)
(38, 65, 100, 1)
(42, 65, 100, 1)
(46, 65, 100, 1)
(54, 65, 100, 1)
(62, 65, 100, 1)
(35, 66, 100, 1)
(37, 66, 100, 1)
(39, 66, 100, 1)
(41, 66, 100, 1)
(43, 66, 100, 1)
(45, 66, 100, 1)
(47, 66, 100, 1)
(51, 66, 100, 1)
(53, 66, 100, 1)
(55, 66, 100, 1)
(57, 66, 100, 1)
(59, 66, 100, 1)
(61, 66, 100, 1)
(63, 66, 100, 1)
(36, 67, 100, 1)
(38, 67, 100, 1)
(42, 67, 100, 1)
(44, 67, 100, 1)
(48, 67, 100, 1)
(50, 67, 100, 1)
(54, 67, 100, 1)
(60, 67, 100, 1)
(62, 67, 100, 1)
(35, 68, 100, 1)
(39, 68, 100, 1)
(43, 68, 100, 1)
(47, 68, 100, 1)
(51, 68, 100, 1)
(55, 68, 100, 1)
(59, 68, 100, 1)
(63, 68, 100, 1)
(34, 69, 100, 1)
(42, 69, 100, 1)
(46, 69, 100, 1)
(50, 69, 100, 1)
(54, 69, 100, 1)
(58, 69, 100, 1)
(62, 69, 100, 1)
(66, 69, 100, 1)
(33, 70, 100, 1)
(39, 70, 100, 1)
(41, 70, 100, 1)
(47, 70, 100, 1)
(51, 70, 100, 1)
(53, 70, 100, 1)
(57, 70, 100, 1)
(59, 70, 100, 1)
(63, 70, 100, 1)
(30, 71, 100, 1)
(32, 71, 100, 1)
(34, 71, 100, 1)
(36, 71, 100, 1)
(38, 71, 100, 1)
(40, 71, 100, 1)
(44, 71, 100, 1)
(46, 71, 100, 1)
(48, 71, 100, 1)
(50, 71, 100, 1)
(52, 71, 100, 1)
(54, 71, 100, 1)
(56, 71, 100, 1)
(58, 71, 100, 1)
(60, 71, 100, 1)
(62, 71, 100, 1)
(64, 71, 100, 1)
(66, 71, 100, 1)
(68, 71, 100, 1)
(31, 72, 100, 1)
(35, 72, 100, 1)
(39, 72, 100, 1)
(43, 72, 100, 1)
(47, 72, 100, 1)
(55, 72, 100, 1)
(59, 72, 100, 1)
(63, 72, 100, 1)
(67, 72, 100, 1)
(30, 73, 100, 1)
(38, 73, 100, 1)
(42, 73, 100, 1)
(50, 73, 100, 1)
(54, 73, 100, 1)
(62, 73, 100, 1)
(66, 73, 100, 1)
(27, 74, 100, 1)
(29, 74, 100, 1)
(31, 74, 100, 1)
(33, 74, 100, 1)
(37, 74, 100, 1)
(39, 74, 100, 1)
(41, 74, 100, 1)
(43, 74, 100, 1)
(45, 74, 100, 1)
(47, 74, 100, 1)
(49, 74, 100, 1)
(51, 74, 100, 1)
(53, 74, 100, 1)
(55, 74, 100, 1)
(57, 74, 100, 1)
(59, 74, 100, 1)
(63, 74, 100, 1)
(65, 74, 100, 1)
(67, 74, 100, 1)
(69, 74, 100, 1)
(71, 74, 100, 1)
(26, 75, 100, 1)
(28, 75, 100, 1)
(32, 75, 100, 1)
(34, 75, 100, 1)
(36, 75, 100, 1)
(38, 75, 100, 1)
(42, 75, 100, 1)
(44, 75, 100, 1)
(46, 75, 100, 1)
(48, 75, 100, 1)
(52, 75, 100, 1)
(54, 75, 100, 1)
(56, 75, 100, 1)
(58, 75, 100, 1)
(62, 75, 100, 1)
(64, 75, 100, 1)
(66, 75, 100, 1)
(68, 75, 100, 1)
(72, 75, 100, 1)
(27, 76, 100, 1)
(35, 76, 100, 1)
(39, 76, 100, 1)
(47, 76, 100, 1)
(51, 76, 100, 1)
(59, 76, 100, 1)
(63, 76, 100, 1)
(71, 76, 100, 1)
(26, 77, 100, 1)
(30, 77, 100, 1)
(34, 77, 100, 1)
(38, 77, 100, 1)
(42, 77, 100, 1)
(46, 77, 100, 1)
(50, 77, 100, 1)
(58, 77, 100, 1)
(62, 77, 100, 1)
(66, 77, 100, 1)
(70, 77, 100, 1)
(74, 77, 100, 1)
(25, 78, 100, 1)
(27, 78, 100, 1)
(29, 78, 100, 1)
(31, 78, 100, 1)
(33, 78, 100, 1)
(35, 78, 100, 1)
(37, 78, 100, 1)
(39, 78, 100, 1)
(41, 78, 100, 1)
(43, 78, 100, 1)
(47, 78, 100, 1)
(49, 78, 100, 1)
(51, 78, 100, 1)
(53, 78, 100, 1)
(55, 78, 100, 1)
(57, 78, 100, 1)
(59, 78, 100, 1)
(61, 78, 100, 1)
(63, 78, 100, 1)
(65, 78, 100, 1)
(69, 78, 100, 1)
(71, 78, 100, 1)
(73, 78, 100, 1)
(75, 78, 100, 1)
(24, 79, 100, 1)
(26, 79, 100, 1)
(32, 79, 100, 1)
(36, 79, 100, 1)
(38, 79, 100, 1)
(42, 79, 100, 1)
(48, 79, 100, 1)
(50, 79, 100, 1)
(54, 79, 100, 1)
(56, 79, 100, 1)
(60, 79, 100, 1)
(62, 79, 100, 1)
(66, 79, 100, 1)
(68, 79, 100, 1)
(74, 79, 100, 1)
(23, 80, 100, 1)
(27, 80, 100, 1)
(31, 80, 100, 1)
(39, 80, 100, 1)
(43, 80, 100, 1)
(47, 80, 100, 1)
(51, 80, 100, 1)
(59, 80, 100, 1)
(63, 80, 100, 1)
(67, 80, 100, 1)
(71, 80, 100, 1)
(22, 81, 100, 1)
(26, 81, 100, 1)
(30, 81, 100, 1)
(34, 81, 100, 1)
(38, 81, 100, 1)
(42, 81, 100, 1)
(46, 81, 100, 1)
(50, 81, 100, 1)
(54, 81, 100, 1)
(58, 81, 100, 1)
(66, 81, 100, 1)
(70, 81, 100, 1)
(74, 81, 100, 1)
(78, 81, 100, 1)
(21, 82, 100, 1)
(23, 82, 100, 1)
(27, 82, 100, 1)
(29, 82, 100, 1)
(33, 82, 100, 1)
(35, 82, 100, 1)
(39, 82, 100, 1)
(41, 82, 100, 1)
(45, 82, 100, 1)
(47, 82, 100, 1)
(51, 82, 100, 1)
(53, 82, 100, 1)
(57, 82, 100, 1)
(59, 82, 100, 1)
(63, 82, 100, 1)
(65, 82, 100, 1)
(69, 82, 100, 1)
(71, 82, 100, 1)
(75, 82, 100, 1)
(77, 82, 100, 1)
(18, 83, 100, 1)
(20, 83, 100, 1)
(22, 83, 100, 1)
(24, 83, 100, 1)
(26, 83, 100, 1)
(28, 83, 100, 1)
(30, 83, 100, 1)
(34, 83, 100, 1)
(36, 83, 100, 1)
(38, 83, 100, 1)
(40, 83, 100, 1)
(42, 83, 100, 1)
(44, 83, 100, 1)
(46, 83, 100, 1)
(48, 83, 100, 1)
(50, 83, 100, 1)
(52, 83, 100, 1)
(54, 83, 100, 1)
(56, 83, 100, 1)
(58, 83, 100, 1)
(60, 83, 100, 1)
(62, 83, 100, 1)
(64, 83, 100, 1)
(68, 83, 100, 1)
(70, 83, 100, 1)
(72, 83, 100, 1)
(74, 83, 100, 1)
(76, 83, 100, 1)
(78, 83, 100, 1)
(80, 83, 100, 1)
(19, 84, 100, 1)
(23, 84, 100, 1)
(27, 84, 100, 1)
(31, 84, 100, 1)
(35, 84, 100, 1)
(39, 84, 100, 1)
(43, 84, 100, 1)
(47, 84, 100, 1)
(51, 84, 100, 1)
(55, 84, 100, 1)
(59, 84, 100, 1)
(63, 84, 100, 1)
(67, 84, 100, 1)
(71, 84, 100, 1)
(75, 84, 100, 1)
(79, 84, 100, 1)
(18, 85, 100, 1)
(26, 85, 100, 1)
(38, 85, 100, 1)
(42, 85, 100, 1)
(54, 85, 100, 1)
(62, 85, 100, 1)
(66, 85, 100, 1)
(74, 85, 100, 1)
(78, 85, 100, 1)
(15, 86, 100, 1)
(17, 86, 100, 1)
(19, 86, 100, 1)
(21, 86, 100, 1)
(25, 86, 100, 1)
(27, 86, 100, 1)
(29, 86, 100, 1)
(31, 86, 100, 1)
(33, 86, 100, 1)
(35, 86, 100, 1)
(39, 86, 100, 1)
(41, 86, 100, 1)
(43, 86, 100, 1)
(45, 86, 100, 1)
(47, 86, 100, 1)
(49, 86, 100, 1)
(53, 86, 100, 1)
(55, 86, 100, 1)
(57, 86, 100, 1)
(59, 86, 100, 1)
(61, 86, 100, 1)
(63, 86, 100, 1)
(67, 86, 100, 1)
(69, 86, 100, 1)
(71, 86, 100, 1)
(73, 86, 100, 1)
(75, 86, 100, 1)
(77, 86, 100, 1)
(81, 86, 100, 1)
(83, 86, 100, 1)
(14, 87, 100, 1)
(16, 87, 100, 1)
(18, 87, 100, 1)
(20, 87, 100, 1)
(24, 87, 100, 1)
(26, 87, 100, 1)
(28, 87, 100, 1)
(30, 87, 100, 1)
(32, 87, 100, 1)
(34, 87, 100, 1)
(36, 87, 100, 1)
(38, 87, 100, 1)
(40, 87, 100, 1)
(42, 87, 100, 1)
(44, 87, 100, 1)
(46, 87, 100, 1)
(50, 87, 100, 1)
(52, 87, 100, 1)
(54, 87, 100, 1)
(56, 87, 100, 1)
(58, 87, 100, 1)
(60, 87, 100, 1)
(62, 87, 100, 1)
(64, 87, 100, 1)
(66, 87, 100, 1)
(68, 87, 100, 1)
(70, 87, 100, 1)
(72, 87, 100, 1)
(76, 87, 100, 1)
(78, 87, 100, 1)
(80, 87, 100, 1)
(82, 87, 100, 1)
(84, 87, 100, 1)
(15, 88, 100, 1)
(23, 88, 100, 1)
(27, 88, 100, 1)
(35, 88, 100, 1)
(39, 88, 100, 1)
(47, 88, 100, 1)
(51, 88, 100, 1)
(59, 88, 100, 1)
(63, 88, 100, 1)
(71, 88, 100, 1)
(75, 88, 100, 1)
(83, 88, 100, 1)
(14, 89, 100, 1)
(18, 89, 100, 1)
(22, 89, 100, 1)
(26, 89, 100, 1)
(30, 89, 100, 1)
(38, 89, 100, 1)
(42, 89, 100, 1)
(46, 89, 100, 1)
(50, 89, 100, 1)
(54, 89, 100, 1)
(58, 89, 100, 1)
(62, 89, 100, 1)
(66, 89, 100, 1)
(70, 89, 100, 1)
(74, 89, 100, 1)
(82, 89, 100, 1)
(86, 89, 100, 1)
(11, 90, 100, 1)
(13, 90, 100, 1)
(17, 90, 100, 1)
(19, 90, 100, 1)
(21, 90, 100, 1)
(23, 90, 100, 1)
(27, 90, 100, 1)
(29, 90, 100, 1)
(31, 90, 100, 1)
(33, 90, 100, 1)
(37, 90, 100, 1)
(39, 90, 100, 1)
(41, 90, 100, 1)
(43, 90, 100, 1)
(47, 90, 100, 1)
(49, 90, 100, 1)
(51, 90, 100, 1)
(53, 90, 100, 1)
(57, 90, 100, 1)
(59, 90, 100, 1)
(61, 90, 100, 1)
(63, 90, 100, 1)
(67, 90, 100, 1)
(69, 90, 100, 1)
(71, 90, 100, 1)
(73, 90, 100, 1)
(77, 90, 100, 1)
(79, 90, 100, 1)
(81, 90, 100, 1)
(83, 90, 100, 1)
(87, 90, 100, 1)
(12, 91, 100, 1)
(14, 91, 100, 1)
(18, 91, 100, 1)
(20, 91, 100, 1)
(24, 91, 100, 1)
(26, 91, 100, 1)
(30, 91, 100, 1)
(32, 91, 100, 1)
(36, 91, 100, 1)
(38, 91, 100, 1)
(42, 91, 100, 1)
(44, 91, 100, 1)
(48, 91, 100, 1)
(50, 91, 100, 1)
(54, 91, 100, 1)
(56, 91, 100, 1)
(60, 91, 100, 1)
(62, 91, 100, 1)
(66, 91, 100, 1)
(68, 91, 100, 1)
(72, 91, 100, 1)
(74, 91, 100, 1)
(78, 91, 100, 1)
(80, 91, 100, 1)
(84, 91, 100, 1)
(86, 91, 100, 1)
(11, 92, 100, 1)
(15, 92, 100, 1)
(19, 92, 100, 1)
(23, 92, 100, 1)
(27, 92, 100, 1)
(31, 92, 100, 1)
(35, 92, 100, 1)
(39, 92, 100, 1)
(43, 92, 100, 1)
(47, 92, 100, 1)
(51, 92, 100, 1)
(55, 92, 100, 1)
(59, 92, 100, 1)
(63, 92, 100, 1)
(67, 92, 100, 1)
(71, 92, 100, 1)
(75, 92, 100, 1)
(79, 92, 100, 1)
(83, 92, 100, 1)
(87, 92, 100, 1)
(10, 93, 100, 1)
(14, 93, 100, 1)
(18, 93, 100, 1)
(22, 93, 100, 1)
(26, 93, 100, 1)
(34, 93, 100, 1)
(38, 93, 100, 1)
(42, 93, 100, 1)
(46, 93, 100, 1)
(50, 93, 100, 1)
(54, 93, 100, 1)
(62, 93, 100, 1)
(66, 93, 100, 1)
(70, 93, 100, 1)
(74, 93, 100, 1)
(78, 93, 100, 1)
(82, 93, 100, 1)
(90, 93, 100, 1)
(9, 94, 100, 1)
(11, 94, 100, 1)
(15, 94, 100, 1)
(17, 94, 100, 1)
(21, 94, 100, 1)
(23, 94, 100, 1)
(27, 94, 100, 1)
(29, 94, 100, 1)
(33, 94, 100, 1)
(35, 94, 100, 1)
(39, 94, 100, 1)
(41, 94, 100, 1)
(45, 94, 100, 1)
(47, 94, 100, 1)
(51, 94, 100, 1)
(53, 94, 100, 1)
(57, 94, 100, 1)
(59, 94, 100, 1)
(63, 94, 100, 1)
(65, 94, 100, 1)
(69, 94, 100, 1)
(71, 94, 100, 1)
(75, 94, 100, 1)
(77, 94, 100, 1)
(81, 94, 100, 1)
(83, 94, 100, 1)
(87, 94, 100, 1)
(89, 94, 100, 1)
(6, 95, 100, 1)
(8, 95, 100, 1)
(12, 95, 100, 1)
(14, 95, 100, 1)
(16, 95, 100, 1)
(18, 95, 100, 1)
(22, 95, 100, 1)
(24, 95, 100, 1)
(26, 95, 100, 1)
(28, 95, 100, 1)
(32, 95, 100, 1)
(34, 95, 100, 1)
(36, 95, 100, 1)
(38, 95, 100, 1)
(42, 95, 100, 1)
(44, 95, 100, 1)
(46, 95, 100, 1)
(48, 95, 100, 1)
(52, 95, 100, 1)
(54, 95, 100, 1)
(56, 95, 100, 1)
(58, 95, 100, 1)
(62, 95, 100, 1)
(64, 95, 100, 1)
(66, 95, 100, 1)
(68, 95, 100, 1)
(72, 95, 100, 1)
(74, 95, 100, 1)
(76, 95, 100, 1)
(78, 95, 100, 1)
(82, 95, 100, 1)
(84, 95, 100, 1)
(86, 95, 100, 1)
(88, 95, 100, 1)
(92, 95, 100, 1)
(7, 96, 100, 1)
(11, 96, 100, 1)
(15, 96, 100, 1)
(19, 96, 100, 1)
(23, 96, 100, 1)
(27, 96, 100, 1)
(31, 96, 100, 1)
(35, 96, 100, 1)
(39, 96, 100, 1)
(43, 96, 100, 1)
(47, 96, 100, 1)
(51, 96, 100, 1)
(55, 96, 100, 1)
(59, 96, 100, 1)
(63, 96, 100, 1)
(67, 96, 100, 1)
(71, 96, 100, 1)
(75, 96, 100, 1)
(79, 96, 100, 1)
(83, 96, 100, 1)
(87, 96, 100, 1)
(91, 96, 100, 1)
(6, 97, 100, 1)
(14, 97, 100, 1)
(18, 97, 100, 1)
(26, 97, 100, 1)
(30, 97, 100, 1)
(38, 97, 100, 1)
(42, 97, 100, 1)
(50, 97, 100, 1)
(54, 97, 100, 1)
(62, 97, 100, 1)
(66, 97, 100, 1)
(74, 97, 100, 1)
(78, 97, 100, 1)
(86, 97, 100, 1)
(90, 97, 100, 1)
